Year,Economy,Economy Label,TEU (Twenty foot Equivalent Unit),TEU (Twenty foot Equivalent Unit) Footnote,TEU (Twenty foot Equivalent Unit) Missing value
2010,0000,"World",545520944,,
2010,5100,"Africa",23416816,,
2010,5110,"Northern Africa",12024778,,
2010,5120,"Sub-Saharan Africa",11392038,,
2010,5121,"Eastern Africa",2297961,,
2010,5122,"Middle Africa",1478340,,
2010,5123,"Southern Africa",4233278,,
2010,5124,"Western Africa",3382459,,
2010,5200,"Americas",84179473,,
2010,5210,"Northern America",44937011,,
2010,5220,"Latin America and the Caribbean",39242462,,
2010,5221,"Caribbean",7673944,,
2010,5222,"Central America",12145350,,
2010,5223,"South America",19423168,,
2010,5300,"Asia",342459718,,
2010,5330,"Eastern Asia",211698789,,
2010,5350,"South-eastern Asia",74642005,,
2010,5320,"Southern Asia",19910416,,
2010,5340,"Western Asia",36208508,,
2010,5400,"Europe",86188340,,
2010,5410,"Eastern Europe",5758409,,
2010,5420,"Northern Europe",13928125,,
2010,5430,"Southern Europe",28225543,,
2010,5440,"Western Europe",38276263,,
2010,5500,"Oceania",9276596,,
2010,5520,"Australia and New Zealand",8769308,,
2010,5510,"Oceania excluding Australia and New Zealand",507288,,
2010,008,"Albania",70000,,
2010,012,"Algeria",1198828,,
2010,024,"Angola",611050,,
2010,028,"Antigua and Barbuda",24615,,
2010,032,"Argentina",2017388,,
2010,533,"Aruba",49558,,
2010,036,"Australia",6451689,,
2010,044,"Bahamas",1155000,,
2010,048,"Bahrain",367589,,
2010,050,"Bangladesh",1364139,,
2010,052,"Barbados",80424,,
2010,056,"Belgium",9988291,,
2010,084,"Belize",31917,,
2010,076,"Brazil",7223103,,
2010,096,"Brunei Darussalam",86000,,
2010,100,"Bulgaria",142611,,
2010,132,"Cabo Verde",54873,,
2010,116,"Cambodia",222928,,
2010,120,"Cameroon",290000,,
2010,124,"Canada",4670790,,
2010,136,"Cayman Islands",45649,,
2010,152,"Chile",3157758,,
2010,156,"China",136044183,,
2010,344,"China, Hong Kong SAR",23699000,,
2010,158,"China, Taiwan Province of",12736948,,
2010,170,"Colombia",2446523,,
2010,178,"Congo",355000,,
2010,188,"Costa Rica",1013483,,
2010,384,"Cote d'Ivoire",717700,,
2010,191,"Croatia",160600,,
2010,192,"Cuba",228346,,
2010,531,"Curacao",,,"Not applicable"
2010,196,"Cyprus",349163,,
2010,180,"Dem. Rep. of the Congo",59133,,
2010,208,"Denmark",698012,,
2010,262,"Djibouti",406407,,
2010,214,"Dominican Republic",1382905,,
2010,218,"Ecuador",1209347,,
2010,818,"Egypt",6715321,,
2010,222,"El Salvador",145774,,
2010,226,"Equatorial Guinea",9500,,
2010,233,"Estonia",,,"Not publishable"
2010,246,"Finland",1219391,,
2010,250,"France",3915704,,
2010,254,"French Guiana",39372,,
2010,258,"French Polynesia",68889,,
2010,266,"Gabon",153657,,
2010,268,"Georgia",242433,,
2010,276,"Germany",13037702,,
2010,288,"Ghana",643188,,
2010,300,"Greece",1177767,,
2010,308,"Grenada",15011,,
2010,312,"Guadeloupe",150540,,
2010,316,"Guam",183214,,
2010,320,"Guatemala",970635,,
2010,324,"Guinea",115567,,
2010,328,"Guyana",59850,,
2010,332,"Haiti",163456,,
2010,340,"Honduras",619867,,
2010,352,"Iceland",192778,,
2010,356,"India",9235765,,
2010,360,"Indonesia",8684768,,
2010,364,"Iran (Islamic Republic of)",2966512,,
2010,372,"Ireland",782115,,
2010,376,"Israel",2281552,,
2010,380,"Italy",9762077,,
2010,388,"Jamaica",1891770,,
2010,392,"Japan",20016486,,
2010,400,"Jordan",605659,,
2010,404,"Kenya",695600,,
2010,428,"Latvia",256252,,
2010,422,"Lebanon",949155,,
2010,434,"Libya",259319,,
2010,440,"Lithuania",294954,,
2010,458,"Malaysia",18133368,,
2010,470,"Malta",2414479,,
2010,474,"Martinique",150710,,
2010,480,"Mauritius",332662,,
2010,175,"Mayotte",52316,,
2010,484,"Mexico",3704765,,
2010,499,"Montenegro",27600,,
2010,504,"Morocco",2946000,,
2010,508,"Mozambique",,,"Not publishable"
2010,104,"Myanmar",335346,,
2010,516,"Namibia",247743,,
2010,528,"Netherlands (Kingdom of the)",11334566,,
2010,530,"Netherlands Antilles",164465,,
2010,540,"New Caledonia",90574,,
2010,554,"New Zealand",2317619,,
2010,558,"Nicaragua",68224,,
2010,566,"Nigeria",1162000,,
2010,578,"Norway",636086,,
2010,512,"Oman",3893198,,
2010,586,"Pakistan",2224000,,
2010,591,"Panama",5590685,,
2010,598,"Papua New Guinea",142146,,
2010,604,"Peru",1529846,,
2010,608,"Philippines",5138014,,
2010,616,"Poland",1050345,,
2010,620,"Portugal",1636246,,
2010,630,"Puerto Rico",1525532,,
2010,634,"Qatar",346500,,
2010,410,"Republic of Korea",19202172,,
2010,638,"Reunion",216179,,
2010,642,"Romania",556694,,
2010,643,"Russian Federation",3318499,,
2010,662,"Saint Lucia",52479,,
2010,670,"Saint Vincent and the Grenadines",16967,,
2010,882,"Samoa",22465,,
2010,682,"Saudi Arabia",5313023,,
2010,686,"Senegal",349231,,
2010,702,"Singapore",28431100,,
2010,534,"Sint Maarten (Dutch part)",,,"Not applicable"
2010,705,"Slovenia",476731,,
2010,710,"South Africa",3985535,,
2010,724,"Spain",12500043,,
2010,144,"Sri Lanka",4120000,,
2010,729,"Sudan",,,"Not applicable"
2010,736,"Sudan (...2011)",439100,,
2010,740,"Suriname",59583,,
2010,752,"Sweden",1397145,,
2010,760,"Syrian Arab Republic",586283,,
2010,764,"Thailand",7179449,,
2010,768,"Togo",339900,,
2010,780,"Trinidad and Tobago",576517,,
2010,788,"Tunisia",466210,,
2010,792,"Turkiye",5743429,,
2010,804,"Ukraine",690260,,
2010,784,"United Arab Emirates",15140524,,
2010,826,"United Kingdom",8224935,,
2010,834,"United Republic of Tanzania",359010,,
2010,840,"United States",40266221,,
2010,858,"Uruguay",608712,,
2010,862,"Venezuela (Bolivarian Rep. of)",1071686,,
2010,704,"Viet Nam",6431032,,
2010,887,"Yemen",390000,,
2010,5600,"Asia and Oceania",351736314,,
2010,5702,"Northern America and Europe",131125351,,
2010,5706,"Europe, Northern America, Australia and New Zealand",139894659,,
2010,5703,"Central and Southern Asia",19910416,,
2010,5704,"Eastern and South-Eastern Asia",286340794,,
2010,5705,"Western Asia and Northern Africa",48233286,,
2010,1400,"Developing economies",363776911,,
2010,1410,"Developing economies: Africa",23416816,,
2010,1411,"Developing economies: Northern Africa",12024778,,
2010,1412,"Developing economies: Sub-Saharan Africa",11392038,,
2010,1420,"Developing economies: Americas",39242462,,
2010,1460,"Developing economies: Asia and Oceania",301117633,,
2010,1430,"Developing economies: Asia",300610345,,
2010,1433,"Developing economies: Eastern Asia",172480131,,
2010,1435,"Developing economies: South-eastern Asia",74642005,,
2010,1432,"Developing economies: Southern Asia",19910416,,
2010,1434,"Developing economies: Western Asia",33577793,,
2010,1450,"Developing economies: Oceania",507288,,
2010,1500,"Developed economies",181744032,,
2010,1520,"Developed economies: Americas",44937011,,
2010,1560,"Developed economies: Asia and Oceania",50618681,,
2010,1530,"Developed economies: Asia",41849373,,
2010,1550,"Developed economies: Oceania",8769308,,
2010,1540,"Developed economies: Europe",86188340,,
2010,1600,"Developing economies excluding China",227732728,,
2010,1601,"Developing economies excluding LDCs",358385857,,
2010,1610,"LDCs (Least developed countries)",5391054,,
2010,1614,"LDCs: Africa",2915185,,
2010,1612,"LDCs: Asia",2312413,,
2010,1615,"LDCs: Islands and Haiti",163456,,
2010,1640,"SIDS (Small island developing States) (UN-OHRLLS)",37151217,,
2010,1641,"SIDS: Atlantic and Indian Ocean",387535,,
2010,1642,"SIDS: Caribbean",7825294,,
2010,1643,"SIDS: Pacific",28938388,,
2010,2711,"BRICS",193314210,,
2010,3412,"European Union (2020 …)",73986462,,
2010,3916,"G20 (Group of Twenty)",310818234,,
2010,3919,"G-77 (Group of 77)",314913338,,
2010,3905,"OECD (Organisation for Economic Cooperation and Development)",190689201,,
2011,0000,"World",591086757,,
2011,5100,"Africa",25807125,,
2011,5110,"Northern Africa",12658290,,
2011,5120,"Sub-Saharan Africa",13148835,,
2011,5121,"Eastern Africa",2757735,,
2011,5122,"Middle Africa",1778251,,
2011,5123,"Southern Africa",4612969,,
2011,5124,"Western Africa",3999880,,
2011,5200,"Americas",89668724,,
2011,5210,"Northern America",45549061,,
2011,5220,"Latin America and the Caribbean",44119663,,
2011,5221,"Caribbean",7825128,,
2011,5222,"Central America",14031213,,
2011,5223,"South America",22263322,,
2011,5300,"Asia",372762324,,
2011,5330,"Eastern Asia",231869082,,
2011,5350,"South-eastern Asia",80633633,,
2011,5320,"Southern Asia",21219431,,
2011,5340,"Western Asia",39040178,,
2011,5400,"Europe",92985177,,
2011,5410,"Eastern Europe",7178527,,
2011,5420,"Northern Europe",14310511,,
2011,5430,"Southern Europe",30504650,,
2011,5440,"Western Europe",40991489,,
2011,5500,"Oceania",9863406,,
2011,5520,"Australia and New Zealand",9331362,,
2011,5510,"Oceania excluding Australia and New Zealand",532044,,
2011,008,"Albania",76700,,
2011,012,"Algeria",1309432,,
2011,024,"Angola",763851,,
2011,028,"Antigua and Barbuda",21824,,
2011,032,"Argentina",2193269,,
2011,533,"Aruba",,,"Not publishable"
2011,036,"Australia",6865295,,
2011,044,"Bahamas",1146272,,
2011,048,"Bahrain",374823,,
2011,050,"Bangladesh",1419227,,
2011,052,"Barbados",77051,,
2011,056,"Belgium",9901751,,
2011,084,"Belize",34200,,
2011,076,"Brazil",8037427,,
2011,096,"Brunei Darussalam",101397,,
2011,100,"Bulgaria",147594,,
2011,132,"Cabo Verde",55976,,
2011,116,"Cambodia",237941,,
2011,120,"Cameroon",333834,,
2011,124,"Canada",4735750,,
2011,136,"Cayman Islands",44766,,
2011,152,"Chile",3432192,,
2011,156,"China",151800937,,
2011,344,"China, Hong Kong SAR",24404000,,
2011,158,"China, Taiwan Province of",13422647,,
2011,170,"Colombia",2861151,,
2011,178,"Congo",442202,,
2011,188,"Costa Rica",1069348,,
2011,384,"Cote d'Ivoire",766071,,
2011,191,"Croatia",176741,,
2011,192,"Cuba",246773,,
2011,531,"Curacao",94097,,
2011,196,"Cyprus",345817,,
2011,180,"Dem. Rep. of the Congo",66199,,
2011,208,"Denmark",782554,,
2011,262,"Djibouti",703617,,
2011,214,"Dominican Republic",1476007,,
2011,218,"Ecuador",1527372,,
2011,818,"Egypt",7181079,,
2011,222,"El Salvador",161226,,
2011,226,"Equatorial Guinea",9750,,
2011,233,"Estonia",197717,,
2011,246,"Finland",1398619,,
2011,250,"France",3865087,,
2011,254,"French Guiana",31117,,
2011,258,"French Polynesia",72816,,
2011,266,"Gabon",162415,,
2011,268,"Georgia",284446,,
2011,276,"Germany",15199723,,
2011,288,"Ghana",813494,,
2011,300,"Greece",2009704,,
2011,308,"Grenada",14365,,
2011,312,"Guadeloupe",160093,,
2011,316,"Guam",180814,,
2011,320,"Guatemala",1163078,,
2011,324,"Guinea",140052,,
2011,328,"Guyana",52000,,
2011,332,"Haiti",189028,,
2011,340,"Honduras",662815,,
2011,352,"Iceland",199850,,
2011,356,"India",9878067,,
2011,360,"Indonesia",9870882,,
2011,364,"Iran (Islamic Republic of)",3359250,,
2011,372,"Ireland",736557,,
2011,376,"Israel",2413000,,
2011,380,"Italy",9533620,,
2011,388,"Jamaica",1848231,,
2011,392,"Japan",20631007,,
2011,400,"Jordan",705648,,
2011,404,"Kenya",771000,,
2011,428,"Latvia",305239,,
2011,422,"Lebanon",1034249,,
2011,434,"Libya",255879,,
2011,440,"Lithuania",382185,,
2011,458,"Malaysia",20009479,,
2011,470,"Malta",2406652,,
2011,474,"Martinique",147258,,
2011,480,"Mauritius",350624,,
2011,175,"Mayotte",52737,,
2011,484,"Mexico",4226288,,
2011,499,"Montenegro",33100,,
2011,504,"Morocco",3032679,,
2011,508,"Mozambique",220000,"Estimated",
2011,104,"Myanmar",380675,,
2011,516,"Namibia",220178,,
2011,528,"Netherlands (Kingdom of the)",12024928,,
2011,530,"Netherlands Antilles",,,"Not applicable"
2011,540,"New Caledonia",95277,,
2011,554,"New Zealand",2466067,,
2011,558,"Nicaragua",84420,,
2011,566,"Nigeria",1456000,,
2011,578,"Norway",670407,,
2011,512,"Oman",3609140,,
2011,586,"Pakistan",2300000,,
2011,591,"Panama",6629838,,
2011,598,"Papua New Guinea",161717,,
2011,604,"Peru",1826795,,
2011,608,"Philippines",5682561,,
2011,616,"Poland",1357182,,
2011,620,"Portugal",1777207,,
2011,630,"Puerto Rico",1484595,,
2011,634,"Qatar",322000,,
2011,410,"Republic of Korea",21610491,,
2011,638,"Reunion",220295,,
2011,642,"Romania",648548,,
2011,643,"Russian Federation",4226143,,
2011,662,"Saint Lucia",60342,,
2011,670,"Saint Vincent and the Grenadines",16418,,
2011,882,"Samoa",21420,,
2011,682,"Saudi Arabia",5694484,,
2011,686,"Senegal",415592,,
2011,702,"Singapore",29937700,,
2011,534,"Sint Maarten (Dutch part)",76701,,
2011,705,"Slovenia",589314,,
2011,710,"South Africa",4392791,,
2011,724,"Spain",13901612,,
2011,144,"Sri Lanka",4262887,,
2011,729,"Sudan",,,"Not applicable"
2011,736,"Sudan (...2011)",,,"Not publishable"
2011,740,"Suriname",97335,,
2011,752,"Sweden",1495064,,
2011,760,"Syrian Arab Republic",524614,,
2011,764,"Thailand",7527975,,
2011,768,"Togo",352695,,
2011,780,"Trinidad and Tobago",551588,,
2011,788,"Tunisia",440121,,
2011,792,"Turkiye",6523059,,
2011,804,"Ukraine",799060,,
2011,784,"United Arab Emirates",17028713,,
2011,826,"United Kingdom",8142319,,
2011,834,"United Republic of Tanzania",439462,,
2011,840,"United States",40813311,,
2011,858,"Uruguay",861164,,
2011,862,"Venezuela (Bolivarian Rep. of)",1343500,,
2011,704,"Viet Nam",6885023,,
2011,887,"Yemen",,,"Not publishable"
2011,5600,"Asia and Oceania",382625730,,
2011,5702,"Northern America and Europe",138534238,,
2011,5706,"Europe, Northern America, Australia and New Zealand",147865600,,
2011,5703,"Central and Southern Asia",21219431,,
2011,5704,"Eastern and South-Eastern Asia",312502715,,
2011,5705,"Western Asia and Northern Africa",51698468,,
2011,1400,"Developing economies",398220841,,
2011,1410,"Developing economies: Africa",25807125,,
2011,1411,"Developing economies: Northern Africa",12658290,,
2011,1412,"Developing economies: Sub-Saharan Africa",13148835,,
2011,1420,"Developing economies: Americas",44119663,,
2011,1460,"Developing economies: Asia and Oceania",328294053,,
2011,1430,"Developing economies: Asia",327762009,,
2011,1433,"Developing economies: Eastern Asia",189627584,,
2011,1435,"Developing economies: South-eastern Asia",80633633,,
2011,1432,"Developing economies: Southern Asia",21219431,,
2011,1434,"Developing economies: Western Asia",36281361,,
2011,1450,"Developing economies: Oceania",532044,,
2011,1500,"Developed economies",192865915,,
2011,1520,"Developed economies: Americas",45549061,,
2011,1560,"Developed economies: Asia and Oceania",54331677,,
2011,1530,"Developed economies: Asia",45000315,,
2011,1550,"Developed economies: Oceania",9331362,,
2011,1540,"Developed economies: Europe",92985177,,
2011,1600,"Developing economies excluding China",246419904,,
2011,1601,"Developing economies excluding LDCs",392273217,,
2011,1610,"LDCs (Least developed countries)",5947624,,
2011,1614,"LDCs: Africa",3540568,,
2011,1612,"LDCs: Asia",2218028,,
2011,1615,"LDCs: Islands and Haiti",189028,,
2011,1640,"SIDS (Small island developing States) (UN-OHRLLS)",38885007,,
2011,1641,"SIDS: Atlantic and Indian Ocean",406600,,
2011,1642,"SIDS: Caribbean",8008663,,
2011,1643,"SIDS: Pacific",30469744,,
2011,2711,"BRICS",215775289,,
2011,3412,"European Union (2020 …)",79794915,,
2011,3916,"G20 (Group of Twenty)",338239950,,
2011,3919,"G-77 (Group of 77)",346530116,,
2011,3905,"OECD (Organisation for Economic Cooperation and Development)",202729098,,
2012,0000,"World",620931017,,
2012,5100,"Africa",26036436,,
2012,5110,"Northern Africa",11820831,,
2012,5120,"Sub-Saharan Africa",14215605,,
2012,5121,"Eastern Africa",3090451,,
2012,5122,"Middle Africa",2204619,,
2012,5123,"Southern Africa",4687137,,
2012,5124,"Western Africa",4233398,,
2012,5200,"Americas",93634957,,
2012,5210,"Northern America",47006175,,
2012,5220,"Latin America and the Caribbean",46628782,,
2012,5221,"Caribbean",8166901,,
2012,5222,"Central America",15002217,,
2012,5223,"South America",23459664,,
2012,5300,"Asia",395389190,,
2012,5330,"Eastern Asia",246671389,,
2012,5350,"South-eastern Asia",85214262,,
2012,5320,"Southern Asia",20744035,,
2012,5340,"Western Asia",42759504,,
2012,5400,"Europe",95530501,,
2012,5410,"Eastern Europe",8001694,,
2012,5420,"Northern Europe",14306932,,
2012,5430,"Southern Europe",32187852,,
2012,5440,"Western Europe",41034023,,
2012,5500,"Oceania",10339933,,
2012,5520,"Australia and New Zealand",9791350,,
2012,5510,"Oceania excluding Australia and New Zealand",548583,,
2012,008,"Albania",83194,,
2012,012,"Algeria",1400495,,
2012,024,"Angola",1103281,,
2012,028,"Antigua and Barbuda",24449,,
2012,032,"Argentina",1970243,,
2012,533,"Aruba",,,"Not publishable"
2012,036,"Australia",7197262,,
2012,044,"Bahamas",1232000,,
2012,048,"Bahrain",525309,,
2012,050,"Bangladesh",1435045,,
2012,052,"Barbados",72163,,
2012,056,"Belgium",9653447,,
2012,084,"Belize",36978,,
2012,076,"Brazil",8455525,,
2012,096,"Brunei Darussalam",116551,,
2012,100,"Bulgaria",169922,,
2012,132,"Cabo Verde",49207,,
2012,116,"Cambodia",255378,,
2012,120,"Cameroon",351099,,
2012,124,"Canada",5125601,,
2012,136,"Cayman Islands",45400,,
2012,152,"Chile",3514318,,
2012,156,"China",165939400,,
2012,344,"China, Hong Kong SAR",23126000,,
2012,158,"China, Taiwan Province of",13879192,,
2012,170,"Colombia",3381952,,
2012,178,"Congo",509037,,
2012,188,"Costa Rica",1229530,,
2012,384,"Cote d'Ivoire",880104,,
2012,191,"Croatia",172491,,
2012,192,"Cuba",240000,,
2012,531,"Curacao",99191,,
2012,196,"Cyprus",307496,,
2012,180,"Dem. Rep. of the Congo",62665,,
2012,208,"Denmark",763945,,
2012,262,"Djibouti",743273,,
2012,214,"Dominican Republic",1751095,,
2012,218,"Ecuador",1591052,,
2012,818,"Egypt",6424921,,
2012,222,"El Salvador",160982,,
2012,226,"Equatorial Guinea",9625,,
2012,233,"Estonia",227809,,
2012,246,"Finland",1445102,,
2012,250,"France",4076391,,
2012,254,"French Guiana",31002,,
2012,258,"French Polynesia",71866,,
2012,266,"Gabon",168912,,
2012,268,"Georgia",356723,,
2012,276,"Germany",15269690,,
2012,288,"Ghana",882877,,
2012,300,"Greece",3092300,,
2012,308,"Grenada",13920,,
2012,312,"Guadeloupe",211412,,
2012,316,"Guam",173089,,
2012,320,"Guatemala",1158482,,
2012,324,"Guinea",147466,,
2012,328,"Guyana",66000,,
2012,332,"Haiti",164720,,
2012,340,"Honduras",663908,,
2012,352,"Iceland",220518,,
2012,356,"India",10017480,,
2012,360,"Indonesia",10938304,,
2012,364,"Iran (Islamic Republic of)",2739276,,
2012,372,"Ireland",734023,,
2012,376,"Israel",2561000,,
2012,380,"Italy",9674361,,
2012,388,"Jamaica",1855400,,
2012,392,"Japan",21167525,,
2012,400,"Jordan",817434,,
2012,404,"Kenya",903443,,
2012,428,"Latvia",366417,,
2012,422,"Lebanon",1041756,,
2012,434,"Libya",306304,,
2012,440,"Lithuania",381278,,
2012,458,"Malaysia",20491118,,
2012,470,"Malta",2589983,,
2012,474,"Martinique",143728,,
2012,480,"Mauritius",417467,,
2012,175,"Mayotte",51664,,
2012,484,"Mexico",4810170,,
2012,499,"Montenegro",33593,,
2012,504,"Morocco",2790692,,
2012,508,"Mozambique",246000,"Estimated",
2012,104,"Myanmar",474300,,
2012,516,"Namibia",334410,,
2012,528,"Netherlands (Kingdom of the)",12034495,,
2012,530,"Netherlands Antilles",,,"Not applicable"
2012,540,"New Caledonia",96000,,
2012,554,"New Zealand",2594088,,
2012,558,"Nicaragua",94443,,
2012,566,"Nigeria",1583460,,
2012,578,"Norway",687821,,
2012,512,"Oman",4177556,,
2012,586,"Pakistan",2231250,,
2012,591,"Panama",6847724,,
2012,598,"Papua New Guinea",184491,,
2012,604,"Peru",2021881,,
2012,608,"Philippines",5938070,,
2012,616,"Poland",1657432,,
2012,620,"Portugal",1904965,,
2012,630,"Puerto Rico",1423156,,
2012,634,"Qatar",376754,,
2012,410,"Republic of Korea",22559272,,
2012,638,"Reunion",221419,,
2012,642,"Romania",684059,,
2012,643,"Russian Federation",4769980,,
2012,662,"Saint Lucia",83340,,
2012,670,"Saint Vincent and the Grenadines",16826,,
2012,882,"Samoa",23137,,
2012,682,"Saudi Arabia",6624538,,
2012,686,"Senegal",401803,,
2012,702,"Singapore",31649400,,
2012,534,"Sint Maarten (Dutch part)",79807,,
2012,705,"Slovenia",570744,,
2012,710,"South Africa",4352727,,
2012,724,"Spain",14066221,,
2012,144,"Sri Lanka",4320984,,
2012,729,"Sudan",441469,,
2012,736,"Sudan (...2011)",,,"Not applicable"
2012,740,"Suriname",103961,,
2012,752,"Sweden",1501991,,
2012,760,"Syrian Arab Republic",342062,,
2012,764,"Thailand",7845500,,
2012,768,"Togo",288481,,
2012,780,"Trinidad and Tobago",542346,,
2012,788,"Tunisia",456950,,
2012,792,"Turkiye",7302956,,
2012,804,"Ukraine",720301,,
2012,784,"United Arab Emirates",18063296,,
2012,826,"United Kingdom",7978028,,
2012,834,"United Republic of Tanzania",507185,,
2012,840,"United States",41880574,,
2012,858,"Uruguay",753889,,
2012,862,"Venezuela (Bolivarian Rep. of)",1569841,,
2012,704,"Viet Nam",7505641,,
2012,887,"Yemen",262624,,
2012,5600,"Asia and Oceania",405729123,,
2012,5702,"Northern America and Europe",142536676,,
2012,5706,"Europe, Northern America, Australia and New Zealand",152328026,,
2012,5703,"Central and Southern Asia",20744035,,
2012,5704,"Eastern and South-Eastern Asia",331885651,,
2012,5705,"Western Asia and Northern Africa",54580335,,
2012,1400,"Developing economies",422007698,,
2012,1410,"Developing economies: Africa",26036436,,
2012,1411,"Developing economies: Northern Africa",11820831,,
2012,1412,"Developing economies: Sub-Saharan Africa",14215605,,
2012,1420,"Developing economies: Americas",46628782,,
2012,1460,"Developing economies: Asia and Oceania",349342480,,
2012,1430,"Developing economies: Asia",348793897,,
2012,1433,"Developing economies: Eastern Asia",202944592,,
2012,1435,"Developing economies: South-eastern Asia",85214262,,
2012,1432,"Developing economies: Southern Asia",20744035,,
2012,1434,"Developing economies: Western Asia",39891008,,
2012,1450,"Developing economies: Oceania",548583,,
2012,1500,"Developed economies",198923319,,
2012,1520,"Developed economies: Americas",47006175,,
2012,1560,"Developed economies: Asia and Oceania",56386643,,
2012,1530,"Developed economies: Asia",46595293,,
2012,1550,"Developed economies: Oceania",9791350,,
2012,1540,"Developed economies: Europe",95530501,,
2012,1600,"Developing economies excluding China",256068298,,
2012,1601,"Developing economies excluding LDCs",415474008,,
2012,1610,"LDCs (Least developed countries)",6533690,,
2012,1614,"LDCs: Africa",3941623,,
2012,1612,"LDCs: Asia",2427347,,
2012,1615,"LDCs: Islands and Haiti",164720,,
2012,1640,"SIDS (Small island developing States) (UN-OHRLLS)",41038497,,
2012,1641,"SIDS: Atlantic and Indian Ocean",466674,,
2012,1642,"SIDS: Caribbean",8373840,,
2012,1643,"SIDS: Pacific",32197983,,
2012,2711,"BRICS",231700909,,
2012,3412,"European Union (2020 …)",82003787,,
2012,3916,"G20 (Group of Twenty)",360110027,,
2012,3919,"G-77 (Group of 77)",369716975,,
2012,3905,"OECD (Organisation for Economic Cooperation and Development)",210290451,,
2013,0000,"World",641216029,,
2013,5100,"Africa",27390638,,
2013,5110,"Northern Africa",12599913,,
2013,5120,"Sub-Saharan Africa",14790725,,
2013,5121,"Eastern Africa",3131470,,
2013,5122,"Middle Africa",2128111,,
2013,5123,"Southern Africa",4995759,,
2013,5124,"Western Africa",4535385,,
2013,5200,"Americas",95141372,,
2013,5210,"Northern America",48103197,,
2013,5220,"Latin America and the Caribbean",47038175,,
2013,5221,"Caribbean",7657282,,
2013,5222,"Central America",14901832,,
2013,5223,"South America",24479061,,
2013,5300,"Asia",410270787,,
2013,5330,"Eastern Asia",257847161,,
2013,5350,"South-eastern Asia",87663413,,
2013,5320,"Southern Asia",20932560,,
2013,5340,"Western Asia",43827653,,
2013,5400,"Europe",97900889,,
2013,5410,"Eastern Europe",8664861,,
2013,5420,"Northern Europe",14645974,,
2013,5430,"Southern Europe",33623236,,
2013,5440,"Western Europe",40966818,,
2013,5500,"Oceania",10512343,,
2013,5520,"Australia and New Zealand",9969689,,
2013,5510,"Oceania excluding Australia and New Zealand",542654,,
2013,008,"Albania",108670,,
2013,012,"Algeria",1508774,,
2013,024,"Angola",1006332,,
2013,028,"Antigua and Barbuda",24842,,
2013,032,"Argentina",2176939,,
2013,533,"Aruba",30988,,
2013,036,"Australia",7304610,,
2013,044,"Bahamas",1430000,,
2013,048,"Bahrain",429823,,
2013,050,"Bangladesh",1584873,,
2013,052,"Barbados",74923,,
2013,056,"Belgium",9528054,,
2013,084,"Belize",40978,,
2013,076,"Brazil",9214483,,
2013,096,"Brunei Darussalam",111817,,
2013,100,"Bulgaria",180446,,
2013,132,"Cabo Verde",49084,,
2013,116,"Cambodia",286450,,
2013,120,"Cameroon",339268,,
2013,124,"Canada",5260202,,
2013,136,"Cayman Islands",46118,,
2013,152,"Chile",3853407,,
2013,156,"China",176607144,,
2013,344,"China, Hong Kong SAR",22288000,,
2013,158,"China, Taiwan Province of",14046868,,
2013,170,"Colombia",3068565,,
2013,178,"Congo",574159,,
2013,188,"Costa Rica",1245174,,
2013,384,"Cote d'Ivoire",983188,,
2013,191,"Croatia",187284,,
2013,192,"Cuba",263886,,
2013,531,"Curacao",87452,,
2013,196,"Cyprus",277276,,
2013,180,"Dem. Rep. of the Congo",67965,,
2013,208,"Denmark",752489,,
2013,262,"Djibouti",787867,,
2013,214,"Dominican Republic",1446902,,
2013,218,"Ecuador",1642336,,
2013,818,"Egypt",6456469,,
2013,222,"El Salvador",180634,,
2013,226,"Equatorial Guinea",9687,,
2013,233,"Estonia",253855,,
2013,246,"Finland",1472143,,
2013,250,"France",4285777,,
2013,254,"French Guiana",30704,,
2013,258,"French Polynesia",69341,,
2013,266,"Gabon",130700,,
2013,268,"Georgia",403447,,
2013,276,"Germany",15401010,,
2013,288,"Ghana",894362,,
2013,300,"Greece",3523987,,
2013,308,"Grenada",16000,,
2013,312,"Guadeloupe",205800,,
2013,316,"Guam",169816,,
2013,320,"Guatemala",1211561,,
2013,324,"Guinea",147231,,
2013,328,"Guyana",50991,,
2013,332,"Haiti",172516,,
2013,340,"Honduras",671467,,
2013,352,"Iceland",241857,,
2013,356,"India",10571320,,
2013,360,"Indonesia",11183911,,
2013,364,"Iran (Islamic Republic of)",2218161,,
2013,372,"Ireland",727328,,
2013,376,"Israel",2539000,,
2013,380,"Italy",10118350,,
2013,388,"Jamaica",1703949,,
2013,392,"Japan",21442040,,
2013,400,"Jordan",872811,,
2013,404,"Kenya",894000,,
2013,428,"Latvia",384750,,
2013,422,"Lebanon",1117334,,
2013,434,"Libya",225020,,
2013,440,"Lithuania",402535,,
2013,458,"Malaysia",20876442,,
2013,470,"Malta",2793692,,
2013,474,"Martinique",147989,,
2013,480,"Mauritius",385326,,
2013,175,"Mayotte",52837,,
2013,484,"Mexico",4892881,,
2013,499,"Montenegro",33029,,
2013,504,"Morocco",3526437,,
2013,508,"Mozambique",244500,"Estimated",
2013,104,"Myanmar",567156,,
2013,516,"Namibia",301817,,
2013,528,"Netherlands (Kingdom of the)",11751977,,
2013,530,"Netherlands Antilles",,,"Not applicable"
2013,540,"New Caledonia",95000,,
2013,554,"New Zealand",2665079,,
2013,558,"Nicaragua",97731,,
2013,566,"Nigeria",1696000,,
2013,578,"Norway",707041,,
2013,512,"Oman",3921037,,
2013,586,"Pakistan",2252000,,
2013,591,"Panama",6561406,,
2013,598,"Papua New Guinea",,,"Not publishable"
2013,604,"Peru",2064981,,
2013,608,"Philippines",5955137,,
2013,616,"Poland",1969530,,
2013,620,"Portugal",2353948,,
2013,630,"Puerto Rico",1269902,,
2013,634,"Qatar",390000,,
2013,410,"Republic of Korea",23463109,,
2013,638,"Reunion",213000,,
2013,642,"Romania",661124,,
2013,643,"Russian Federation",5065880,,
2013,662,"Saint Lucia",64415,,
2013,670,"Saint Vincent and the Grenadines",16826,,
2013,882,"Samoa",24006,,
2013,682,"Saudi Arabia",6757693,,
2013,686,"Senegal",454050,,
2013,702,"Singapore",32578700,,
2013,534,"Sint Maarten (Dutch part)",80655,,
2013,705,"Slovenia",600441,,
2013,710,"South Africa",4693942,,
2013,724,"Spain",13903835,,
2013,144,"Sri Lanka",4306206,,
2013,729,"Sudan",447495,,
2013,736,"Sudan (...2011)",,,"Not applicable"
2013,740,"Suriname",108020,,
2013,752,"Sweden",1455537,,
2013,760,"Syrian Arab Republic",194179,,
2013,764,"Thailand",8067988,,
2013,768,"Togo",311470,,
2013,780,"Trinidad and Tobago",574119,,
2013,788,"Tunisia",435718,,
2013,792,"Turkiye",7977820,,
2013,804,"Ukraine",787881,,
2013,784,"United Arab Emirates",18657222,,
2013,826,"United Kingdom",8248439,,
2013,834,"United Republic of Tanzania",553940,,
2013,840,"United States",42842995,,
2013,858,"Uruguay",826962,,
2013,862,"Venezuela (Bolivarian Rep. of)",1441673,,
2013,704,"Viet Nam",8035812,,
2013,887,"Yemen",290011,,
2013,5600,"Asia and Oceania",420783130,,
2013,5702,"Northern America and Europe",146004086,,
2013,5706,"Europe, Northern America, Australia and New Zealand",155973775,,
2013,5703,"Central and Southern Asia",20932560,,
2013,5704,"Eastern and South-Eastern Asia",345510574,,
2013,5705,"Western Asia and Northern Africa",56427566,,
2013,1400,"Developing economies",437520829,,
2013,1410,"Developing economies: Africa",27390638,,
2013,1411,"Developing economies: Northern Africa",12599913,,
2013,1412,"Developing economies: Sub-Saharan Africa",14790725,,
2013,1420,"Developing economies: Americas",47038175,,
2013,1460,"Developing economies: Asia and Oceania",363092016,,
2013,1430,"Developing economies: Asia",362549362,,
2013,1433,"Developing economies: Eastern Asia",212942012,,
2013,1435,"Developing economies: South-eastern Asia",87663413,,
2013,1432,"Developing economies: Southern Asia",20932560,,
2013,1434,"Developing economies: Western Asia",41011377,,
2013,1450,"Developing economies: Oceania",542654,,
2013,1500,"Developed economies",203695200,,
2013,1520,"Developed economies: Americas",48103197,,
2013,1560,"Developed economies: Asia and Oceania",57691114,,
2013,1530,"Developed economies: Asia",47721425,,
2013,1550,"Developed economies: Oceania",9969689,,
2013,1540,"Developed economies: Europe",97900889,,
2013,1600,"Developing economies excluding China",260913685,,
2013,1601,"Developing economies excluding LDCs",430598973,,
2013,1610,"LDCs (Least developed countries)",6921856,,
2013,1614,"LDCs: Africa",4020850,,
2013,1612,"LDCs: Asia",2728490,,
2013,1615,"LDCs: Islands and Haiti",172516,,
2013,1640,"SIDS (Small island developing States) (UN-OHRLLS)",41413035,,
2013,1641,"SIDS: Atlantic and Indian Ocean",434410,,
2013,1642,"SIDS: Caribbean",7857271,,
2013,1643,"SIDS: Pacific",33121354,,
2013,2711,"BRICS",244668532,,
2013,3412,"European Union (2020 …)",83635698,,
2013,3916,"G20 (Group of Twenty)",377508545,,
2013,3919,"G-77 (Group of 77)",385412211,,
2013,3905,"OECD (Organisation for Economic Cooperation and Development)",215288095,,
2014,0000,"World",672163860,,
2014,5100,"Africa",29173485,,
2014,5110,"Northern Africa",13790152,,
2014,5120,"Sub-Saharan Africa",15383333,,
2014,5121,"Eastern Africa",3462335,,
2014,5122,"Middle Africa",2375791,,
2014,5123,"Southern Africa",4841379,,
2014,5124,"Western Africa",4703828,,
2014,5200,"Americas",97449183,,
2014,5210,"Northern America",50082606,,
2014,5220,"Latin America and the Caribbean",47366577,,
2014,5221,"Caribbean",7459124,,
2014,5222,"Central America",15430178,,
2014,5223,"South America",24477275,,
2014,5300,"Asia",432434948,,
2014,5330,"Eastern Asia",271104035,,
2014,5350,"South-eastern Asia",92748632,,
2014,5320,"Southern Asia",23171604,,
2014,5340,"Western Asia",45410677,,
2014,5400,"Europe",102356350,,
2014,5410,"Eastern Europe",8666874,,
2014,5420,"Northern Europe",16044900,,
2014,5430,"Southern Europe",35026166,,
2014,5440,"Western Europe",42618410,,
2014,5500,"Oceania",10749894,,
2014,5520,"Australia and New Zealand",10193183,,
2014,5510,"Oceania excluding Australia and New Zealand",556711,,
2014,008,"Albania",99350,,
2014,012,"Algeria",1660660,"Estimated",
2014,024,"Angola",1141081,,
2014,028,"Antigua and Barbuda",14443,,
2014,032,"Argentina",1738744,,
2014,533,"Aruba",29628,,
2014,036,"Australia",7442016,,
2014,044,"Bahamas",1465283,,
2014,048,"Bahrain",442941,,
2014,050,"Bangladesh",1782007,,
2014,052,"Barbados",78432,,
2014,056,"Belgium",9895013,,
2014,084,"Belize",43593,,
2014,076,"Brazil",9436275,,
2014,096,"Brunei Darussalam",106168,,
2014,100,"Bulgaria",195456,,
2014,132,"Cabo Verde",54112,,
2014,116,"Cambodia",330000,,
2014,120,"Cameroon",333555,,
2014,124,"Canada",5447571,,
2014,136,"Cayman Islands",46720,,
2014,152,"Chile",3957585,,
2014,156,"China",187291913,,
2014,344,"China, Hong Kong SAR",22300000,,
2014,158,"China, Taiwan Province of",15050514,,
2014,170,"Colombia",3409344,,
2014,178,"Congo",619892,,
2014,188,"Costa Rica",1298579,,
2014,384,"Cote d'Ivoire",991767,,
2014,191,"Croatia",211910,,
2014,192,"Cuba",230836,,
2014,531,"Curacao",89193,,
2014,196,"Cyprus",307878,,
2014,180,"Dem. Rep. of the Congo",73265,,
2014,208,"Denmark",750598,,
2014,262,"Djibouti",864027,,
2014,214,"Dominican Republic",1265132,,
2014,218,"Ecuador",1772533,,
2014,818,"Egypt",6979807,,
2014,222,"El Salvador",179577,,
2014,226,"Equatorial Guinea",10000,,
2014,233,"Estonia",261069,,
2014,246,"Finland",1426630,,
2014,250,"France",4424205,,
2014,254,"French Guiana",55109,,
2014,258,"French Polynesia",69296,,
2014,266,"Gabon",197998,,
2014,268,"Georgia",446972,,
2014,276,"Germany",15842604,,
2014,288,"Ghana",793582,,
2014,300,"Greece",3954322,,
2014,308,"Grenada",16100,,
2014,312,"Guadeloupe",183922,,
2014,316,"Guam",161337,,
2014,320,"Guatemala",1263476,,
2014,324,"Guinea",160160,,
2014,328,"Guyana",48735,,
2014,332,"Haiti",175307,,
2014,340,"Honduras",682857,,
2014,352,"Iceland",261732,,
2014,356,"India",11652174,,
2014,360,"Indonesia",11005059,,
2014,364,"Iran (Islamic Republic of)",2381922,,
2014,372,"Ireland",793102,,
2014,376,"Israel",2446000,,
2014,380,"Italy",10255753,,
2014,388,"Jamaica",1638113,,
2014,392,"Japan",21662814,,
2014,400,"Jordan",781291,,
2014,404,"Kenya",1012002,,
2014,428,"Latvia",392126,,
2014,422,"Lebanon",1210413,,
2014,434,"Libya",172340,,
2014,440,"Lithuania",450428,,
2014,458,"Malaysia",22366426,,
2014,470,"Malta",2924283,,
2014,474,"Martinique",171889,,
2014,480,"Mauritius",403001,,
2014,175,"Mayotte",52554,,
2014,484,"Mexico",5071720,,
2014,499,"Montenegro",39186,,
2014,504,"Morocco",4076488,,
2014,508,"Mozambique",277200,"Estimated",
2014,104,"Myanmar",716926,,
2014,516,"Namibia",253052,,
2014,528,"Netherlands (Kingdom of the)",12456588,,
2014,530,"Netherlands Antilles",,,"Not applicable"
2014,540,"New Caledonia",113000,,
2014,554,"New Zealand",2751167,,
2014,558,"Nicaragua",116312,,
2014,566,"Nigeria",1867409,,
2014,578,"Norway",728372,,
2014,512,"Oman",3364663,,
2014,586,"Pakistan",2447600,,
2014,591,"Panama",6774064,,
2014,598,"Papua New Guinea",,,"Not publishable"
2014,604,"Peru",2241216,,
2014,608,"Philippines",6216752,,
2014,616,"Poland",2139616,,
2014,620,"Portugal",2689296,,
2014,630,"Puerto Rico",1319961,,
2014,634,"Qatar",461863,,
2014,410,"Republic of Korea",24798794,,
2014,638,"Reunion",241000,,
2014,642,"Romania",668033,,
2014,643,"Russian Federation",4993427,,
2014,662,"Saint Lucia",41521,,
2014,670,"Saint Vincent and the Grenadines",16737,,
2014,882,"Samoa",28587,,
2014,682,"Saudi Arabia",6860353,,
2014,686,"Senegal",456000,,
2014,702,"Singapore",33869300,,
2014,534,"Sint Maarten (Dutch part)",82643,,
2014,705,"Slovenia",647033,,
2014,710,"South Africa",4588327,,
2014,724,"Spain",14205033,,
2014,144,"Sri Lanka",4907901,,
2014,729,"Sudan",434445,,
2014,736,"Sudan (...2011)",,,"Not applicable"
2014,740,"Suriname",108703,,
2014,752,"Sweden",1471086,,
2014,760,"Syrian Arab Republic",254520,,
2014,764,"Thailand",8664572,,
2014,768,"Togo",380798,,
2014,780,"Trinidad and Tobago",593264,,
2014,788,"Tunisia",466412,,
2014,792,"Turkiye",8351069,,
2014,804,"Ukraine",670342,,
2014,784,"United Arab Emirates",20186679,,
2014,826,"United Kingdom",9509757,,
2014,834,"United Republic of Tanzania",612551,,
2014,840,"United States",44635035,,
2014,858,"Uruguay",775651,,
2014,862,"Venezuela (Bolivarian Rep. of)",933380,,
2014,704,"Viet Nam",9473429,,
2014,887,"Yemen",296035,,
2014,5600,"Asia and Oceania",443184842,,
2014,5702,"Northern America and Europe",152438956,,
2014,5706,"Europe, Northern America, Australia and New Zealand",162632139,,
2014,5703,"Central and Southern Asia",23171604,,
2014,5704,"Eastern and South-Eastern Asia",363852667,,
2014,5705,"Western Asia and Northern Africa",59200829,,
2014,1400,"Developing economies",460316235,,
2014,1410,"Developing economies: Africa",29173485,,
2014,1411,"Developing economies: Northern Africa",13790152,,
2014,1412,"Developing economies: Sub-Saharan Africa",15383333,,
2014,1420,"Developing economies: Americas",47366577,,
2014,1460,"Developing economies: Asia and Oceania",383776173,,
2014,1430,"Developing economies: Asia",383219462,,
2014,1433,"Developing economies: Eastern Asia",224642427,,
2014,1435,"Developing economies: South-eastern Asia",92748632,,
2014,1432,"Developing economies: Southern Asia",23171604,,
2014,1434,"Developing economies: Western Asia",42656799,,
2014,1450,"Developing economies: Oceania",556711,,
2014,1500,"Developed economies",211847625,,
2014,1520,"Developed economies: Americas",50082606,,
2014,1560,"Developed economies: Asia and Oceania",59408669,,
2014,1530,"Developed economies: Asia",49215486,,
2014,1550,"Developed economies: Oceania",10193183,,
2014,1540,"Developed economies: Europe",102356350,,
2014,1600,"Developing economies excluding China",273024322,,
2014,1601,"Developing economies excluding LDCs",452616433,,
2014,1610,"LDCs (Least developed countries)",7699802,,
2014,1614,"LDCs: Africa",4399527,,
2014,1612,"LDCs: Asia",3124968,,
2014,1615,"LDCs: Islands and Haiti",175307,,
2014,1640,"SIDS (Small island developing States) (UN-OHRLLS)",42543279,,
2014,1641,"SIDS: Atlantic and Indian Ocean",457113,,
2014,1642,"SIDS: Caribbean",7660155,,
2014,1643,"SIDS: Pacific",34426011,,
2014,2711,"BRICS",258515583,,
2014,3412,"European Union (2020 …)",87066536,,
2014,3916,"G20 (Group of Twenty)",395007610,,
2014,3919,"G-77 (Group of 77)",406479708,,
2014,3905,"OECD (Organisation for Economic Cooperation and Development)",224530531,,
2015,0000,"World",682036966,,
2015,5100,"Africa",29148429,,
2015,5110,"Northern Africa",13675182,,
2015,5120,"Sub-Saharan Africa",15473247,,
2015,5121,"Eastern Africa",3633183,,
2015,5122,"Middle Africa",1970652,,
2015,5123,"Southern Africa",4900025,,
2015,5124,"Western Africa",4969387,,
2015,5200,"Americas",100589330,,
2015,5210,"Northern America",52325510,,
2015,5220,"Latin America and the Caribbean",48263820,,
2015,5221,"Caribbean",7545918,,
2015,5222,"Central America",16137207,,
2015,5223,"South America",24580695,,
2015,5300,"Asia",440794942,,
2015,5330,"Eastern Asia",276686941,,
2015,5350,"South-eastern Asia",93011712,,
2015,5320,"Southern Asia",24457130,,
2015,5340,"Western Asia",46639159,,
2015,5400,"Europe",100270776,,
2015,5410,"Eastern Europe",6894777,,
2015,5420,"Northern Europe",16219962,,
2015,5430,"Southern Europe",35244405,,
2015,5440,"Western Europe",41911632,,
2015,5500,"Oceania",11233488,,
2015,5520,"Australia and New Zealand",10662513,,
2015,5510,"Oceania excluding Australia and New Zealand",570975,,
2015,008,"Albania",104000,,
2015,012,"Algeria",1694426,,
2015,024,"Angola",814965,,
2015,028,"Antigua and Barbuda",14949,,
2015,032,"Argentina",1734397,,
2015,533,"Aruba",35342,,
2015,036,"Australia",7731627,,
2015,044,"Bahamas",1468380,,
2015,048,"Bahrain",379817,,
2015,050,"Bangladesh",2066344,,
2015,052,"Barbados",86508,,
2015,056,"Belgium",10059579,,
2015,084,"Belize",48141,,
2015,076,"Brazil",9263315,,
2015,096,"Brunei Darussalam",102798,,
2015,100,"Bulgaria",201050,,
2015,132,"Cabo Verde",52789,,
2015,116,"Cambodia",392000,,
2015,120,"Cameroon",379915,,
2015,124,"Canada",5828525,,
2015,136,"Cayman Islands",54607,,
2015,152,"Chile",3956842,,
2015,156,"China",195509165,,
2015,344,"China, Hong Kong SAR",20114000,,
2015,158,"China, Taiwan Province of",14491653,,
2015,170,"Colombia",3843103,,
2015,178,"Congo",571860,,
2015,188,"Costa Rica",1343841,,
2015,384,"Cote d'Ivoire",927379,,
2015,191,"Croatia",229279,,
2015,192,"Cuba",330713,,
2015,531,"Curacao",90016,,
2015,196,"Cyprus",308639,,
2015,180,"Dem. Rep. of the Congo",45000,,
2015,208,"Denmark",753643,,
2015,262,"Djibouti",910165,,
2015,214,"Dominican Republic",1367055,,
2015,218,"Ecuador",1866808,,
2015,818,"Egypt",6490063,,
2015,222,"El Salvador",190708,,
2015,226,"Equatorial Guinea",13212,,
2015,233,"Estonia",209154,,
2015,246,"Finland",1413646,,
2015,250,"France",4463203,,
2015,254,"French Guiana",53870,,
2015,258,"French Polynesia",69088,,
2015,266,"Gabon",145700,,
2015,268,"Georgia",276776,,
2015,276,"Germany",14988243,,
2015,288,"Ghana",840595,,
2015,300,"Greece",3736833,,
2015,308,"Grenada",16000,,
2015,312,"Guadeloupe",201948,,
2015,316,"Guam",171844,,
2015,320,"Guatemala",1350920,,
2015,324,"Guinea",169017,,
2015,328,"Guyana",52834,,
2015,332,"Haiti",178452,,
2015,340,"Honduras",743686,,
2015,352,"Iceland",277629,,
2015,356,"India",12318610,,
2015,360,"Indonesia",10080049,,
2015,364,"Iran (Islamic Republic of)",2180852,,
2015,372,"Ireland",860278,,
2015,376,"Israel",2522000,,
2015,380,"Italy",10211290,,
2015,388,"Jamaica",1653272,,
2015,392,"Japan",21094824,,
2015,400,"Jordan",758219,,
2015,404,"Kenya",1076118,,
2015,428,"Latvia",359420,,
2015,422,"Lebanon",1130284,,
2015,434,"Libya",,,"Not publishable"
2015,440,"Lithuania",392700,,
2015,458,"Malaysia",24012959,,
2015,470,"Malta",3120668,,
2015,474,"Martinique",159231,,
2015,480,"Mauritius",361109,,
2015,175,"Mayotte",61698,,
2015,484,"Mexico",5421307,,
2015,499,"Montenegro",24026,,
2015,504,"Morocco",3987251,,
2015,508,"Mozambique",335200,"Estimated",
2015,104,"Myanmar",827249,,
2015,516,"Namibia",237546,,
2015,528,"Netherlands (Kingdom of the)",12400607,,
2015,530,"Netherlands Antilles",,,"Not applicable"
2015,540,"New Caledonia",104000,,
2015,554,"New Zealand",2930886,,
2015,558,"Nicaragua",144718,,
2015,566,"Nigeria",1544183,,
2015,578,"Norway",735753,,
2015,512,"Oman",3105377,,
2015,586,"Pakistan",2706324,,
2015,591,"Panama",6893886,,
2015,598,"Papua New Guinea",193656,,
2015,604,"Peru",2158030,,
2015,608,"Philippines",7175424,,
2015,616,"Poland",1860908,,
2015,620,"Portugal",2739185,,
2015,630,"Puerto Rico",1210503,,
2015,634,"Qatar",568166,,
2015,410,"Republic of Korea",25477299,,
2015,638,"Reunion",249663,,
2015,642,"Romania",689012,,
2015,643,"Russian Federation",3662970,,
2015,662,"Saint Lucia",46585,,
2015,670,"Saint Vincent and the Grenadines",16342,,
2015,882,"Samoa",32387,,
2015,682,"Saudi Arabia",7793767,,
2015,686,"Senegal",529724,,
2015,702,"Singapore",30922300,,
2015,534,"Sint Maarten (Dutch part)",95190,,
2015,705,"Slovenia",790736,,
2015,710,"South Africa",4662479,,
2015,724,"Spain",14288388,,
2015,144,"Sri Lanka",5185000,,
2015,729,"Sudan",481815,,
2015,736,"Sudan (...2011)",,,"Not applicable"
2015,740,"Suriname",106014,,
2015,752,"Sweden",1457679,,
2015,760,"Syrian Arab Republic",236088,,
2015,764,"Thailand",8883542,,
2015,768,"Togo",905700,,
2015,780,"Trinidad and Tobago",520825,,
2015,788,"Tunisia",471248,,
2015,792,"Turkiye",8143635,,
2015,804,"Ukraine",480837,,
2015,784,"United Arab Emirates",21238293,,
2015,826,"United Kingdom",9760060,,
2015,834,"United Republic of Tanzania",639230,,
2015,840,"United States",46496985,,
2015,858,"Uruguay",811297,,
2015,862,"Venezuela (Bolivarian Rep. of)",734185,,
2015,704,"Viet Nam",10615391,,
2015,887,"Yemen",178098,,
2015,5600,"Asia and Oceania",452028430,,
2015,5702,"Northern America and Europe",152596286,,
2015,5706,"Europe, Northern America, Australia and New Zealand",163258799,,
2015,5703,"Central and Southern Asia",24457130,,
2015,5704,"Eastern and South-Eastern Asia",369698653,,
2015,5705,"Western Asia and Northern Africa",60314341,,
2015,1400,"Developing economies",469375404,,
2015,1410,"Developing economies: Africa",29148429,,
2015,1411,"Developing economies: Northern Africa",13675182,,
2015,1412,"Developing economies: Sub-Saharan Africa",15473247,,
2015,1420,"Developing economies: Americas",48263820,,
2015,1460,"Developing economies: Asia and Oceania",391963155,,
2015,1430,"Developing economies: Asia",391392180,,
2015,1433,"Developing economies: Eastern Asia",230114818,,
2015,1435,"Developing economies: South-eastern Asia",93011712,,
2015,1432,"Developing economies: Southern Asia",24457130,,
2015,1434,"Developing economies: Western Asia",43808520,,
2015,1450,"Developing economies: Oceania",570975,,
2015,1500,"Developed economies",212661561,,
2015,1520,"Developed economies: Americas",52325510,,
2015,1560,"Developed economies: Asia and Oceania",60065275,,
2015,1530,"Developed economies: Asia",49402762,,
2015,1550,"Developed economies: Oceania",10662513,,
2015,1540,"Developed economies: Europe",100270776,,
2015,1600,"Developing economies excluding China",273866239,,
2015,1601,"Developing economies excluding LDCs",460902445,,
2015,1610,"LDCs (Least developed countries)",8472959,,
2015,1614,"LDCs: Africa",4830816,,
2015,1612,"LDCs: Asia",3463691,,
2015,1615,"LDCs: Islands and Haiti",178452,,
2015,1640,"SIDS (Small island developing States) (UN-OHRLLS)",39660080,,
2015,1641,"SIDS: Atlantic and Indian Ocean",413898,,
2015,1642,"SIDS: Caribbean",7752907,,
2015,1643,"SIDS: Pacific",31493275,,
2015,2711,"BRICS",265405796,,
2015,3412,"European Union (2020 …)",86260550,,
2015,3916,"G20 (Group of Twenty)",404641750,,
2015,3919,"G-77 (Group of 77)",418371033,,
2015,3905,"OECD (Organisation for Economic Cooperation and Development)",227276218,,
2016,0000,"World",698356902,,
2016,5100,"Africa",27719861,,
2016,5110,"Northern Africa",12904355,,
2016,5120,"Sub-Saharan Africa",14815506,,
2016,5121,"Eastern Africa",3833037,,
2016,5122,"Middle Africa",1724601,,
2016,5123,"Southern Africa",4557737,,
2016,5124,"Western Africa",4700131,,
2016,5200,"Americas",99750000,,
2016,5210,"Northern America",52668049,,
2016,5220,"Latin America and the Caribbean",47081951,,
2016,5221,"Caribbean",7307102,,
2016,5222,"Central America",15911558,,
2016,5223,"South America",23863291,,
2016,5300,"Asia",455848888,,
2016,5330,"Eastern Asia",284899380,,
2016,5350,"South-eastern Asia",95790311,,
2016,5320,"Southern Asia",27382091,,
2016,5340,"Western Asia",47777106,,
2016,5400,"Europe",103603073,,
2016,5410,"Eastern Europe",7103216,,
2016,5420,"Northern Europe",16912516,,
2016,5430,"Southern Europe",37055457,,
2016,5440,"Western Europe",42531884,,
2016,5500,"Oceania",11435081,,
2016,5520,"Australia and New Zealand",10831040,,
2016,5510,"Oceania excluding Australia and New Zealand",604041,,
2016,008,"Albania",118829,,
2016,012,"Algeria",1831056,,
2016,024,"Angola",572298,,
2016,028,"Antigua and Barbuda",16193,,
2016,032,"Argentina",1713267,,
2016,533,"Aruba",31323,,
2016,036,"Australia",7830344,,
2016,044,"Bahamas",1261778,,
2016,048,"Bahrain",424602,,
2016,050,"Bangladesh",2387953,,
2016,052,"Barbados",105321,,
2016,056,"Belgium",10321506,,
2016,084,"Belize",46040,,
2016,076,"Brazil",8804079,,
2016,096,"Brunei Darussalam",98606,,
2016,100,"Bulgaria",206111,,
2016,132,"Cabo Verde",62112,,
2016,116,"Cambodia",400187,,
2016,120,"Cameroon",370000,,
2016,124,"Canada",5727822,,
2016,136,"Cayman Islands",60718,,
2016,152,"Chile",4170283,,
2016,156,"China",202830580,,
2016,344,"China, Hong Kong SAR",19580000,,
2016,158,"China, Taiwan Province of",14865306,,
2016,170,"Colombia",3452348,,
2016,178,"Congo",562889,,
2016,188,"Costa Rica",1338979,,
2016,384,"Cote d'Ivoire",885750,,
2016,191,"Croatia",246596,,
2016,192,"Cuba",325319,,
2016,531,"Curacao",98278,,
2016,196,"Cyprus",360841,,
2016,180,"Dem. Rep. of the Congo",59133,,
2016,208,"Denmark",715076,,
2016,262,"Djibouti",987400,,
2016,214,"Dominican Republic",1486227,,
2016,218,"Ecuador",1907090,,
2016,818,"Egypt",5887541,,
2016,222,"El Salvador",202165,,
2016,226,"Equatorial Guinea",14281,,
2016,233,"Estonia",204177,,
2016,246,"Finland",1509479,,
2016,250,"France",4471870,,
2016,254,"French Guiana",56953,,
2016,258,"French Polynesia",,,"Not publishable"
2016,266,"Gabon",146000,,
2016,268,"Georgia",251011,,
2016,276,"Germany",15126366,,
2016,288,"Ghana",942463,,
2016,300,"Greece",4088425,,
2016,308,"Grenada",19634,,
2016,312,"Guadeloupe",212000,,
2016,316,"Guam",198209,,
2016,320,"Guatemala",1470101,,
2016,324,"Guinea",176167,,
2016,328,"Guyana",50476,,
2016,332,"Haiti",176879,,
2016,340,"Honduras",756641,,
2016,352,"Iceland",308660,,
2016,356,"India",13724110,,
2016,360,"Indonesia",10608853,,
2016,364,"Iran (Islamic Republic of)",2462028,,
2016,372,"Ireland",916833,,
2016,376,"Israel",2711000,,
2016,380,"Italy",10589293,,
2016,388,"Jamaica",1567442,,
2016,392,"Japan",21678076,,
2016,400,"Jordan",792841,,
2016,404,"Kenya",1091000,,
2016,428,"Latvia",388260,,
2016,422,"Lebanon",1147219,,
2016,434,"Libya",124050,,
2016,440,"Lithuania",443000,,
2016,458,"Malaysia",24569452,,
2016,470,"Malta",3151939,,
2016,474,"Martinique",153453,,
2016,480,"Mauritius",388514,,
2016,175,"Mayotte",63660,,
2016,484,"Mexico",5678854,,
2016,499,"Montenegro",30211,,
2016,504,"Morocco",4106683,,
2016,508,"Mozambique",,,"Not publishable"
2016,104,"Myanmar",1026216,,
2016,516,"Namibia",203071,,
2016,528,"Netherlands (Kingdom of the)",12612142,,
2016,530,"Netherlands Antilles",,,"Not applicable"
2016,540,"New Caledonia",108500,,
2016,554,"New Zealand",3000696,,
2016,558,"Nicaragua",156900,,
2016,566,"Nigeria",1272000,,
2016,578,"Norway",716916,,
2016,512,"Oman",3943846,,
2016,586,"Pakistan",3074000,,
2016,591,"Panama",6261878,,
2016,598,"Papua New Guinea",,,"Not publishable"
2016,604,"Peru",2321062,,
2016,608,"Philippines",7560607,,
2016,616,"Poland",2032761,,
2016,620,"Portugal",2912946,,
2016,630,"Puerto Rico",1210500,,
2016,634,"Qatar",527952,,
2016,410,"Republic of Korea",25945418,,
2016,638,"Reunion",324673,,
2016,642,"Romania",711339,,
2016,643,"Russian Federation",3472382,,
2016,662,"Saint Lucia",38383,,
2016,670,"Saint Vincent and the Grenadines",18236,,
2016,882,"Samoa",34588,,
2016,682,"Saudi Arabia",7683202,,
2016,686,"Senegal",540000,,
2016,702,"Singapore",30903600,,
2016,534,"Sint Maarten (Dutch part)",97991,,
2016,705,"Slovenia",844000,,
2016,710,"South Africa",4354666,,
2016,724,"Spain",15073218,,
2016,144,"Sri Lanka",5734000,,
2016,729,"Sudan",465355,,
2016,736,"Sudan (...2011)",,,"Not applicable"
2016,740,"Suriname",98652,,
2016,752,"Sweden",1509886,,
2016,760,"Syrian Arab Republic",253415,,
2016,764,"Thailand",9340560,,
2016,768,"Togo",821639,,
2016,780,"Trinidad and Tobago",427427,,
2016,788,"Tunisia",489670,,
2016,792,"Turkiye",8760769,,
2016,804,"Ukraine",680623,,
2016,784,"United Arab Emirates",20652200,,
2016,826,"United Kingdom",10200229,,
2016,834,"United Republic of Tanzania",630290,,
2016,840,"United States",46940227,,
2016,858,"Uruguay",888119,,
2016,862,"Venezuela (Bolivarian Rep. of)",400962,,
2016,704,"Viet Nam",11282230,,
2016,887,"Yemen",268208,,
2016,5600,"Asia and Oceania",467283969,,
2016,5702,"Northern America and Europe",156271122,,
2016,5706,"Europe, Northern America, Australia and New Zealand",167102162,,
2016,5703,"Central and Southern Asia",27382091,,
2016,5704,"Eastern and South-Eastern Asia",380689691,,
2016,5705,"Western Asia and Northern Africa",60681461,,
2016,1400,"Developing economies",480559406,,
2016,1410,"Developing economies: Africa",27719861,,
2016,1411,"Developing economies: Northern Africa",12904355,,
2016,1412,"Developing economies: Sub-Saharan Africa",14815506,,
2016,1420,"Developing economies: Americas",47081951,,
2016,1460,"Developing economies: Asia and Oceania",405757594,,
2016,1430,"Developing economies: Asia",405153553,,
2016,1433,"Developing economies: Eastern Asia",237275886,,
2016,1435,"Developing economies: South-eastern Asia",95790311,,
2016,1432,"Developing economies: Southern Asia",27382091,,
2016,1434,"Developing economies: Western Asia",44705265,,
2016,1450,"Developing economies: Oceania",604041,,
2016,1500,"Developed economies",217797497,,
2016,1520,"Developed economies: Americas",52668049,,
2016,1560,"Developed economies: Asia and Oceania",61526375,,
2016,1530,"Developed economies: Asia",50695335,,
2016,1550,"Developed economies: Oceania",10831040,,
2016,1540,"Developed economies: Europe",103603073,,
2016,1600,"Developing economies excluding China",277728826,,
2016,1601,"Developing economies excluding LDCs",471700181,,
2016,1610,"LDCs (Least developed countries)",8859225,,
2016,1614,"LDCs: Africa",4599782,,
2016,1612,"LDCs: Asia",4082564,,
2016,1615,"LDCs: Islands and Haiti",176879,,
2016,1640,"SIDS (Small island developing States) (UN-OHRLLS)",39460537,,
2016,1641,"SIDS: Atlantic and Indian Ocean",450626,,
2016,1642,"SIDS: Caribbean",7502270,,
2016,1643,"SIDS: Pacific",31507641,,
2016,2711,"BRICS",272796439,,
2016,3412,"European Union (2020 …)",89246803,,
2016,3916,"G20 (Group of Twenty)",416140407,,
2016,3919,"G-77 (Group of 77)",428738120,,
2016,3905,"OECD (Organisation for Economic Cooperation and Development)",233030598,,
2017,0000,"World",743487518,,
2017,5100,"Africa",29681526,,
2017,5110,"Northern Africa",13645782,,
2017,5120,"Sub-Saharan Africa",16035744,,
2017,5121,"Eastern Africa",3905301,,
2017,5122,"Middle Africa",1993165,,
2017,5123,"Southern Africa",4769609,,
2017,5124,"Western Africa",5367669,,
2017,5200,"Americas",106839351,,
2017,5210,"Northern America",56573401,,
2017,5220,"Latin America and the Caribbean",50265950,,
2017,5221,"Caribbean",7343959,,
2017,5222,"Central America",17395990,,
2017,5223,"South America",25526001,,
2017,5300,"Asia",485537815,,
2017,5330,"Eastern Asia",304600758,,
2017,5350,"South-eastern Asia",100879968,,
2017,5320,"Southern Asia",30609138,,
2017,5340,"Western Asia",49447951,,
2017,5400,"Europe",109645552,,
2017,5410,"Eastern Europe",8337295,,
2017,5420,"Northern Europe",17471729,,
2017,5430,"Southern Europe",38931783,,
2017,5440,"Western Europe",44904745,,
2017,5500,"Oceania",11783274,,
2017,5520,"Australia and New Zealand",11190433,,
2017,5510,"Oceania excluding Australia and New Zealand",592841,,
2017,008,"Albania",118270,,
2017,012,"Algeria",1725198,,
2017,024,"Angola",735431,,
2017,028,"Antigua and Barbuda",17311,,
2017,032,"Argentina",1809153,,
2017,533,"Aruba",31689,,
2017,036,"Australia",7991508,,
2017,044,"Bahamas",920652,,
2017,048,"Bahrain",400307,,
2017,050,"Bangladesh",2583549,,
2017,052,"Barbados",107098,,
2017,056,"Belgium",10783850,,
2017,084,"Belize",44381,,
2017,076,"Brazil",9380502,,
2017,096,"Brunei Darussalam",104747,,
2017,100,"Bulgaria",228545,,
2017,132,"Cabo Verde",74554,,
2017,116,"Cambodia",459835,,
2017,120,"Cameroon",386367,,
2017,124,"Canada",6377236,,
2017,136,"Cayman Islands",61940,,
2017,152,"Chile",4407502,,
2017,156,"China",218712874,,
2017,344,"China, Hong Kong SAR",20760000,,
2017,158,"China, Taiwan Province of",14911753,,
2017,170,"Colombia",3877937,,
2017,178,"Congo",650000,,
2017,188,"Costa Rica",1489326,,
2017,384,"Cote d'Ivoire",907646,,
2017,191,"Croatia",288235,,
2017,192,"Cuba",332240,,
2017,531,"Curacao",93921,,
2017,196,"Cyprus",345016,,
2017,180,"Dem. Rep. of the Congo",52066,,
2017,208,"Denmark",820139,,
2017,262,"Djibouti",928000,,
2017,214,"Dominican Republic",1770295,,
2017,218,"Ecuador",1990210,,
2017,818,"Egypt",6337413,,
2017,222,"El Salvador",209903,,
2017,226,"Equatorial Guinea",13301,,
2017,233,"Estonia",229905,,
2017,246,"Finland",1630089,,
2017,250,"France",4964947,,
2017,254,"French Guiana",57029,,
2017,258,"French Polynesia",,,"Not publishable"
2017,266,"Gabon",156000,,
2017,268,"Georgia",,,"Not publishable"
2017,276,"Germany",15163474,,
2017,288,"Ghana",1009755,,
2017,300,"Greece",4602808,,
2017,308,"Grenada",21914,,
2017,312,"Guadeloupe",209633,,
2017,316,"Guam",198681,,
2017,320,"Guatemala",1389751,,
2017,324,"Guinea",203373,,
2017,328,"Guyana",57663,,
2017,332,"Haiti",177141,,
2017,340,"Honduras",797293,,
2017,352,"Iceland",350348,,
2017,356,"India",15450523,,
2017,360,"Indonesia",11314273,,
2017,364,"Iran (Islamic Republic of)",3091066,,
2017,372,"Ireland",958488,,
2017,376,"Israel",2868000,,
2017,380,"Italy",10666550,,
2017,388,"Jamaica",1560000,,
2017,392,"Japan",22795433,,
2017,400,"Jordan",796087,,
2017,404,"Kenya",1190000,,
2017,428,"Latvia",449712,,
2017,422,"Lebanon",1305038,,
2017,434,"Libya",105636,,
2017,440,"Lithuania",472000,,
2017,458,"Malaysia",23719787,,
2017,470,"Malta",3245812,,
2017,474,"Martinique",160587,,
2017,480,"Mauritius",379371,,
2017,175,"Mayotte",71564,,
2017,484,"Mexico",6375338,,
2017,499,"Montenegro",43732,,
2017,504,"Morocco",4509580,,
2017,508,"Mozambique",,,"Not publishable"
2017,104,"Myanmar",1043469,,
2017,516,"Namibia",205991,,
2017,528,"Netherlands (Kingdom of the)",13992474,,
2017,530,"Netherlands Antilles",,,"Not applicable"
2017,540,"New Caledonia",113000,,
2017,554,"New Zealand",3198925,,
2017,558,"Nicaragua",190756,,
2017,566,"Nigeria",1408000,,
2017,578,"Norway",764093,,
2017,512,"Oman",4785012,,
2017,586,"Pakistan",3284000,,
2017,591,"Panama",6899242,,
2017,598,"Papua New Guinea",177122,,
2017,604,"Peru",2539720,,
2017,608,"Philippines",8249852,,
2017,616,"Poland",2384782,,
2017,620,"Portugal",3124946,,
2017,630,"Puerto Rico",1319572,,
2017,634,"Qatar",772800,,
2017,410,"Republic of Korea",27420698,,
2017,638,"Reunion",331300,,
2017,642,"Romania",696438,,
2017,643,"Russian Federation",4303955,,
2017,662,"Saint Lucia",29706,,
2017,670,"Saint Vincent and the Grenadines",17502,,
2017,882,"Samoa",34950,,
2017,682,"Saudi Arabia",8082329,,
2017,686,"Senegal",570500,,
2017,702,"Singapore",33666600,,
2017,534,"Sint Maarten (Dutch part)",98101,,
2017,705,"Slovenia",911528,,
2017,710,"South Africa",4563618,,
2017,724,"Spain",15929902,,
2017,144,"Sri Lanka",6200000,,
2017,729,"Sudan",487336,,
2017,736,"Sudan (...2011)",,,"Not applicable"
2017,740,"Suriname",112318,,
2017,752,"Sweden",1557281,,
2017,760,"Syrian Arab Republic",291958,,
2017,764,"Thailand",9938881,,
2017,768,"Togo",1193841,,
2017,780,"Trinidad and Tobago",414657,,
2017,788,"Tunisia",480619,,
2017,792,"Turkiye",10001342,,
2017,804,"Ukraine",723575,,
2017,784,"United Arab Emirates",19089706,,
2017,826,"United Kingdom",10239674,,
2017,834,"United Republic of Tanzania",617266,,
2017,840,"United States",50196165,,
2017,858,"Uruguay",939427,,
2017,862,"Venezuela (Bolivarian Rep. of)",354540,,
2017,704,"Viet Nam",12382524,,
2017,887,"Yemen",334693,,
2017,5600,"Asia and Oceania",497321089,,
2017,5702,"Northern America and Europe",166218953,,
2017,5706,"Europe, Northern America, Australia and New Zealand",177409386,,
2017,5703,"Central and Southern Asia",30609138,,
2017,5704,"Eastern and South-Eastern Asia",405480726,,
2017,5705,"Western Asia and Northern Africa",63093733,,
2017,1400,"Developing economies",512648985,,
2017,1410,"Developing economies: Africa",29681526,,
2017,1411,"Developing economies: Northern Africa",13645782,,
2017,1412,"Developing economies: Sub-Saharan Africa",16035744,,
2017,1420,"Developing economies: Americas",50265950,,
2017,1460,"Developing economies: Asia and Oceania",432701509,,
2017,1430,"Developing economies: Asia",432108668,,
2017,1433,"Developing economies: Eastern Asia",254384627,,
2017,1435,"Developing economies: South-eastern Asia",100879968,,
2017,1432,"Developing economies: Southern Asia",30609138,,
2017,1434,"Developing economies: Western Asia",46234935,,
2017,1450,"Developing economies: Oceania",592841,,
2017,1500,"Developed economies",230838533,,
2017,1520,"Developed economies: Americas",56573401,,
2017,1560,"Developed economies: Asia and Oceania",64619580,,
2017,1530,"Developed economies: Asia",53429147,,
2017,1550,"Developed economies: Oceania",11190433,,
2017,1540,"Developed economies: Europe",109645552,,
2017,1600,"Developing economies excluding China",293936111,,
2017,1601,"Developing economies excluding LDCs",502874685,,
2017,1610,"LDCs (Least developed countries)",9774300,,
2017,1614,"LDCs: Africa",5175613,,
2017,1612,"LDCs: Asia",4421546,,
2017,1615,"LDCs: Islands and Haiti",177141,,
2017,1640,"SIDS (Small island developing States) (UN-OHRLLS)",42271687,,
2017,1641,"SIDS: Atlantic and Indian Ocean",453925,,
2017,1642,"SIDS: Caribbean",7558321,,
2017,1643,"SIDS: Pacific",34259441,,
2017,2711,"BRICS",292243930,,
2017,3412,"European Union (2020 …)",94277034,,
2017,3916,"G20 (Group of Twenty)",445809592,,
2017,3919,"G-77 (Group of 77)",457408784,,
2017,3905,"OECD (Organisation for Economic Cooperation and Development)",247826513,,
2018,0000,"World",781171005,,
2018,5100,"Africa",31514590,,
2018,5110,"Northern Africa",14420218,,
2018,5120,"Sub-Saharan Africa",17094372,,
2018,5121,"Eastern Africa",4138816,,
2018,5122,"Middle Africa",1947960,,
2018,5123,"Southern Africa",5075078,,
2018,5124,"Western Africa",5932518,,
2018,5200,"Americas",113800429,,
2018,5210,"Northern America",59757424,,
2018,5220,"Latin America and the Caribbean",54043005,,
2018,5221,"Caribbean",8305028,,
2018,5222,"Central America",18144876,,
2018,5223,"South America",27593101,,
2018,5300,"Asia",508257606,,
2018,5330,"Eastern Asia",316389792,,
2018,5350,"South-eastern Asia",108552097,,
2018,5320,"Southern Asia",32561462,,
2018,5340,"Western Asia",50754255,,
2018,5400,"Europe",114965132,,
2018,5410,"Eastern Europe",9315906,,
2018,5420,"Northern Europe",17962702,,
2018,5430,"Southern Europe",41206025,,
2018,5440,"Western Europe",46480499,,
2018,5500,"Oceania",12633247,,
2018,5520,"Australia and New Zealand",12050219,,
2018,5510,"Oceania excluding Australia and New Zealand",583028,,
2018,008,"Albania",134526,,
2018,012,"Algeria",1844422,,
2018,024,"Angola",618238,,
2018,028,"Antigua and Barbuda",28826,,
2018,032,"Argentina",2184625,,
2018,533,"Aruba",58500,,
2018,036,"Australia",8667914,,
2018,044,"Bahamas",1182836,,
2018,048,"Bahrain",432207,,
2018,050,"Bangladesh",2946955,,
2018,052,"Barbados",100952,,
2018,056,"Belgium",11503695,,
2018,084,"Belize",47729,,
2018,076,"Brazil",10061925,,
2018,096,"Brunei Darussalam",113125,,
2018,100,"Bulgaria",241716,,
2018,132,"Cabo Verde",84041,,
2018,116,"Cambodia",537107,,
2018,120,"Cameroon",378758,,
2018,124,"Canada",6763247,,
2018,136,"Cayman Islands",,,"Not publishable"
2018,152,"Chile",4661486,,
2018,156,"China",229127700,,
2018,344,"China, Hong Kong SAR",19641000,,
2018,158,"China, Taiwan Province of",15321716,,
2018,170,"Colombia",4181330,,
2018,178,"Congo",739000,,
2018,188,"Costa Rica",1492791,,
2018,384,"Cote d'Ivoire",924596,,
2018,191,"Croatia",302126,,
2018,192,"Cuba",349722,,
2018,531,"Curacao",96738,,
2018,196,"Cyprus",416502,,
2018,180,"Dem. Rep. of the Congo",55599,,
2018,208,"Denmark",833857,,
2018,262,"Djibouti",859000,,
2018,214,"Dominican Republic",1906487,,
2018,218,"Ecuador",2212486,,
2018,818,"Egypt",6701763,,
2018,222,"El Salvador",230989,,
2018,226,"Equatorial Guinea",14716,,
2018,233,"Estonia",239576,,
2018,246,"Finland",1594271,,
2018,250,"France",5051326,,
2018,254,"French Guiana",64817,,
2018,258,"French Polynesia",83288,,
2018,266,"Gabon",141649,,
2018,268,"Georgia",348240,,
2018,276,"Germany",15123221,,
2018,288,"Ghana",1056785,,
2018,300,"Greece",5395401,,
2018,308,"Grenada",23887,,
2018,312,"Guadeloupe",223789,,
2018,316,"Guam",181846,,
2018,320,"Guatemala",1530596,,
2018,324,"Guinea",237366,,
2018,328,"Guyana",58210,,
2018,332,"Haiti",163500,,
2018,340,"Honduras",813164,,
2018,352,"Iceland",353300,,
2018,356,"India",16996593,,
2018,360,"Indonesia",12616970,,
2018,364,"Iran (Islamic Republic of)",2368914,,
2018,372,"Ireland",1000560,,
2018,376,"Israel",2946000,,
2018,380,"Italy",10620925,,
2018,388,"Jamaica",1833053,,
2018,392,"Japan",23424446,,
2018,400,"Jordan",815345,,
2018,404,"Kenya",1306283,,
2018,428,"Latvia",474393,,
2018,422,"Lebanon",1332990,,
2018,434,"Libya",,,"Not publishable"
2018,440,"Lithuania",749066,,
2018,458,"Malaysia",24955994,,
2018,470,"Malta",3414328,,
2018,474,"Martinique",258783,,
2018,480,"Mauritius",451446,,
2018,175,"Mayotte",108392,,
2018,484,"Mexico",6983149,,
2018,499,"Montenegro",15998,,
2018,504,"Morocco",4715747,,
2018,508,"Mozambique",372218,"Estimated",
2018,104,"Myanmar",1104101,,
2018,516,"Namibia",182655,,
2018,528,"Netherlands (Kingdom of the)",14802257,,
2018,530,"Netherlands Antilles",,,"Not applicable"
2018,540,"New Caledonia",110750,,
2018,554,"New Zealand",3382305,,
2018,558,"Nicaragua",174403,,
2018,566,"Nigeria",1560000,,
2018,578,"Norway",802364,,
2018,512,"Oman",4210679,,
2018,586,"Pakistan",3249000,,
2018,591,"Panama",6872055,,
2018,598,"Papua New Guinea",170053,,
2018,604,"Peru",2667974,,
2018,608,"Philippines",8859565,,
2018,616,"Poland",2834296,,
2018,620,"Portugal",3168513,,
2018,630,"Puerto Rico",1447616,,
2018,634,"Qatar",1340000,,
2018,410,"Republic of Korea",28874930,,
2018,638,"Reunion",336246,,
2018,642,"Romania",668016,,
2018,643,"Russian Federation",4726726,,
2018,662,"Saint Lucia",33657,,
2018,670,"Saint Vincent and the Grenadines",18107,,
2018,882,"Samoa",37091,,
2018,682,"Saudi Arabia",8683456,,
2018,686,"Senegal",674000,,
2018,702,"Singapore",36599200,,
2018,534,"Sint Maarten (Dutch part)",101100,,
2018,705,"Slovenia",988499,,
2018,710,"South Africa",4892423,,
2018,724,"Spain",17165709,,
2018,144,"Sri Lanka",7000000,,
2018,729,"Sudan",451712,,
2018,736,"Sudan (...2011)",,,"Not applicable"
2018,740,"Suriname",110000,,
2018,752,"Sweden",1600175,,
2018,760,"Syrian Arab Republic",332532,,
2018,764,"Thailand",10371645,,
2018,768,"Togo",1395730,,
2018,780,"Trinidad and Tobago",438703,,
2018,788,"Tunisia",493366,,
2018,792,"Turkiye",10801305,,
2018,804,"Ukraine",845152,,
2018,784,"United Arab Emirates",18696000,,
2018,826,"United Kingdom",10315140,,
2018,834,"United Republic of Tanzania",705231,,
2018,840,"United States",52994177,,
2018,858,"Uruguay",797874,,
2018,862,"Venezuela (Bolivarian Rep. of)",592374,,
2018,704,"Viet Nam",13394390,,
2018,887,"Yemen",398999,,
2018,5600,"Asia and Oceania",520890853,,
2018,5702,"Northern America and Europe",174722556,,
2018,5706,"Europe, Northern America, Australia and New Zealand",186772775,,
2018,5703,"Central and Southern Asia",32561462,,
2018,5704,"Eastern and South-Eastern Asia",424941889,,
2018,5705,"Western Asia and Northern Africa",65174473,,
2018,1400,"Developing economies",538736351,,
2018,1410,"Developing economies: Africa",31514590,,
2018,1411,"Developing economies: Northern Africa",14420218,,
2018,1412,"Developing economies: Sub-Saharan Africa",17094372,,
2018,1420,"Developing economies: Americas",54043005,,
2018,1460,"Developing economies: Asia and Oceania",453178756,,
2018,1430,"Developing economies: Asia",452595728,,
2018,1433,"Developing economies: Eastern Asia",264090416,,
2018,1435,"Developing economies: South-eastern Asia",108552097,,
2018,1432,"Developing economies: Southern Asia",32561462,,
2018,1434,"Developing economies: Western Asia",47391753,,
2018,1450,"Developing economies: Oceania",583028,,
2018,1500,"Developed economies",242434653,,
2018,1520,"Developed economies: Americas",59757424,,
2018,1560,"Developed economies: Asia and Oceania",67712097,,
2018,1530,"Developed economies: Asia",55661878,,
2018,1550,"Developed economies: Oceania",12050219,,
2018,1540,"Developed economies: Europe",114965132,,
2018,1600,"Developing economies excluding China",309608651,,
2018,1601,"Developing economies excluding LDCs",528216595,,
2018,1610,"LDCs (Least developed countries)",10519756,,
2018,1614,"LDCs: Africa",5369094,,
2018,1612,"LDCs: Asia",4987162,,
2018,1615,"LDCs: Islands and Haiti",163500,,
2018,1640,"SIDS (Small island developing States) (UN-OHRLLS)",46238682,,
2018,1641,"SIDS: Atlantic and Indian Ocean",535487,,
2018,1642,"SIDS: Caribbean",8520967,,
2018,1643,"SIDS: Pacific",37182228,,
2018,2711,"BRICS",306189014,,
2018,3412,"European Union (2020 …)",99180455,,
2018,3916,"G20 (Group of Twenty)",468910198,,
2018,3919,"G-77 (Group of 77)",482530304,,
2018,3905,"OECD (Organisation for Economic Cooperation and Development)",260781651,,
2019,0000,"World",801358662,,
2019,5100,"Africa",33937093,,
2019,5110,"Northern Africa",16428182,,
2019,5120,"Sub-Saharan Africa",17508911,,
2019,5121,"Eastern Africa",4390719,,
2019,5122,"Middle Africa",2202008,,
2019,5123,"Southern Africa",4678498,,
2019,5124,"Western Africa",6237686,,
2019,5200,"Americas",115741830,,
2019,5210,"Northern America",61236649,,
2019,5220,"Latin America and the Caribbean",54505181,,
2019,5221,"Caribbean",8359483,,
2019,5222,"Central America",18550591,,
2019,5223,"South America",27595107,,
2019,5300,"Asia",521456151,,
2019,5330,"Eastern Asia",323464726,,
2019,5350,"South-eastern Asia",112761115,,
2019,5320,"Southern Asia",32517035,,
2019,5340,"Western Asia",52713275,,
2019,5400,"Europe",117411892,,
2019,5410,"Eastern Europe",9948859,,
2019,5420,"Northern Europe",18265021,,
2019,5430,"Southern Europe",41594782,,
2019,5440,"Western Europe",47603230,,
2019,5500,"Oceania",12811695,,
2019,5520,"Australia and New Zealand",12209890,,
2019,5510,"Oceania excluding Australia and New Zealand",601805,,
2019,008,"Albania",145762,,
2019,012,"Algeria",1793990,,
2019,024,"Angola",700123,,
2019,028,"Antigua and Barbuda",27657,,
2019,032,"Argentina",1833964,,
2019,533,"Aruba",63870,,
2019,036,"Australia",8778913,,
2019,044,"Bahamas",1528297,,
2019,048,"Bahrain",418933,,
2019,050,"Bangladesh",3145919,,
2019,052,"Barbados",98435,,
2019,056,"Belgium",12389876,,
2019,084,"Belize",44510,,
2019,076,"Brazil",10704669,,
2019,096,"Brunei Darussalam",117901,,
2019,100,"Bulgaria",261934,,
2019,132,"Cabo Verde",91683,,
2019,116,"Cambodia",639211,,
2019,120,"Cameroon",370493,,
2019,124,"Canada",7000133,,
2019,136,"Cayman Islands",,,"Not publishable"
2019,152,"Chile",4641633,,
2019,156,"China",237570000,,
2019,344,"China, Hong Kong SAR",18360000,,
2019,158,"China, Taiwan Province of",15298285,,
2019,170,"Colombia",4316862,,
2019,178,"Congo",921000,,
2019,188,"Costa Rica",1300785,,
2019,384,"Cote d'Ivoire",994646,,
2019,191,"Croatia",348435,,
2019,192,"Cuba",322431,,
2019,531,"Curacao",,,"Not publishable"
2019,196,"Cyprus",389962,,
2019,180,"Dem. Rep. of the Congo",42211,,
2019,208,"Denmark",880039,,
2019,262,"Djibouti",917000,,
2019,214,"Dominican Republic",1894225,,
2019,218,"Ecuador",2127042,,
2019,818,"Egypt",7403472,,
2019,222,"El Salvador",249472,,
2019,226,"Equatorial Guinea",13851,,
2019,233,"Estonia",241361,,
2019,246,"Finland",1628170,,
2019,250,"France",4992918,,
2019,254,"French Guiana",58543,,
2019,258,"French Polynesia",87575,,
2019,266,"Gabon",154330,,
2019,268,"Georgia",601491,,
2019,276,"Germany",15022386,,
2019,288,"Ghana",1079247,,
2019,300,"Greece",6151556,,
2019,308,"Grenada",18222,"Revised more than 20% in relation to the previous update.",
2019,312,"Guadeloupe",206959,,
2019,316,"Guam",190200,,
2019,320,"Guatemala",1529010,,
2019,324,"Guinea",248659,,
2019,328,"Guyana",58543,,
2019,332,"Haiti",185000,,
2019,340,"Honduras",790707,,
2019,352,"Iceland",330292,,
2019,356,"India",17487621,,
2019,360,"Indonesia",12704578,,
2019,364,"Iran (Islamic Republic of)",,,"Not publishable"
2019,372,"Ireland",1063489,,
2019,376,"Israel",2917000,,
2019,380,"Italy",10789337,,
2019,388,"Jamaica",1647609,,
2019,392,"Japan",23276482,,
2019,400,"Jordan",798160,,
2019,404,"Kenya",1417000,,
2019,428,"Latvia",449850,,
2019,422,"Lebanon",1257907,,
2019,434,"Libya",265098,,
2019,440,"Lithuania",703000,,
2019,458,"Malaysia",26215322,,
2019,470,"Malta",2813023,,
2019,474,"Martinique",178277,,
2019,480,"Mauritius",469011,,
2019,175,"Mayotte",74491,,
2019,484,"Mexico",7113878,,
2019,499,"Montenegro",15744,,
2019,504,"Morocco",6068803,,
2019,508,"Mozambique",411938,"Estimated",
2019,104,"Myanmar",1128353,,
2019,516,"Namibia",149464,,
2019,528,"Netherlands (Kingdom of the)",15198050,,
2019,530,"Netherlands Antilles",,,"Not applicable"
2019,540,"New Caledonia",111875,,
2019,554,"New Zealand",3430977,,
2019,558,"Nicaragua",175370,,
2019,566,"Nigeria",1627142,,
2019,578,"Norway",837457,,
2019,512,"Oman",4900767,,
2019,586,"Pakistan",3150000,,
2019,591,"Panama",7346859,,
2019,598,"Papua New Guinea",,,"Not publishable"
2019,604,"Peru",2677239,,
2019,608,"Philippines",9333428,,
2019,616,"Poland",3046483,,
2019,620,"Portugal",2907005,,
2019,630,"Puerto Rico",1451950,,
2019,634,"Qatar",1340000,,
2019,410,"Republic of Korea",28959959,,
2019,638,"Reunion",374848,,
2019,642,"Romania",666036,,
2019,643,"Russian Federation",4967133,,
2019,662,"Saint Lucia",39238,,
2019,670,"Saint Vincent and the Grenadines",18222,,
2019,882,"Samoa",42102,,
2019,682,"Saudi Arabia",8905621,,
2019,686,"Senegal",695698,,
2019,702,"Singapore",37195000,,
2019,534,"Sint Maarten (Dutch part)",105200,,
2019,705,"Slovenia",959000,,
2019,710,"South Africa",4529034,,
2019,724,"Spain",17464920,,
2019,144,"Sri Lanka",7230000,,
2019,729,"Sudan",422597,,
2019,736,"Sudan (...2011)",,,"Not applicable"
2019,740,"Suriname",109200,,
2019,752,"Sweden",1623363,,
2019,760,"Syrian Arab Republic",325097,,
2019,764,"Thailand",10130294,,
2019,768,"Togo",1500611,,
2019,780,"Trinidad and Tobago",446232,,
2019,788,"Tunisia",474222,,
2019,792,"Turkiye",11591414,,
2019,804,"Ukraine",1007273,,
2019,784,"United Arab Emirates",18802000,,
2019,826,"United Kingdom",10508000,,
2019,834,"United Republic of Tanzania",726431,,
2019,840,"United States",54236516,,
2019,858,"Uruguay",749562,,
2019,862,"Venezuela (Bolivarian Rep. of)",317850,"Revised more than 20% in relation to the previous update.",
2019,704,"Viet Nam",15297028,,
2019,887,"Yemen",464923,,
2019,5600,"Asia and Oceania",534267846,,
2019,5702,"Northern America and Europe",178648541,,
2019,5706,"Europe, Northern America, Australia and New Zealand",190858431,,
2019,5703,"Central and Southern Asia",32517035,,
2019,5704,"Eastern and South-Eastern Asia",436225841,,
2019,5705,"Western Asia and Northern Africa",69141457,,
2019,1400,"Developing economies",554956827,,
2019,1410,"Developing economies: Africa",33937093,,
2019,1411,"Developing economies: Northern Africa",16428182,,
2019,1412,"Developing economies: Sub-Saharan Africa",17508911,,
2019,1420,"Developing economies: Americas",54505181,,
2019,1460,"Developing economies: Asia and Oceania",466514553,,
2019,1430,"Developing economies: Asia",465912748,,
2019,1433,"Developing economies: Eastern Asia",271228285,,
2019,1435,"Developing economies: South-eastern Asia",112761115,,
2019,1432,"Developing economies: Southern Asia",32517035,,
2019,1434,"Developing economies: Western Asia",49406313,,
2019,1450,"Developing economies: Oceania",601805,,
2019,1500,"Developed economies",246401834,,
2019,1520,"Developed economies: Americas",61236649,,
2019,1560,"Developed economies: Asia and Oceania",67753293,,
2019,1530,"Developed economies: Asia",55543403,,
2019,1550,"Developed economies: Oceania",12209890,,
2019,1540,"Developed economies: Europe",117411892,,
2019,1600,"Developing economies excluding China",317386827,,
2019,1601,"Developing economies excluding LDCs",543728153,,
2019,1610,"LDCs (Least developed countries)",11228674,,
2019,1614,"LDCs: Africa",5665268,,
2019,1612,"LDCs: Asia",5378406,,
2019,1615,"LDCs: Islands and Haiti",185000,,
2019,1640,"SIDS (Small island developing States) (UN-OHRLLS)",46929235,,
2019,1641,"SIDS: Atlantic and Indian Ocean",560694,,
2019,1642,"SIDS: Caribbean",8571736,,
2019,1643,"SIDS: Pacific",37796805,,
2019,2711,"BRICS",315672002,,
2019,3412,"European Union (2020 …)",100883311,,
2019,3916,"G20 (Group of Twenty)",480972556,,
2019,3919,"G-77 (Group of 77)",498960312,,
2019,3905,"OECD (Organisation for Economic Cooperation and Development)",265644222,,
2020,0000,"World",792561372,,
2020,5100,"Africa",34518899,,
2020,5110,"Northern Africa",17329630,,
2020,5120,"Sub-Saharan Africa",17189269,,
2020,5121,"Eastern Africa",4225655,,
2020,5122,"Middle Africa",2138403,,
2020,5123,"Southern Africa",4224260,,
2020,5124,"Western Africa",6600951,,
2020,5200,"Americas",112773416,,
2020,5210,"Northern America",59357037,,
2020,5220,"Latin America and the Caribbean",53416379,,
2020,5221,"Caribbean",8039395,,
2020,5222,"Central America",18447724,,
2020,5223,"South America",26929260,,
2020,5300,"Asia",519279513,,
2020,5330,"Eastern Asia",323429704,,
2020,5350,"South-eastern Asia",111137808,,
2020,5320,"Southern Asia",31759200,,
2020,5340,"Western Asia",52952801,,
2020,5400,"Europe",113551431,,
2020,5410,"Eastern Europe",9783543,,
2020,5420,"Northern Europe",17299329,,
2020,5430,"Southern Europe",40632261,,
2020,5440,"Western Europe",45836298,,
2020,5500,"Oceania",12438114,,
2020,5520,"Australia and New Zealand",11916087,,
2020,5510,"Oceania excluding Australia and New Zealand",522027,,
2020,008,"Albania",138477,,
2020,012,"Algeria",1541273,,
2020,024,"Angola",590128,,
2020,028,"Antigua and Barbuda",28000,,
2020,032,"Argentina",1705390,,
2020,533,"Aruba",53171,,
2020,036,"Australia",8470466,,
2020,044,"Bahamas",1429694,,
2020,048,"Bahrain",464010,,
2020,050,"Bangladesh",2897709,,
2020,052,"Barbados",89460,,
2020,056,"Belgium",12697162,,
2020,084,"Belize",36993,,
2020,076,"Brazil",10450632,,
2020,096,"Brunei Darussalam",106174,,
2020,100,"Bulgaria",254571,,
2020,132,"Cabo Verde",76139,,
2020,116,"Cambodia",641842,,
2020,120,"Cameroon",421854,,
2020,124,"Canada",6298023,,
2020,136,"Cayman Islands",,,"Not publishable"
2020,152,"Chile",4217172,,
2020,156,"China",240480000,,
2020,344,"China, Hong Kong SAR",17953000,,
2020,158,"China, Taiwan Province of",14593553,,
2020,170,"Colombia",4272689,,
2020,178,"Congo",930000,,
2020,188,"Costa Rica",1509599,,
2020,384,"Cote d'Ivoire",979517,,
2020,191,"Croatia",376981,,
2020,192,"Cuba",255362,,
2020,531,"Curacao",89305,,
2020,196,"Cyprus",390504,,
2020,180,"Dem. Rep. of the Congo",,,"Not publishable"
2020,208,"Denmark",933622,,
2020,262,"Djibouti",860000,,
2020,214,"Dominican Republic",1781945,,
2020,218,"Ecuador",2294564,,
2020,818,"Egypt",7564385,,
2020,222,"El Salvador",228334,,
2020,226,"Equatorial Guinea",,,"Not publishable"
2020,233,"Estonia",213928,,
2020,246,"Finland",1496192,,
2020,250,"France",4435697,,
2020,254,"French Guiana",58376,,
2020,258,"French Polynesia",79480,,
2020,266,"Gabon",148003,,
2020,268,"Georgia",490670,,
2020,276,"Germany",13946212,,
2020,288,"Ghana",1324504,,
2020,300,"Greece",6188061,,
2020,308,"Grenada",18446,,
2020,312,"Guadeloupe",220233,,
2020,316,"Guam",,,"Not publishable"
2020,320,"Guatemala",1577456,,
2020,324,"Guinea",250000,,
2020,328,"Guyana",64241,,
2020,332,"Haiti",189500,,
2020,340,"Honduras",700066,,
2020,352,"Iceland",320000,,
2020,356,"India",17597062,,
2020,360,"Indonesia",11771309,,
2020,364,"Iran (Islamic Republic of)",,,"Not publishable"
2020,372,"Ireland",1058888,,
2020,376,"Israel",3048998,,
2020,380,"Italy",10696962,,
2020,388,"Jamaica",1631011,,
2020,392,"Japan",21568959,,
2020,400,"Jordan",857283,,
2020,404,"Kenya",1359579,,
2020,428,"Latvia",457342,,
2020,422,"Lebanon",798882,,
2020,434,"Libya",343599,,
2020,440,"Lithuania",639006,,
2020,458,"Malaysia",26669483,,
2020,470,"Malta",2539087,,
2020,474,"Martinique",164495,,
2020,480,"Mauritius",438078,,
2020,175,"Mayotte",73658,,
2020,484,"Mexico",6487264,,
2020,499,"Montenegro",,,"Not publishable"
2020,504,"Morocco",7000928,,
2020,508,"Mozambique",417459,"Estimated",
2020,104,"Myanmar",1095247,,
2020,516,"Namibia",148642,,
2020,528,"Netherlands (Kingdom of the)",14757227,,
2020,530,"Netherlands Antilles",,,"Not applicable"
2020,540,"New Caledonia",,,"Not publishable"
2020,554,"New Zealand",3445621,,
2020,558,"Nicaragua",172798,,
2020,566,"Nigeria",1548622,,
2020,578,"Norway",835398,,
2020,512,"Oman",5146009,,
2020,586,"Pakistan",3161000,,
2020,591,"Panama",7735214,,
2020,598,"Papua New Guinea",204518,,
2020,604,"Peru",2651281,,
2020,608,"Philippines",8019642,,
2020,616,"Poland",2915937,,
2020,620,"Portugal",2986021,,
2020,630,"Puerto Rico",1490218,,
2020,634,"Qatar",1412689,,
2020,410,"Republic of Korea",28834192,,
2020,638,"Reunion",367000,,
2020,642,"Romania",643025,,
2020,643,"Russian Federation",4921319,,
2020,662,"Saint Lucia",35721,,
2020,670,"Saint Vincent and the Grenadines",18446,,
2020,882,"Samoa",41200,,
2020,682,"Saudi Arabia",9330437,,
2020,686,"Senegal",696899,,
2020,702,"Singapore",36870900,,
2020,534,"Sint Maarten (Dutch part)",,,"Not publishable"
2020,705,"Slovenia",945007,,
2020,710,"South Africa",4075618,,
2020,724,"Spain",16745921,,
2020,144,"Sri Lanka",6850000,,
2020,729,"Sudan",396267,,
2020,736,"Sudan (...2011)",,,"Not applicable"
2020,740,"Suriname",106002,,
2020,752,"Sweden",1612953,,
2020,760,"Syrian Arab Republic",243348,,
2020,764,"Thailand",9568488,,
2020,768,"Togo",1725270,,
2020,780,"Trinidad and Tobago",406778,,
2020,788,"Tunisia",483178,,
2020,792,"Turkiye",11626578,,
2020,804,"Ukraine",1048691,,
2020,784,"United Arab Emirates",18720000,,
2020,826,"United Kingdom",9732000,,
2020,834,"United Republic of Tanzania",709881,,
2020,840,"United States",53059014,,
2020,858,"Uruguay",764797,,
2020,862,"Venezuela (Bolivarian Rep. of)",344116,,
2020,704,"Viet Nam",16394723,,
2020,887,"Yemen",423393,,
2020,5600,"Asia and Oceania",531717627,,
2020,5702,"Northern America and Europe",172908468,,
2020,5706,"Europe, Northern America, Australia and New Zealand",184824555,,
2020,5703,"Central and Southern Asia",31759200,,
2020,5704,"Eastern and South-Eastern Asia",434567512,,
2020,5705,"Western Asia and Northern Africa",70282431,,
2020,1400,"Developing economies",553894165,,
2020,1410,"Developing economies: Africa",34518899,,
2020,1411,"Developing economies: Northern Africa",17329630,,
2020,1412,"Developing economies: Sub-Saharan Africa",17189269,,
2020,1420,"Developing economies: Americas",53416379,,
2020,1460,"Developing economies: Asia and Oceania",465958887,,
2020,1430,"Developing economies: Asia",465436860,,
2020,1433,"Developing economies: Eastern Asia",273026553,,
2020,1435,"Developing economies: South-eastern Asia",111137808,,
2020,1432,"Developing economies: Southern Asia",31759200,,
2020,1434,"Developing economies: Western Asia",49513299,,
2020,1450,"Developing economies: Oceania",522027,,
2020,1500,"Developed economies",238667208,,
2020,1520,"Developed economies: Americas",59357037,,
2020,1560,"Developed economies: Asia and Oceania",65758740,,
2020,1530,"Developed economies: Asia",53842653,,
2020,1550,"Developed economies: Oceania",11916087,,
2020,1540,"Developed economies: Europe",113551431,,
2020,1600,"Developing economies excluding China",313414165,,
2020,1601,"Developing economies excluding LDCs",542958359,,
2020,1610,"LDCs (Least developed countries)",10935806,,
2020,1614,"LDCs: Africa",5688115,,
2020,1612,"LDCs: Asia",5058191,,
2020,1615,"LDCs: Islands and Haiti",189500,,
2020,1640,"SIDS (Small island developing States) (UN-OHRLLS)",46153775,,
2020,1641,"SIDS: Atlantic and Indian Ocean",514217,,
2020,1642,"SIDS: Caribbean",8246631,,
2020,1643,"SIDS: Pacific",37392927,,
2020,2711,"BRICS",316833754,,
2020,3412,"European Union (2020 …)",97814068,,
2020,3916,"G20 (Group of Twenty)",475487134,,
2020,3919,"G-77 (Group of 77)",499812725,,
2020,3905,"OECD (Organisation for Economic Cooperation and Development)",257335873,,
2021,0000,"World",849704968,,
2021,5100,"Africa",36790430,,
2021,5110,"Northern Africa",18554107,,
2021,5120,"Sub-Saharan Africa",18236323,,
2021,5121,"Eastern Africa",4171140,,
2021,5122,"Middle Africa",2195486,,
2021,5123,"Southern Africa",4571203,,
2021,5124,"Western Africa",7298494,,
2021,5200,"Americas",127793834,,
2021,5210,"Northern America",68044278,,
2021,5220,"Latin America and the Caribbean",59749556,,
2021,5221,"Caribbean",9163036,,
2021,5222,"Central America",21069266,,
2021,5223,"South America",29517254,,
2021,5300,"Asia",551513299,,
2021,5330,"Eastern Asia",342310954,,
2021,5350,"South-eastern Asia",119208578,,
2021,5320,"Southern Asia",35181805,,
2021,5340,"Western Asia",54811962,,
2021,5400,"Europe",120581855,,
2021,5410,"Eastern Europe",10348292,,
2021,5420,"Northern Europe",18100808,,
2021,5430,"Southern Europe",43022237,,
2021,5440,"Western Europe",49110518,,
2021,5500,"Oceania",13025549,,
2021,5520,"Australia and New Zealand",12504090,,
2021,5510,"Oceania excluding Australia and New Zealand",521459,,
2021,008,"Albania",144129,,
2021,012,"Algeria",,,"Not publishable"
2021,024,"Angola",628348,,
2021,028,"Antigua and Barbuda",29000,,
2021,032,"Argentina",1798923,,
2021,533,"Aruba",57062,,
2021,036,"Australia",9254828,,
2021,044,"Bahamas",1761742,,
2021,048,"Bahrain",404904,,
2021,050,"Bangladesh",3271732,,
2021,052,"Barbados",93899,,
2021,056,"Belgium",13095258,,
2021,084,"Belize",42478,,
2021,076,"Brazil",11801530,,
2021,096,"Brunei Darussalam",110430,,
2021,100,"Bulgaria",245160,,
2021,132,"Cabo Verde",79754,,
2021,116,"Cambodia",732387,,
2021,120,"Cameroon",360512,,
2021,124,"Canada",7169607,,
2021,136,"Cayman Islands",,,"Not publishable"
2021,152,"Chile",4335451,,
2021,156,"China",256945700,,
2021,344,"China, Hong Kong SAR",17772000,,
2021,158,"China, Taiwan Province of",15453000,,
2021,170,"Colombia",4901510,,
2021,178,"Congo",1003734,,
2021,188,"Costa Rica",1523198,,
2021,384,"Cote d'Ivoire",1042418,,
2021,191,"Croatia",379623,,
2021,192,"Cuba",246352,,
2021,531,"Curacao",92640,,
2021,196,"Cyprus",319131,,
2021,180,"Dem. Rep. of the Congo",,,"Not publishable"
2021,208,"Denmark",1054552,,
2021,262,"Djibouti",692000,,
2021,214,"Dominican Republic",2184754,,
2021,218,"Ecuador",2370031,,
2021,818,"Egypt",7226065,,
2021,222,"El Salvador",294326,,
2021,226,"Equatorial Guinea",,,"Not publishable"
2021,233,"Estonia",226689,,
2021,246,"Finland",1409037,,
2021,250,"France",5522541,,
2021,254,"French Guiana",68000,,
2021,258,"French Polynesia",80220,,
2021,266,"Gabon",154474,,
2021,268,"Georgia",401269,,
2021,276,"Germany",14710963,,
2021,288,"Ghana",1604724,,
2021,300,"Greece",6077102,,
2021,308,"Grenada",19505,,
2021,312,"Guadeloupe",238680,,
2021,316,"Guam",,,"Not publishable"
2021,320,"Guatemala",1735500,,
2021,324,"Guinea",,,"Not publishable"
2021,328,"Guyana",58377,,
2021,332,"Haiti",193900,,
2021,340,"Honduras",824876,,
2021,352,"Iceland",360000,,
2021,356,"India",19561769,,
2021,360,"Indonesia",12906100,,
2021,364,"Iran (Islamic Republic of)",,,"Not publishable"
2021,372,"Ireland",1143007,,
2021,376,"Israel",3132678,,
2021,380,"Italy",11303247,,
2021,388,"Jamaica",1975401,,
2021,392,"Japan",22353354,,
2021,400,"Jordan",765662,,
2021,404,"Kenya",1435565,,
2021,428,"Latvia",434146,,
2021,422,"Lebanon",640263,,
2021,434,"Libya",422100,,
2021,440,"Lithuania",666775,,
2021,458,"Malaysia",28261849,,
2021,470,"Malta",3075918,,
2021,474,"Martinique",171127,,
2021,480,"Mauritius",436398,,
2021,175,"Mayotte",,,"Not publishable"
2021,484,"Mexico",7852417,,
2021,499,"Montenegro",38352,,
2021,504,"Morocco",8448850,,
2021,508,"Mozambique",440582,"Estimated",
2021,104,"Myanmar",694016,,
2021,516,"Namibia",155980,,
2021,528,"Netherlands (Kingdom of the)",15781756,,
2021,530,"Netherlands Antilles",,,"Not applicable"
2021,540,"New Caledonia",107834,,
2021,554,"New Zealand",3249262,,
2021,558,"Nicaragua",172544,,
2021,566,"Nigeria",1566109,,
2021,578,"Norway",881238,,
2021,512,"Oman",5238968,,
2021,586,"Pakistan",3548000,,
2021,591,"Panama",8623927,,
2021,598,"Papua New Guinea",,,"Not publishable"
2021,604,"Peru",2874109,,
2021,608,"Philippines",8674859,,
2021,616,"Poland",3187943,,
2021,620,"Portugal",3294407,,
2021,630,"Puerto Rico",1490218,,
2021,634,"Qatar",1543591,,
2021,410,"Republic of Korea",29786900,,
2021,638,"Reunion",392937,,
2021,642,"Romania",631964,,
2021,643,"Russian Federation",5260849,,
2021,662,"Saint Lucia",35538,,
2021,670,"Saint Vincent and the Grenadines",21000,,
2021,882,"Samoa",43933,,
2021,682,"Saudi Arabia",9875946,,
2021,686,"Senegal",769358,,
2021,702,"Singapore",37571200,,
2021,534,"Sint Maarten (Dutch part)",,,"Not publishable"
2021,705,"Slovenia",997000,,
2021,710,"South Africa",4415223,,
2021,724,"Spain",17712459,,
2021,144,"Sri Lanka",7250000,,
2021,729,"Sudan",320274,,
2021,736,"Sudan (...2011)",,,"Not applicable"
2021,740,"Suriname",109600,,
2021,752,"Sweden",1635183,,
2021,760,"Syrian Arab Republic",,,"Not publishable"
2021,764,"Thailand",10436689,,
2021,768,"Togo",1986131,,
2021,780,"Trinidad and Tobago",410393,,
2021,788,"Tunisia",469658,,
2021,792,"Turkiye",12591327,,
2021,804,"Ukraine",1022376,,
2021,784,"United Arab Emirates",19236164,,
2021,826,"United Kingdom",10290181,,
2021,834,"United Republic of Tanzania",700000,,
2021,840,"United States",60874671,,
2021,858,"Uruguay",977922,,
2021,862,"Venezuela (Bolivarian Rep. of)",221801,"Estimated",
2021,704,"Viet Nam",19821048,,
2021,887,"Yemen",418711,,
2021,5600,"Asia and Oceania",564538848,,
2021,5702,"Northern America and Europe",188626133,,
2021,5706,"Europe, Northern America, Australia and New Zealand",201130223,,
2021,5703,"Central and Southern Asia",35181805,,
2021,5704,"Eastern and South-Eastern Asia",461519532,,
2021,5705,"Western Asia and Northern Africa",73366069,,
2021,1400,"Developing economies",592982681,,
2021,1410,"Developing economies: Africa",36790430,,
2021,1411,"Developing economies: Northern Africa",18554107,,
2021,1412,"Developing economies: Sub-Saharan Africa",18236323,,
2021,1420,"Developing economies: Americas",59749556,,
2021,1460,"Developing economies: Asia and Oceania",496442695,,
2021,1430,"Developing economies: Asia",495921236,,
2021,1433,"Developing economies: Eastern Asia",290170700,,
2021,1435,"Developing economies: South-eastern Asia",119208578,,
2021,1432,"Developing economies: Southern Asia",35181805,,
2021,1434,"Developing economies: Western Asia",51360153,,
2021,1450,"Developing economies: Oceania",521459,,
2021,1500,"Developed economies",256722286,,
2021,1520,"Developed economies: Americas",68044278,,
2021,1560,"Developed economies: Asia and Oceania",68096153,,
2021,1530,"Developed economies: Asia",55592063,,
2021,1550,"Developed economies: Oceania",12504090,,
2021,1540,"Developed economies: Europe",120581855,,
2021,1600,"Developing economies excluding China",336036981,,
2021,1601,"Developing economies excluding LDCs",581843031,,
2021,1610,"LDCs (Least developed countries)",11139650,,
2021,1614,"LDCs: Africa",5828904,,
2021,1612,"LDCs: Asia",5116846,,
2021,1615,"LDCs: Islands and Haiti",193900,,
2021,1640,"SIDS (Small island developing States) (UN-OHRLLS)",47982302,,
2021,1641,"SIDS: Atlantic and Indian Ocean",516152,,
2021,1642,"SIDS: Caribbean",9373491,,
2021,1643,"SIDS: Pacific",38092659,,
2021,2711,"BRICS",338903704,,
2021,3412,"European Union (2020 …)",103848263,,
2021,3916,"G20 (Group of Twenty)",514276076,,
2021,3919,"G-77 (Group of 77)",535913513,,
2021,3905,"OECD (Organisation for Economic Cooperation and Development)",277753089,,
2022,0000,"World",855154871,,
2022,5100,"Africa",36622876,,
2022,5110,"Northern Africa",19198406,,
2022,5120,"Sub-Saharan Africa",17424470,,
2022,5121,"Eastern Africa",4039092,,
2022,5122,"Middle Africa",2246041,,
2022,5123,"Southern Africa",4221628,,
2022,5124,"Western Africa",6917709,,
2022,5200,"Americas",127674455,,
2022,5210,"Northern America",68267335,,
2022,5220,"Latin America and the Caribbean",59407120,,
2022,5221,"Caribbean",9189911,,
2022,5222,"Central America",21447418,,
2022,5223,"South America",28769791,,
2022,5300,"Asia",562445602,,
2022,5330,"Eastern Asia",351017113,,
2022,5350,"South-eastern Asia",119840253,,
2022,5320,"Southern Asia",35474739,,
2022,5340,"Western Asia",56113497,,
2022,5400,"Europe",115085050,,
2022,5410,"Eastern Europe",8003052,,
2022,5420,"Northern Europe",18162270,,
2022,5430,"Southern Europe",42327970,,
2022,5440,"Western Europe",46591758,,
2022,5500,"Oceania",13326889,,
2022,5520,"Australia and New Zealand",12803649,,
2022,5510,"Oceania excluding Australia and New Zealand",523240,,
2022,008,"Albania",132965,,
2022,012,"Algeria",1530969,,
2022,024,"Angola",678333,,
2022,028,"Antigua and Barbuda",28000,,
2022,032,"Argentina",1667161,,
2022,533,"Aruba",64771,,
2022,036,"Australia",9377619,,
2022,044,"Bahamas",1702995,,
2022,048,"Bahrain",383435,,
2022,050,"Bangladesh",3200236,,
2022,052,"Barbados",97000,,
2022,056,"Belgium",12334925,,
2022,084,"Belize",47264,,
2022,076,"Brazil",11683239,,
2022,096,"Brunei Darussalam",104000,,
2022,100,"Bulgaria",254854,,
2022,132,"Cabo Verde",82871,,
2022,116,"Cambodia",750148,,
2022,120,"Cameroon",338412,,
2022,124,"Canada",7075877,,
2022,136,"Cayman Islands",40829,,
2022,152,"Chile",4203293,,
2022,156,"China",268790000,,
2022,344,"China, Hong Kong SAR",16573000,,
2022,158,"China, Taiwan Province of",14689486,,
2022,170,"Colombia",4480670,,
2022,178,"Congo",1000000,,
2022,188,"Costa Rica",1594323,,
2022,384,"Cote d'Ivoire",1083605,,
2022,191,"Croatia",544015,,
2022,192,"Cuba",261080,,
2022,531,"Curacao",100835,,
2022,196,"Cyprus",371740,,
2022,180,"Dem. Rep. of the Congo",,,"Not publishable"
2022,208,"Denmark",1079406,,
2022,262,"Djibouti",635000,,
2022,214,"Dominican Republic",2043326,,
2022,218,"Ecuador",2333272,,
2022,818,"Egypt",7646643,,
2022,222,"El Salvador",242307,,
2022,226,"Equatorial Guinea",,,"Not publishable"
2022,233,"Estonia",288208,,
2022,246,"Finland",1446004,,
2022,250,"France",5593633,,
2022,254,"French Guiana",72420,,
2022,258,"French Polynesia",84772,,
2022,266,"Gabon",180878,,
2022,268,"Georgia",477357,,
2022,276,"Germany",13733867,,
2022,288,"Ghana",1244245,,
2022,300,"Greece",5707876,,
2022,308,"Grenada",20299,,
2022,312,"Guadeloupe",235699,,
2022,316,"Guam",,,"Not publishable"
2022,320,"Guatemala",1660504,,
2022,324,"Guinea",,,"Not publishable"
2022,328,"Guyana",,,"Not publishable"
2022,332,"Haiti",200297,,
2022,340,"Honduras",923321,,
2022,352,"Iceland",360000,,
2022,356,"India",19717168,,
2022,360,"Indonesia",13281232,,
2022,364,"Iran (Islamic Republic of)",,,"Not publishable"
2022,372,"Ireland",1154803,,
2022,376,"Israel",3118000,,
2022,380,"Italy",11577612,,
2022,388,"Jamaica",2137500,,
2022,392,"Japan",22462583,,
2022,400,"Jordan",852554,,
2022,404,"Kenya",1430000,,
2022,428,"Latvia",471684,,
2022,422,"Lebanon",434218,,
2022,434,"Libya",428760,,
2022,440,"Lithuania",1047941,,
2022,458,"Malaysia",27293935,,
2022,470,"Malta",2993799,,
2022,474,"Martinique",192133,,
2022,480,"Mauritius",407825,,
2022,175,"Mayotte",,,"Not publishable"
2022,484,"Mexico",8307884,,
2022,499,"Montenegro",,,"Not publishable"
2022,504,"Morocco",8840340,,
2022,508,"Mozambique",420500,"Estimated",
2022,104,"Myanmar",846426,,
2022,516,"Namibia",168278,,
2022,528,"Netherlands (Kingdom of the)",14929333,,
2022,530,"Netherlands Antilles",,,"Not applicable"
2022,540,"New Caledonia",,,"Not publishable"
2022,554,"New Zealand",3426030,,
2022,558,"Nicaragua",153390,,
2022,566,"Nigeria",1566109,,
2022,578,"Norway",933300,,
2022,512,"Oman",5228483,,
2022,586,"Pakistan",3383580,,
2022,591,"Panama",8518425,,
2022,598,"Papua New Guinea",200000,,
2022,604,"Peru",2865239,,
2022,608,"Philippines",9258516,,
2022,616,"Poland",3061848,,
2022,620,"Portugal",3153877,,
2022,630,"Puerto Rico",1398600,,
2022,634,"Qatar",1408804,,
2022,410,"Republic of Korea",28502044,,
2022,638,"Reunion",372109,,
2022,642,"Romania",772046,,
2022,643,"Russian Federation",3914304,,
2022,662,"Saint Lucia",38973,,
2022,670,"Saint Vincent and the Grenadines",23830,"Revised more than 20% in relation to the previous update.",
2022,882,"Samoa",45680,,
2022,682,"Saudi Arabia",10469213,,
2022,686,"Senegal",738000,,
2022,702,"Singapore",37289600,,
2022,534,"Sint Maarten (Dutch part)",,,"Not publishable"
2022,705,"Slovenia",1017798,,
2022,710,"South Africa",4053350,,
2022,724,"Spain",17161676,,
2022,144,"Sri Lanka",6860000,,
2022,729,"Sudan",,,"Not publishable"
2022,736,"Sudan (...2011)",,,"Not applicable"
2022,740,"Suriname",103874,,
2022,752,"Sweden",1631248,,
2022,760,"Syrian Arab Republic",,,"Not publishable"
2022,764,"Thailand",10497112,,
2022,768,"Togo",1952879,,
2022,780,"Trinidad and Tobago",498544,,
2022,788,"Tunisia",431420,,
2022,792,"Turkiye",12366172,,
2022,804,"Ukraine",,,"Not publishable"
2022,784,"United Arab Emirates",20391675,,
2022,826,"United Kingdom",9749676,,
2022,834,"United Republic of Tanzania",700000,,
2022,840,"United States",61191458,,
2022,858,"Uruguay",1080445,,
2022,862,"Venezuela (Bolivarian Rep. of)",,,"Not publishable"
2022,704,"Viet Nam",20519284,,
2022,887,"Yemen",368498,,
2022,5600,"Asia and Oceania",575772491,,
2022,5702,"Northern America and Europe",183352385,,
2022,5706,"Europe, Northern America, Australia and New Zealand",196156034,,
2022,5703,"Central and Southern Asia",35474739,,
2022,5704,"Eastern and South-Eastern Asia",470857366,,
2022,5705,"Western Asia and Northern Africa",75311903,,
2022,1400,"Developing economies",604544471,,
2022,1410,"Developing economies: Africa",36622876,,
2022,1411,"Developing economies: Northern Africa",19198406,,
2022,1412,"Developing economies: Sub-Saharan Africa",17424470,,
2022,1420,"Developing economies: Americas",59407120,,
2022,1460,"Developing economies: Asia and Oceania",508514475,,
2022,1430,"Developing economies: Asia",507991235,,
2022,1433,"Developing economies: Eastern Asia",300052486,,
2022,1435,"Developing economies: South-eastern Asia",119840253,,
2022,1432,"Developing economies: Southern Asia",35474739,,
2022,1434,"Developing economies: Western Asia",52623757,,
2022,1450,"Developing economies: Oceania",523240,,
2022,1500,"Developed economies",250610401,,
2022,1520,"Developed economies: Americas",68267335,,
2022,1560,"Developed economies: Asia and Oceania",67258016,,
2022,1530,"Developed economies: Asia",54454367,,
2022,1550,"Developed economies: Oceania",12803649,,
2022,1540,"Developed economies: Europe",115085050,,
2022,1600,"Developing economies excluding China",335754471,,
2022,1601,"Developing economies excluding LDCs",593441669,,
2022,1610,"LDCs (Least developed countries)",11102802,,
2022,1614,"LDCs: Africa",5737197,,
2022,1612,"LDCs: Asia",5165308,,
2022,1615,"LDCs: Islands and Haiti",200297,,
2022,1640,"SIDS (Small island developing States) (UN-OHRLLS)",47702962,,
2022,1641,"SIDS: Atlantic and Indian Ocean",490696,,
2022,1642,"SIDS: Caribbean",9399426,,
2022,1643,"SIDS: Pacific",37812840,,
2022,2711,"BRICS",351791366,,
2022,3412,"European Union (2020 …)",101274212,,
2022,3916,"G20 (Group of Twenty)",523514092,,
2022,3919,"G-77 (Group of 77)",549196758,,
2022,3905,"OECD (Organisation for Economic Cooperation and Development)",273486687,,
2023,0000,"World",860605228,,
2023,5100,"Africa",39679007,,
2023,5110,"Northern Africa",21101378,,
2023,5120,"Sub-Saharan Africa",18577629,,
2023,5121,"Eastern Africa",4664936,,
2023,5122,"Middle Africa",2233221,,
2023,5123,"Southern Africa",4284704,,
2023,5124,"Western Africa",7394768,,
2023,5200,"Americas",120291587,,
2023,5210,"Northern America",60721504,,
2023,5220,"Latin America and the Caribbean",59570083,,
2023,5221,"Caribbean",8901516,,
2023,5222,"Central America",21409244,,
2023,5223,"South America",29259323,,
2023,5300,"Asia",577200591,,
2023,5330,"Eastern Asia",358203977,,
2023,5350,"South-eastern Asia",122837208,,
2023,5320,"Southern Asia",37776518,,
2023,5340,"Western Asia",58382888,,
2023,5400,"Europe",110444154,,
2023,5410,"Eastern Europe",8693706,,
2023,5420,"Northern Europe",17130010,,
2023,5430,"Southern Europe",41548311,,
2023,5440,"Western Europe",43072127,,
2023,5500,"Oceania",12989889,,
2023,5520,"Australia and New Zealand",12467653,,
2023,5510,"Oceania excluding Australia and New Zealand",522236,,
2023,008,"Albania",184017,,
2023,012,"Algeria",1545930,"Estimated",
2023,024,"Angola",662054,,
2023,028,"Antigua and Barbuda",29000,,
2023,032,"Argentina",1490437,,
2023,533,"Aruba",64753,,
2023,036,"Australia",9283435,,
2023,044,"Bahamas",1469256,,
2023,048,"Bahrain",404097,,
2023,050,"Bangladesh",3225732,,
2023,052,"Barbados",101300,,
2023,056,"Belgium",11482434,,
2023,084,"Belize",21279,,
2023,076,"Brazil",11613563,,
2023,096,"Brunei Darussalam",99000,,
2023,100,"Bulgaria",282160,,
2023,132,"Cabo Verde",83828,,
2023,116,"Cambodia",797778,,
2023,120,"Cameroon",348470,,
2023,124,"Canada",6102646,,
2023,136,"Cayman Islands",,,"Not publishable"
2023,152,"Chile",4322878,,
2023,156,"China",278759834,,
2023,344,"China, Hong Kong SAR",14345000,,
2023,158,"China, Taiwan Province of",13596979,,
2023,170,"Colombia",4503448,,
2023,178,"Congo",1001000,,
2023,188,"Costa Rica",1658363,,
2023,384,"Cote d'Ivoire",1476195,,
2023,191,"Croatia",555336,,
2023,192,"Cuba",281140,,
2023,531,"Curacao",98051,,
2023,196,"Cyprus",389864,,
2023,180,"Dem. Rep. of the Congo",,,"Not publishable"
2023,208,"Denmark",926423,,
2023,262,"Djibouti",886831,,
2023,214,"Dominican Republic",2101589,,
2023,218,"Ecuador",2604311,,
2023,818,"Egypt",8360875,,
2023,222,"El Salvador",256043,,
2023,226,"Equatorial Guinea",,,"Not publishable"
2023,233,"Estonia",221405,,
2023,246,"Finland",1368831,,
2023,250,"France",4869539,,
2023,254,"French Guiana",75777,,
2023,258,"French Polynesia",,,"Not publishable"
2023,266,"Gabon",173279,,
2023,268,"Georgia",701550,,
2023,276,"Germany",12608856,,
2023,288,"Ghana",1226635,,
2023,300,"Greece",5926627,,
2023,308,"Grenada",,,"Not publishable"
2023,312,"Guadeloupe",216500,,
2023,316,"Guam",,,"Not publishable"
2023,320,"Guatemala",1768269,,
2023,324,"Guinea",286286,,
2023,328,"Guyana",,,"Not publishable"
2023,332,"Haiti",201888,,
2023,340,"Honduras",907410,,
2023,352,"Iceland",425000,,
2023,356,"India",22208000,,
2023,360,"Indonesia",13734424,,
2023,364,"Iran (Islamic Republic of)",,,"Not publishable"
2023,372,"Ireland",1097574,"Revised more than 20% in relation to the previous update.",
2023,376,"Israel",3123896,,
2023,380,"Italy",11303925,,
2023,388,"Jamaica",1995000,,
2023,392,"Japan",21499023,,
2023,400,"Jordan",898736,,
2023,404,"Kenya",1623080,,
2023,428,"Latvia",468895,,
2023,422,"Lebanon",,,"Not publishable"
2023,434,"Libya",465168,,
2023,440,"Lithuania",1050804,,
2023,458,"Malaysia",28246849,,
2023,470,"Malta",2907257,,
2023,474,"Martinique",187252,,
2023,480,"Mauritius",448527,,
2023,175,"Mayotte",,,"Not publishable"
2023,484,"Mexico",8319202,,
2023,499,"Montenegro",35085,,
2023,504,"Morocco",9964417,,
2023,508,"Mozambique",489000,"Estimated",
2023,104,"Myanmar",761557,,
2023,516,"Namibia",160883,,
2023,528,"Netherlands (Kingdom of the)",14111298,,
2023,530,"Netherlands Antilles",,,"Not applicable"
2023,540,"New Caledonia",,,"Not publishable"
2023,554,"New Zealand",3184218,,
2023,558,"Nicaragua",155815,,
2023,566,"Nigeria",1566109,,
2023,578,"Norway",882560,,
2023,512,"Oman",4608110,,
2023,586,"Pakistan",2909000,,
2023,591,"Panama",8322863,,
2023,598,"Papua New Guinea",,,"Not publishable"
2023,604,"Peru",3144220,,
2023,608,"Philippines",8803874,,
2023,616,"Poland",2995174,,
2023,620,"Portugal",3189770,,
2023,630,"Puerto Rico",1349400,,
2023,634,"Qatar",1318414,,
2023,410,"Republic of Korea",30003141,,
2023,638,"Reunion",323840,,
2023,642,"Romania",830201,,
2023,643,"Russian Federation",4586171,,
2023,662,"Saint Lucia",37054,,
2023,670,"Saint Vincent and the Grenadines",20299,,
2023,882,"Samoa",44676,,
2023,682,"Saudi Arabia",11379951,,
2023,686,"Senegal",848276,,
2023,702,"Singapore",39010000,,
2023,534,"Sint Maarten (Dutch part)",,,"Not publishable"
2023,705,"Slovenia",1066093,,
2023,710,"South Africa",4123821,,
2023,724,"Spain",16380201,,
2023,144,"Sri Lanka",6940000,,
2023,729,"Sudan",,,"Not publishable"
2023,736,"Sudan (...2011)",,,"Not applicable"
2023,740,"Suriname",104511,,
2023,752,"Sweden",1598378,,
2023,760,"Syrian Arab Republic",,,"Not publishable"
2023,764,"Thailand",10313980,,
2023,768,"Togo",1907439,,
2023,780,"Trinidad and Tobago",545177,,
2023,788,"Tunisia",444714,,
2023,792,"Turkiye",12554581,,
2023,804,"Ukraine",,,"Not publishable"
2023,784,"United Arab Emirates",21531172,,
2023,826,"United Kingdom",9090140,,
2023,834,"United Republic of Tanzania",,,"Not publishable"
2023,840,"United States",54618858,,
2023,858,"Uruguay",1120000,,
2023,862,"Venezuela (Bolivarian Rep. of)",,,"Not publishable"
2023,704,"Viet Nam",21069746,,
2023,887,"Yemen",,,"Not publishable"
2023,5600,"Asia and Oceania",590190480,,
2023,5702,"Northern America and Europe",171165658,,
2023,5706,"Europe, Northern America, Australia and New Zealand",183633311,,
2023,5703,"Central and Southern Asia",37776518,,
2023,5704,"Eastern and South-Eastern Asia",481041185,,
2023,5705,"Western Asia and Northern Africa",79484266,,
2023,1400,"Developing economies",621955993,,
2023,1410,"Developing economies: Africa",39679007,,
2023,1411,"Developing economies: Northern Africa",21101378,,
2023,1412,"Developing economies: Sub-Saharan Africa",18577629,,
2023,1420,"Developing economies: Americas",59570083,,
2023,1460,"Developing economies: Asia and Oceania",522706903,,
2023,1430,"Developing economies: Asia",522184667,,
2023,1433,"Developing economies: Eastern Asia",306701813,,
2023,1435,"Developing economies: South-eastern Asia",122837208,,
2023,1432,"Developing economies: Southern Asia",37776518,,
2023,1434,"Developing economies: Western Asia",54869128,,
2023,1450,"Developing economies: Oceania",522236,,
2023,1500,"Developed economies",238649235,,
2023,1520,"Developed economies: Americas",60721504,,
2023,1560,"Developed economies: Asia and Oceania",67483577,,
2023,1530,"Developed economies: Asia",55015924,,
2023,1550,"Developed economies: Oceania",12467653,,
2023,1540,"Developed economies: Europe",110444154,,
2023,1600,"Developing economies excluding China",343196159,,
2023,1601,"Developing economies excluding LDCs",610338169,,
2023,1610,"LDCs (Least developed countries)",11617824,,
2023,1614,"LDCs: Africa",6262371,,
2023,1612,"LDCs: Asia",5153565,,
2023,1615,"LDCs: Islands and Haiti",201888,,
2023,1640,"SIDS (Small island developing States) (UN-OHRLLS)",49150274,,
2023,1641,"SIDS: Atlantic and Indian Ocean",532355,,
2023,1642,"SIDS: Caribbean",9085683,,
2023,1643,"SIDS: Pacific",39532236,,
2023,2711,"BRICS",367411646,,
2023,3412,"European Union (2020 …)",96508072,,
2023,3916,"G20 (Group of Twenty)",528149547,,
2023,3919,"G-77 (Group of 77)",569591863,,
2023,3905,"OECD (Organisation for Economic Cooperation and Development)",261114643,,
2024,0000,"World",920300805,,
2024,5100,"Africa",44341039,,
2024,5110,"Northern Africa",23475654,,
2024,5120,"Sub-Saharan Africa",20865385,,
2024,5121,"Eastern Africa",5589383,,
2024,5122,"Middle Africa",2334581,,
2024,5123,"Southern Africa",4474833,,
2024,5124,"Western Africa",8466588,,
2024,5200,"Americas",131990232,,
2024,5210,"Northern America",66101528,,
2024,5220,"Latin America and the Caribbean",65888704,,
2024,5221,"Caribbean",9308400,,
2024,5222,"Central America",23932341,,
2024,5223,"South America",32647963,,
2024,5300,"Asia",613209077,,
2024,5330,"Eastern Asia",381064653,,
2024,5350,"South-eastern Asia",133478102,,
2024,5320,"Southern Asia",41293867,,
2024,5340,"Western Asia",57372455,,
2024,5400,"Europe",117279309,,
2024,5410,"Eastern Europe",9744025,,
2024,5420,"Northern Europe",17834355,,
2024,5430,"Southern Europe",44123577,,
2024,5440,"Western Europe",45577352,,
2024,5500,"Oceania",13481148,,
2024,5520,"Australia and New Zealand",12950571,,
2024,5510,"Oceania excluding Australia and New Zealand",530577,,
2024,008,"Albania",,,"Not publishable"
2024,012,"Algeria",1827788,"Estimated",
2024,024,"Angola",709221,,
2024,028,"Antigua and Barbuda",28000,,
2024,032,"Argentina",1471434,,
2024,533,"Aruba",64800,,
2024,036,"Australia",9579396,,
2024,044,"Bahamas",1540740,,
2024,048,"Bahrain",409382,,
2024,050,"Bangladesh",3353732,,
2024,052,"Barbados",,,"Not publishable"
2024,056,"Belgium",12395047,,
2024,084,"Belize",,,"Not publishable"
2024,076,"Brazil",13893906,,
2024,096,"Brunei Darussalam",,,"Not publishable"
2024,100,"Bulgaria",296350,,
2024,132,"Cabo Verde",89382,,
2024,116,"Cambodia",1030000,,
2024,120,"Cameroon",350000,,
2024,124,"Canada",6394038,,
2024,136,"Cayman Islands",46658,,
2024,152,"Chile",4474125,,
2024,156,"China",299703800,,
2024,344,"China, Hong Kong SAR",13690000,,
2024,158,"China, Taiwan Province of",13933246,,
2024,170,"Colombia",5188127,,
2024,178,"Congo",1046064,,
2024,188,"Costa Rica",1717439,,
2024,384,"Cote d'Ivoire",1802000,,
2024,191,"Croatia",532451,,
2024,192,"Cuba",,,"Not publishable"
2024,531,"Curacao",98100,,
2024,196,"Cyprus",386498,,
2024,180,"Dem. Rep. of the Congo",,,"Not publishable"
2024,208,"Denmark",935848,,
2024,262,"Djibouti",1293000,,
2024,214,"Dominican Republic",2110608,,
2024,218,"Ecuador",2567040,,
2024,818,"Egypt",8581339,,
2024,222,"El Salvador",255017,,
2024,226,"Equatorial Guinea",,,"Not publishable"
2024,233,"Estonia",261822,,
2024,246,"Finland",1317452,,
2024,250,"France",5371045,,
2024,254,"French Guiana",75193,,
2024,258,"French Polynesia",,,"Not publishable"
2024,266,"Gabon",180878,,
2024,268,"Georgia",636497,,
2024,276,"Germany",13294081,,
2024,288,"Ghana",1701246,,
2024,300,"Greece",5691448,,
2024,308,"Grenada",,,"Not publishable"
2024,312,"Guadeloupe",202653,,
2024,316,"Guam",,,"Not publishable"
2024,320,"Guatemala",2010490,,
2024,324,"Guinea",,,"Not publishable"
2024,328,"Guyana",,,"Not publishable"
2024,332,"Haiti",201514,,
2024,340,"Honduras",905497,,
2024,352,"Iceland",,,"Not publishable"
2024,356,"India",23898000,,
2024,360,"Indonesia",14709550,,
2024,364,"Iran (Islamic Republic of)",2921359,,
2024,372,"Ireland",1209552,,
2024,376,"Israel",3059136,,
2024,380,"Italy",11927016,,
2024,388,"Jamaica",2349405,,
2024,392,"Japan",21886683,,
2024,400,"Jordan",824199,,
2024,404,"Kenya",2005076,,
2024,428,"Latvia",490971,,
2024,422,"Lebanon",762062,,
2024,434,"Libya",,,"Not publishable"
2024,440,"Lithuania",1068771,,
2024,458,"Malaysia",30659850,,
2024,470,"Malta",2967924,,
2024,474,"Martinique",187666,,
2024,480,"Mauritius",468254,,
2024,175,"Mayotte",,,"Not publishable"
2024,484,"Mexico",9284170,,
2024,499,"Montenegro",17263,,
2024,504,"Morocco",11789130,,
2024,508,"Mozambique",,,"Not publishable"
2024,104,"Myanmar",782951,,
2024,516,"Namibia",171151,,
2024,528,"Netherlands (Kingdom of the)",14517179,,
2024,530,"Netherlands Antilles",,,"Not applicable"
2024,540,"New Caledonia",,,"Not publishable"
2024,554,"New Zealand",3371175,,
2024,558,"Nicaragua",167682,,
2024,566,"Nigeria",,,"Not publishable"
2024,578,"Norway",862983,,
2024,512,"Oman",4246786,,
2024,586,"Pakistan",3338000,,
2024,591,"Panama",9570767,,
2024,598,"Papua New Guinea",,,"Not publishable"
2024,604,"Peru",3477011,,
2024,608,"Philippines",9216842,,
2024,616,"Poland",3270784,,
2024,620,"Portugal",3541777,,
2024,630,"Puerto Rico",1300000,,
2024,634,"Qatar",1421000,,
2024,410,"Republic of Korea",31850924,,
2024,638,"Reunion",376797,,
2024,642,"Romania",989795,,
2024,643,"Russian Federation",5187096,,
2024,662,"Saint Lucia",,,"Not publishable"
2024,670,"Saint Vincent and the Grenadines",24416,,
2024,882,"Samoa",53017,,
2024,682,"Saudi Arabia",8029571,,
2024,686,"Senegal",881239,,
2024,702,"Singapore",41124100,,
2024,534,"Sint Maarten (Dutch part)",,,"Not publishable"
2024,705,"Slovenia",1133340,,
2024,710,"South Africa",4303682,,
2024,724,"Spain",18114517,,
2024,144,"Sri Lanka",7782776,,
2024,729,"Sudan",,,"Not publishable"
2024,736,"Sudan (...2011)",,,"Not applicable"
2024,740,"Suriname",105949,,
2024,752,"Sweden",1640487,,
2024,760,"Syrian Arab Republic",,,"Not publishable"
2024,764,"Thailand",11432626,,
2024,768,"Togo",2006435,,
2024,780,"Trinidad and Tobago",,,"Not publishable"
2024,788,"Tunisia",491955,,
2024,792,"Turkiye",13507070,,
2024,804,"Ukraine",,,"Not publishable"
2024,784,"United Arab Emirates",23466906,,
2024,826,"United Kingdom",9621469,,
2024,834,"United Republic of Tanzania",985000,,
2024,840,"United States",59707490,,
2024,858,"Uruguay",1115000,,
2024,862,"Venezuela (Bolivarian Rep. of)",,,"Not publishable"
2024,704,"Viet Nam",24423183,,
2024,887,"Yemen",380000,,
2024,5600,"Asia and Oceania",626690225,,
2024,5702,"Northern America and Europe",183380837,,
2024,5706,"Europe, Northern America, Australia and New Zealand",196331408,,
2024,5703,"Central and Southern Asia",41293867,,
2024,5704,"Eastern and South-Eastern Asia",514542755,,
2024,5705,"Western Asia and Northern Africa",80848109,,
2024,1400,"Developing economies",666786156,,
2024,1410,"Developing economies: Africa",44341039,,
2024,1411,"Developing economies: Northern Africa",23475654,,
2024,1412,"Developing economies: Sub-Saharan Africa",20865385,,
2024,1420,"Developing economies: Americas",65888704,,
2024,1460,"Developing economies: Asia and Oceania",556556413,,
2024,1430,"Developing economies: Asia",556025836,,
2024,1433,"Developing economies: Eastern Asia",327327046,,
2024,1435,"Developing economies: South-eastern Asia",133478102,,
2024,1432,"Developing economies: Southern Asia",41293867,,
2024,1434,"Developing economies: Western Asia",53926821,,
2024,1450,"Developing economies: Oceania",530577,,
2024,1500,"Developed economies",253514649,,
2024,1520,"Developed economies: Americas",66101528,,
2024,1560,"Developed economies: Asia and Oceania",70133812,,
2024,1530,"Developed economies: Asia",57183241,,
2024,1550,"Developed economies: Oceania",12950571,,
2024,1540,"Developed economies: Europe",117279309,,
2024,1600,"Developing economies excluding China",367082356,,
2024,1601,"Developing economies excluding LDCs",654126695,,
2024,1610,"LDCs (Least developed countries)",12659461,,
2024,1614,"LDCs: Africa",6911264,,
2024,1612,"LDCs: Asia",5546683,,
2024,1615,"LDCs: Islands and Haiti",201514,,
2024,1640,"SIDS (Small island developing States) (UN-OHRLLS)",51706318,,
2024,1641,"SIDS: Atlantic and Indian Ocean",557636,,
2024,1642,"SIDS: Caribbean",9494005,,
2024,1643,"SIDS: Pacific",41654677,,
2024,2711,"BRICS",396665638,,
2024,3412,"European Union (2020 …)",102270122,,
2024,3916,"G20 (Group of Twenty)",563620421,,
2024,3919,"G-77 (Group of 77)",612898387,,
2024,3905,"OECD (Organisation for Economic Cooperation and Development)",278026329,,
