{"type":"FeatureCollection","features":[{"type":"Feature","properties":{"id":"CHN","name":"China"},"geometry":{"type":"MultiPolygon","coordinates":[[[[78.92,33.39],[75.91,36.12],[74.91,37.68],[73.92,39.58],[76.61,40.6],[80.19,42.7],[81.95,45.14],[85.67,47.31],[88.18,48.49],[90.94,46.8],[94.2,44.65],[109.67,42.55],[115.13,45.39],[119.9,46.73],[117.77,49.51],[119.5,50.74],[120.63,52.36],[123.56,53.52],[126.29,52.45],[127.3,50.48],[129.74,49.21],[132.16,47.69],[134.65,47.9],[133.72,46.08],[131.04,44.9],[130.43,42.6],[129.19,42.26],[127.28,41.53],[125.94,40.88],[124.16,39.86],[122.56,39.49],[121.12,38.78],[121.53,39.66],[121.38,40.93],[119.53,39.81],[117.54,38.62],[120.46,37.75],[122.48,37.43],[122.11,36.95],[120.76,36.6],[120.09,36.21],[119.2,34.95],[120.83,33.03],[120.43,32.05],[121.33,30.7],[121.62,30.06],[121.77,29.55],[121.56,29.3],[121.61,28.76],[121.3,28.18],[120.64,27.38],[120.37,27.13],[119.98,26.67],[119.78,26.56],[119.38,26.02],[119.63,25.46],[119.3,25.31],[118.97,24.89],[118.38,24.59],[117.9,24.04],[116.9,23.63],[116.07,22.9],[115.39,22.75],[114.66,22.77],[114.04,22.51],[113.42,23.07],[113.12,22.13],[111.95,21.86],[111.2,21.51],[110.49,21.29],[110.35,20.75],[109.99,20.38],[109.79,21.34],[109.49,21.47],[108.81,21.78],[108.57,21.9],[108.52,21.61],[108.07,21.54],[106.53,22.4],[105.16,23.27],[103.27,22.72],[101.56,22.11],[101.04,21.75],[99.34,22.76],[98.35,24.1],[98.44,25.74],[98.33,27.52],[96.35,29.27],[92.77,28.19],[89.83,28.26],[87.8,27.86],[86.05,27.89],[84.37,28.86],[82.77,29.71],[81,30.23],[78.81,31.6],[78.92,33.39]]],[[[111.01,19.68],[110.97,19.64],[110.82,19.57],[110.81,19.61],[110.8,19.5],[110.76,19.43],[110.69,19.39],[110.64,19.31],[110.58,19.16],[110.49,19.17],[110.54,19.13],[110.58,19.15],[110.52,18.99],[110.5,18.9],[110.46,18.88],[110.44,18.81],[110.5,18.8],[110.53,18.79],[110.45,18.76],[110.34,18.66],[110.4,18.7],[110.16,18.58],[110.05,18.5],[110.06,18.43],[110.04,18.38],[110,18.4],[110.01,18.43],[109.98,18.44],[109.92,18.42],[109.81,18.4],[109.73,18.27],[109.67,18.27],[109.74,18.25],[109.69,18.21],[109.61,18.21],[109.58,18.18],[109.56,18.21],[109.56,18.23],[109.54,18.24],[109.48,18.22],[109.48,18.26],[109.16,18.29],[109.12,18.36],[108.97,18.38],[108.83,18.47],[108.68,18.53],[108.68,18.76],[108.65,18.9],[108.64,19.02],[108.68,19.15],[108.63,19.21],[108.64,19.29],[108.66,19.32],[108.68,19.37],[108.77,19.39],[108.92,19.51],[109,19.59],[109.13,19.64],[109.21,19.72],[109.31,19.71],[109.29,19.77],[109.27,19.79],[109.17,19.72],[109.2,19.83],[109.24,19.86],[109.28,19.9],[109.4,19.87],[109.47,19.83],[109.56,19.86],[109.55,19.91],[109.53,19.94],[109.64,19.99],[109.73,20.01],[109.73,19.96],[109.83,19.98],[109.88,19.97],[109.93,19.99],[109.97,19.95],[110.01,19.92],[110.08,19.98],[110.14,20],[110.14,20.02],[110.25,20.04],[110.36,20.05],[110.4,19.96],[110.41,19.94],[110.39,19.99],[110.38,20.07],[110.53,20.01],[110.58,19.98],[110.62,19.95],[110.58,20.03],[110.59,20.11],[110.71,20.08],[110.89,20],[110.98,19.81],[111.01,19.68]]],[[[111.96,21.66],[111.99,21.66],[112,21.65],[112.01,21.64],[112.01,21.64],[112,21.62],[111.98,21.61],[111.93,21.6],[111.92,21.6],[111.91,21.6],[111.9,21.6],[111.89,21.59],[111.87,21.57],[111.86,21.57],[111.82,21.56],[111.81,21.57],[111.81,21.57],[111.82,21.57],[111.82,21.58],[111.84,21.61],[111.85,21.62],[111.84,21.64],[111.85,21.65],[111.88,21.65],[111.9,21.65],[111.92,21.66],[111.93,21.66],[111.93,21.66],[111.93,21.66],[111.94,21.65],[111.95,21.65],[111.95,21.65],[111.96,21.66],[111.96,21.66]]],[[[112.65,21.71],[112.65,21.7],[112.65,21.69],[112.64,21.68],[112.64,21.66],[112.65,21.65],[112.65,21.64],[112.62,21.63],[112.62,21.62],[112.61,21.62],[112.58,21.62],[112.57,21.62],[112.56,21.62],[112.55,21.62],[112.54,21.6],[112.53,21.6],[112.53,21.6],[112.52,21.61],[112.52,21.62],[112.52,21.63],[112.56,21.65],[112.57,21.66],[112.56,21.68],[112.58,21.68],[112.62,21.7],[112.65,21.71]]],[[[112.84,21.77],[112.86,21.77],[112.87,21.76],[112.86,21.75],[112.83,21.74],[112.82,21.73],[112.81,21.72],[112.8,21.71],[112.8,21.69],[112.81,21.67],[112.81,21.66],[112.8,21.64],[112.79,21.62],[112.79,21.61],[112.81,21.59],[112.8,21.58],[112.79,21.58],[112.76,21.58],[112.76,21.58],[112.76,21.59],[112.76,21.59],[112.75,21.61],[112.75,21.61],[112.74,21.61],[112.74,21.61],[112.73,21.63],[112.77,21.66],[112.77,21.69],[112.76,21.69],[112.74,21.68],[112.72,21.68],[112.71,21.69],[112.71,21.7],[112.72,21.72],[112.75,21.73],[112.76,21.73],[112.78,21.77],[112.8,21.77],[112.81,21.77],[112.82,21.77],[112.85,21.77],[112.84,21.77]]],[[[113.39,22.03],[113.4,22.02],[113.4,22.02],[113.4,22.01],[113.41,22.01],[113.32,22.01],[113.31,22.02],[113.34,22.07],[113.35,22.07],[113.36,22.08],[113.37,22.08],[113.38,22.09],[113.38,22.09],[113.38,22.09],[113.38,22.09],[113.39,22.08],[113.39,22.08],[113.39,22.07],[113.39,22.07],[113.4,22.07],[113.41,22.08],[113.41,22.06],[113.39,22.03]]],[[[113.36,22.16],[113.35,22.13],[113.34,22.1],[113.31,22.08],[113.29,22.07],[113.28,22.07],[113.27,22.09],[113.26,22.1],[113.27,22.12],[113.28,22.12],[113.29,22.13],[113.3,22.13],[113.3,22.13],[113.3,22.14],[113.31,22.15],[113.31,22.15],[113.32,22.16],[113.33,22.15],[113.34,22.15],[113.35,22.16],[113.36,22.16]]],[[[113.59,22.78],[113.6,22.77],[113.6,22.76],[113.59,22.76],[113.58,22.75],[113.56,22.76],[113.54,22.77],[113.54,22.78],[113.53,22.8],[113.52,22.79],[113.51,22.8],[113.5,22.81],[113.48,22.85],[113.47,22.85],[113.47,22.83],[113.46,22.83],[113.43,22.85],[113.4,22.88],[113.4,22.9],[113.41,22.91],[113.43,22.91],[113.48,22.9],[113.49,22.89],[113.53,22.85],[113.55,22.83],[113.57,22.83],[113.58,22.82],[113.59,22.79],[113.59,22.78]]],[[[117.07,23.47],[117.09,23.46],[117.1,23.47],[117.11,23.48],[117.13,23.48],[117.12,23.47],[117.13,23.46],[117.14,23.45],[117.14,23.42],[117.13,23.4],[117.11,23.4],[117.08,23.41],[117.05,23.4],[117.02,23.41],[117.02,23.42],[117,23.42],[116.99,23.42],[116.97,23.42],[116.95,23.42],[116.94,23.43],[116.95,23.44],[116.97,23.45],[116.98,23.46],[116.99,23.46],[116.99,23.45],[117,23.44],[117.01,23.44],[117.02,23.44],[117.03,23.44],[117.04,23.45],[117.04,23.46],[117.05,23.47],[117.06,23.48],[117.07,23.48],[117.07,23.47]]],[[[117.47,23.75],[117.5,23.75],[117.53,23.74],[117.52,23.72],[117.5,23.72],[117.48,23.71],[117.48,23.69],[117.48,23.66],[117.47,23.66],[117.44,23.66],[117.43,23.66],[117.42,23.65],[117.42,23.63],[117.42,23.61],[117.42,23.6],[117.43,23.58],[117.37,23.57],[117.32,23.57],[117.34,23.6],[117.37,23.62],[117.39,23.68],[117.39,23.68],[117.38,23.69],[117.36,23.69],[117.36,23.69],[117.35,23.68],[117.34,23.69],[117.34,23.7],[117.38,23.73],[117.38,23.75],[117.38,23.75],[117.37,23.77],[117.39,23.77],[117.4,23.77],[117.41,23.77],[117.42,23.75],[117.43,23.75],[117.45,23.74],[117.47,23.75]]],[[[119.31,26.04],[119.37,26.01],[119.4,26],[119.4,25.98],[119.39,25.97],[119.38,25.97],[119.37,25.97],[119.35,25.98],[119.31,25.99],[119.3,25.99],[119.29,26],[119.27,26],[119.26,26],[119.25,26.01],[119.25,26.03],[119.24,26.04],[119.23,26.05],[119.22,26.06],[119.21,26.1],[119.22,26.09],[119.24,26.06],[119.26,26.05],[119.27,26.04],[119.31,26.04]]],[[[121.26,28.14],[121.26,28.12],[121.29,28.1],[121.28,28.09],[121.27,28.08],[121.26,28.09],[121.25,28.09],[121.24,28.09],[121.24,28.09],[121.23,28.08],[121.23,28.08],[121.24,28.07],[121.23,28.07],[121.22,28.07],[121.22,28.06],[121.2,28.05],[121.19,28.04],[121.17,28.04],[121.15,28.04],[121.15,28.06],[121.16,28.07],[121.15,28.08],[121.14,28.08],[121.14,28.09],[121.13,28.1],[121.13,28.11],[121.13,28.13],[121.12,28.14],[121.13,28.14],[121.13,28.14],[121.17,28.15],[121.19,28.17],[121.2,28.19],[121.21,28.2],[121.21,28.21],[121.23,28.22],[121.26,28.21],[121.27,28.19],[121.27,28.18],[121.26,28.17],[121.26,28.14]]],[[[122.24,30.31],[122.2,30.29],[122.2,30.29],[122.22,30.28],[122.23,30.28],[122.22,30.27],[122.22,30.26],[122.22,30.25],[122.21,30.25],[122.2,30.24],[122.19,30.24],[122.17,30.25],[122.14,30.25],[122.11,30.27],[122.07,30.29],[122.08,30.3],[122.09,30.31],[122.1,30.31],[122.1,30.31],[122.12,30.32],[122.15,30.32],[122.15,30.32],[122.17,30.33],[122.19,30.34],[122.21,30.35],[122.23,30.33],[122.22,30.33],[122.22,30.32],[122.23,30.32],[122.24,30.31]]],[[[122.4,30.46],[122.41,30.45],[122.42,30.44],[122.42,30.41],[122.4,30.42],[122.36,30.43],[122.35,30.44],[122.31,30.42],[122.29,30.42],[122.27,30.44],[122.28,30.44],[122.29,30.44],[122.28,30.45],[122.27,30.45],[122.27,30.46],[122.27,30.47],[122.28,30.48],[122.28,30.48],[122.29,30.48],[122.29,30.47],[122.3,30.47],[122.31,30.47],[122.34,30.46],[122.35,30.46],[122.37,30.48],[122.37,30.46],[122.37,30.46],[122.39,30.46],[122.4,30.46]]],[[[121.84,31.38],[121.85,31.37],[121.87,31.37],[121.88,31.35],[121.88,31.34],[121.88,31.32],[121.87,31.3],[121.85,31.29],[121.83,31.29],[121.82,31.3],[121.81,31.32],[121.79,31.37],[121.8,31.37],[121.84,31.38]]],[[[119.88,32.13],[119.9,32.08],[119.9,32.07],[119.89,32.08],[119.86,32.1],[119.84,32.11],[119.82,32.12],[119.8,32.12],[119.8,32.12],[119.79,32.12],[119.79,32.13],[119.79,32.13],[119.79,32.14],[119.79,32.14],[119.79,32.17],[119.8,32.18],[119.81,32.19],[119.82,32.2],[119.79,32.21],[119.75,32.23],[119.72,32.25],[119.72,32.27],[119.75,32.29],[119.79,32.29],[119.81,32.28],[119.83,32.25],[119.88,32.16],[119.88,32.13]]],[[[122.32,39.17],[122.33,39.18],[122.35,39.2],[122.38,39.21],[122.4,39.21],[122.39,39.2],[122.39,39.19],[122.39,39.19],[122.4,39.17],[122.4,39.16],[122.39,39.15],[122.38,39.16],[122.36,39.15],[122.33,39.15],[122.32,39.17]]],[[[122.64,39.23],[122.66,39.23],[122.72,39.24],[122.74,39.24],[122.74,39.22],[122.73,39.21],[122.69,39.19],[122.69,39.2],[122.69,39.21],[122.69,39.21],[122.7,39.22],[122.68,39.22],[122.64,39.23],[122.64,39.23]]],[[[122.68,39.26],[122.64,39.26],[122.59,39.26],[122.53,39.27],[122.51,39.3],[122.54,39.3],[122.55,39.3],[122.58,39.28],[122.64,39.28],[122.66,39.27],[122.68,39.26]]],[[[121.42,39.47],[121.44,39.46],[121.45,39.45],[121.44,39.44],[121.42,39.44],[121.42,39.43],[121.43,39.43],[121.43,39.42],[121.44,39.42],[121.44,39.41],[121.43,39.39],[121.42,39.37],[121.4,39.37],[121.35,39.37],[121.34,39.38],[121.34,39.39],[121.35,39.41],[121.37,39.42],[121.38,39.42],[121.38,39.43],[121.38,39.44],[121.36,39.45],[121.35,39.44],[121.34,39.44],[121.33,39.43],[121.31,39.41],[121.3,39.39],[121.27,39.39],[121.26,39.39],[121.26,39.39],[121.26,39.4],[121.26,39.41],[121.26,39.43],[121.27,39.43],[121.29,39.44],[121.3,39.45],[121.31,39.45],[121.32,39.45],[121.32,39.46],[121.33,39.47],[121.33,39.48],[121.34,39.48],[121.35,39.48],[121.39,39.47],[121.41,39.48],[121.42,39.47]]],[[[122.96,39.52],[122.97,39.54],[122.99,39.55],[123.02,39.54],[123.04,39.53],[123.03,39.51],[123.01,39.5],[122.98,39.5],[122.96,39.52]]],[[[110.6,20.96],[110.61,20.95],[110.62,20.95],[110.63,20.95],[110.63,20.94],[110.63,20.93],[110.62,20.92],[110.61,20.9],[110.59,20.88],[110.58,20.89],[110.56,20.9],[110.55,20.92],[110.57,20.95],[110.59,20.96],[110.6,20.96],[110.6,20.96]]],[[[110.55,21.04],[110.54,21.02],[110.53,20.99],[110.52,20.97],[110.52,20.96],[110.53,20.95],[110.53,20.94],[110.52,20.94],[110.51,20.94],[110.5,20.95],[110.5,20.96],[110.5,20.97],[110.49,20.98],[110.48,20.99],[110.46,21],[110.44,21.01],[110.36,21.01],[110.33,21],[110.3,20.98],[110.27,20.97],[110.25,20.99],[110.26,20.99],[110.27,21],[110.26,21.02],[110.25,21.03],[110.26,21.03],[110.28,21.03],[110.29,21.03],[110.29,21.04],[110.28,21.04],[110.27,21.04],[110.27,21.05],[110.27,21.06],[110.29,21.05],[110.31,21.05],[110.33,21.06],[110.34,21.07],[110.32,21.06],[110.31,21.06],[110.3,21.06],[110.29,21.07],[110.34,21.07],[110.37,21.08],[110.39,21.1],[110.4,21.06],[110.41,21.05],[110.42,21.04],[110.42,21.05],[110.43,21.06],[110.44,21.06],[110.46,21.06],[110.45,21.06],[110.47,21.06],[110.48,21.07],[110.49,21.08],[110.51,21.08],[110.53,21.08],[110.54,21.07],[110.55,21.06],[110.55,21.04]]],[[[110.62,21.19],[110.6,21.18],[110.58,21.13],[110.57,21.11],[110.54,21.1],[110.52,21.11],[110.51,21.13],[110.51,21.14],[110.5,21.15],[110.49,21.15],[110.48,21.16],[110.48,21.16],[110.47,21.16],[110.48,21.15],[110.46,21.15],[110.45,21.16],[110.45,21.17],[110.45,21.18],[110.44,21.18],[110.43,21.18],[110.42,21.18],[110.42,21.18],[110.43,21.19],[110.44,21.19],[110.45,21.2],[110.46,21.21],[110.49,21.21],[110.5,21.21],[110.5,21.2],[110.47,21.19],[110.46,21.19],[110.48,21.18],[110.49,21.18],[110.5,21.19],[110.53,21.2],[110.53,21.2],[110.54,21.2],[110.54,21.2],[110.55,21.2],[110.57,21.19],[110.57,21.19],[110.56,21.18],[110.55,21.17],[110.55,21.16],[110.55,21.16],[110.58,21.19],[110.59,21.2],[110.62,21.2],[110.62,21.19]]],[[[118.09,24.56],[118.11,24.55],[118.14,24.54],[118.16,24.53],[118.18,24.54],[118.18,24.52],[118.19,24.5],[118.19,24.49],[118.18,24.48],[118.17,24.48],[118.16,24.47],[118.16,24.46],[118.15,24.44],[118.14,24.43],[118.11,24.43],[118.09,24.44],[118.08,24.45],[118.07,24.45],[118.07,24.46],[118.07,24.47],[118.08,24.47],[118.09,24.47],[118.1,24.48],[118.11,24.49],[118.08,24.48],[118.07,24.48],[118.07,24.5],[118.08,24.51],[118.09,24.54],[118.09,24.56]]],[[[119.85,25.54],[119.83,25.55],[119.82,25.55],[119.8,25.53],[119.8,25.52],[119.81,25.5],[119.84,25.48],[119.85,25.46],[119.82,25.47],[119.79,25.46],[119.77,25.45],[119.76,25.43],[119.76,25.42],[119.76,25.41],[119.76,25.4],[119.74,25.41],[119.72,25.41],[119.7,25.42],[119.69,25.44],[119.7,25.46],[119.7,25.46],[119.71,25.47],[119.71,25.47],[119.71,25.47],[119.71,25.48],[119.71,25.49],[119.71,25.49],[119.7,25.48],[119.69,25.48],[119.68,25.48],[119.67,25.49],[119.68,25.5],[119.69,25.51],[119.7,25.51],[119.75,25.5],[119.77,25.51],[119.78,25.52],[119.76,25.53],[119.73,25.53],[119.72,25.54],[119.72,25.54],[119.73,25.58],[119.73,25.59],[119.72,25.59],[119.71,25.59],[119.7,25.58],[119.69,25.59],[119.7,25.61],[119.71,25.63],[119.73,25.65],[119.75,25.65],[119.75,25.65],[119.76,25.66],[119.78,25.66],[119.78,25.65],[119.78,25.64],[119.78,25.62],[119.79,25.6],[119.8,25.61],[119.81,25.61],[119.82,25.6],[119.83,25.59],[119.82,25.58],[119.83,25.57],[119.86,25.57],[119.87,25.56],[119.86,25.55],[119.85,25.54]]],[[[121.96,29.12],[121.96,29.11],[121.96,29.1],[121.94,29.06],[121.93,29.06],[121.91,29.07],[121.89,29.07],[121.9,29.09],[121.89,29.11],[121.87,29.13],[121.87,29.15],[121.88,29.16],[121.9,29.17],[121.93,29.17],[121.94,29.16],[121.95,29.15],[121.96,29.14],[121.96,29.12]]],[[[122.14,29.73],[122.18,29.7],[122.19,29.67],[122.16,29.65],[122.17,29.68],[122.17,29.67],[122.15,29.67],[122.15,29.68],[122.14,29.67],[122.13,29.67],[122.13,29.67],[122.13,29.67],[122.12,29.69],[122.12,29.69],[122.12,29.7],[122.11,29.7],[122.1,29.71],[122.1,29.72],[122.09,29.73],[122.07,29.72],[122.06,29.72],[122.05,29.72],[122.05,29.72],[122.04,29.72],[122.04,29.72],[122.03,29.72],[122.03,29.73],[122.04,29.74],[122.04,29.75],[122.04,29.75],[122.05,29.76],[122.06,29.77],[122.07,29.78],[122.08,29.78],[122.1,29.79],[122.11,29.79],[122.11,29.79],[122.12,29.78],[122.12,29.77],[122.12,29.76],[122.12,29.75],[122.13,29.75],[122.14,29.73],[122.14,29.73]]],[[[122.4,29.88],[122.39,29.88],[122.39,29.87],[122.38,29.86],[122.39,29.86],[122.39,29.85],[122.4,29.84],[122.4,29.83],[122.38,29.84],[122.38,29.84],[122.37,29.85],[122.36,29.86],[122.36,29.87],[122.37,29.88],[122.37,29.88],[122.37,29.9],[122.36,29.9],[122.35,29.91],[122.33,29.92],[122.33,29.93],[122.32,29.94],[122.32,29.95],[122.33,29.95],[122.33,29.96],[122.34,29.96],[122.34,29.96],[122.35,29.95],[122.36,29.95],[122.39,29.95],[122.4,29.95],[122.41,29.95],[122.41,29.95],[122.41,29.94],[122.41,29.93],[122.4,29.93],[122.4,29.92],[122.41,29.91],[122.41,29.9],[122.4,29.88]]],[[[121.88,30.08],[121.89,30.06],[121.89,30.06],[121.9,30.05],[121.91,30.04],[121.91,30.02],[121.9,30],[121.89,29.98],[121.87,29.98],[121.86,29.98],[121.85,29.98],[121.84,29.99],[121.83,30],[121.83,30],[121.83,30.01],[121.83,30.01],[121.84,30.02],[121.84,30.03],[121.83,30.04],[121.83,30.04],[121.84,30.06],[121.85,30.08],[121.85,30.09],[121.86,30.09],[121.88,30.08],[121.88,30.08]]],[[[122.33,30.02],[122.33,30.01],[122.32,30.01],[122.31,30],[122.31,30],[122.3,29.99],[122.3,29.98],[122.3,29.95],[122.29,29.93],[122.28,29.94],[122.25,29.97],[122.23,29.98],[122.18,29.99],[122.14,30],[122.1,30.01],[122.08,30.02],[122.07,30.02],[122.05,30.01],[122.03,30],[122.03,30],[122.03,30],[122.02,30],[122.01,30],[122.01,30],[122.01,30.01],[122.01,30.01],[122.01,30.02],[122.01,30.03],[122.01,30.03],[122.01,30.03],[122,30.04],[121.99,30.04],[121.98,30.05],[121.97,30.06],[121.97,30.07],[121.97,30.07],[121.98,30.08],[121.98,30.08],[121.98,30.09],[121.98,30.11],[121.97,30.13],[121.96,30.14],[121.97,30.15],[122.09,30.15],[122.1,30.14],[122.12,30.14],[122.13,30.12],[122.14,30.12],[122.16,30.12],[122.17,30.12],[122.17,30.1],[122.18,30.1],[122.19,30.1],[122.2,30.1],[122.23,30.09],[122.24,30.09],[122.25,30.08],[122.25,30.07],[122.26,30.07],[122.27,30.07],[122.29,30.07],[122.3,30.06],[122.3,30.05],[122.3,30.04],[122.32,30.03],[122.33,30.02]]],[[[121.84,31.61],[121.92,31.58],[121.98,31.54],[121.99,31.5],[121.98,31.48],[121.91,31.46],[121.85,31.44],[121.82,31.45],[121.78,31.47],[121.73,31.48],[121.71,31.5],[121.68,31.51],[121.61,31.52],[121.57,31.53],[121.54,31.55],[121.52,31.57],[121.48,31.58],[121.4,31.61],[121.38,31.63],[121.34,31.64],[121.31,31.66],[121.3,31.67],[121.29,31.7],[121.22,31.74],[121.21,31.76],[121.19,31.77],[121.18,31.78],[121.18,31.8],[121.2,31.81],[121.22,31.83],[121.26,31.84],[121.32,31.83],[121.36,31.82],[121.39,31.81],[121.42,31.8],[121.48,31.77],[121.5,31.75],[121.54,31.73],[121.57,31.71],[121.61,31.69],[121.63,31.68],[121.64,31.67],[121.66,31.65],[121.72,31.63],[121.84,31.61]]],[[[111.2,15.78],[111.19,15.78],[111.19,15.78],[111.2,15.79],[111.2,15.79],[111.21,15.79],[111.21,15.79],[111.21,15.78],[111.2,15.78],[111.2,15.78]]],[[[111.76,16.04],[111.75,16.04],[111.75,16.05],[111.76,16.05],[111.77,16.05],[111.76,16.04]]],[[[109.1,21.02],[109.1,21.02],[109.09,21.04],[109.1,21.06],[109.12,21.07],[109.14,21.05],[109.13,21.03],[109.11,21.03],[109.11,21.02],[109.1,21.02]]],[[[120.75,37.94],[120.76,37.92],[120.76,37.91],[120.75,37.9],[120.75,37.9],[120.74,37.9],[120.73,37.91],[120.72,37.92],[120.73,37.95],[120.73,37.95],[120.75,37.94]]],[[[120.61,37.98],[120.62,37.98],[120.63,37.97],[120.63,37.96],[120.62,37.95],[120.62,37.95],[120.62,37.95],[120.61,37.96],[120.6,37.97],[120.61,37.98]]],[[[120.72,37.98],[120.73,37.97],[120.72,37.96],[120.71,37.97],[120.7,37.97],[120.69,37.97],[120.69,37.98],[120.69,37.99],[120.69,37.99],[120.7,37.99],[120.72,37.98]]],[[[120.76,38.17],[120.77,38.17],[120.77,38.16],[120.76,38.16],[120.75,38.16],[120.75,38.16],[120.74,38.18],[120.74,38.19],[120.76,38.17]]],[[[120.81,38.29],[120.8,38.29],[120.8,38.29],[120.8,38.3],[120.81,38.3],[120.82,38.31],[120.83,38.31],[120.84,38.3],[120.83,38.3],[120.82,38.3],[120.82,38.3],[120.81,38.29],[120.81,38.29]]],[[[120.91,38.38],[120.91,38.39],[120.91,38.39],[120.92,38.4],[120.92,38.39],[120.92,38.38],[120.92,38.38],[120.91,38.38]]],[[[123.18,39.09],[123.18,39.09],[123.2,39.07],[123.2,39.05],[123.19,39.04],[123.17,39.03],[123.16,39.03],[123.15,39.04],[123.15,39.04],[123.15,39.06],[123.15,39.06],[123.16,39.06],[123.16,39.07],[123.16,39.07],[123.15,39.07],[123.14,39.08],[123.14,39.08],[123.17,39.08],[123.18,39.09],[123.18,39.09]]],[[[111.6,16.53],[111.6,16.53],[111.6,16.53],[111.6,16.53],[111.61,16.53],[111.61,16.53],[111.61,16.53],[111.61,16.53],[111.61,16.52],[111.6,16.52],[111.6,16.53]]],[[[112.74,16.66],[112.73,16.66],[112.73,16.67],[112.73,16.67],[112.73,16.67],[112.73,16.67],[112.74,16.66],[112.74,16.66]]],[[[112.33,16.83],[112.33,16.83],[112.33,16.83],[112.33,16.84],[112.33,16.84],[112.34,16.83],[112.34,16.83],[112.33,16.83]]],[[[112.33,16.93],[112.34,16.93],[112.34,16.93],[112.34,16.93],[112.34,16.93],[112.34,16.92],[112.34,16.92],[112.33,16.93],[112.33,16.93]]],[[[110.47,20.65],[110.48,20.63],[110.48,20.61],[110.48,20.6],[110.47,20.59],[110.46,20.59],[110.46,20.59],[110.45,20.59],[110.45,20.6],[110.44,20.63],[110.44,20.64],[110.43,20.64],[110.42,20.65],[110.42,20.66],[110.43,20.66],[110.43,20.66],[110.43,20.67],[110.44,20.67],[110.44,20.66],[110.45,20.66],[110.46,20.65],[110.47,20.65]]],[[[113.28,21.93],[113.28,21.92],[113.29,21.92],[113.28,21.91],[113.28,21.91],[113.28,21.9],[113.27,21.89],[113.26,21.88],[113.25,21.88],[113.23,21.89],[113.23,21.9],[113.23,21.9],[113.22,21.91],[113.23,21.93],[113.25,21.94],[113.26,21.95],[113.27,21.94],[113.28,21.93],[113.28,21.93]]],[[[113.77,22],[113.78,21.99],[113.76,21.97],[113.75,21.97],[113.74,21.99],[113.74,22],[113.75,22],[113.76,22],[113.77,22]]],[[[114.31,22.06],[114.31,22.05],[114.3,22.04],[114.22,22.02],[114.21,22.03],[114.22,22.03],[114.27,22.05],[114.28,22.05],[114.29,22.06],[114.3,22.06],[114.3,22.07],[114.3,22.07],[114.31,22.07],[114.31,22.06],[114.31,22.06]]],[[[113.47,22.1],[113.47,22.1],[113.46,22.11],[113.47,22.11],[113.52,22.13],[113.53,22.13],[113.53,22.12],[113.53,22.11],[113.53,22.11],[113.53,22.1],[113.55,22.09],[113.54,22.08],[113.48,22.07],[113.47,22.08],[113.47,22.09],[113.47,22.1]]],[[[113.62,22.44],[113.63,22.44],[113.65,22.44],[113.66,22.43],[113.66,22.42],[113.65,22.41],[113.64,22.41],[113.64,22.4],[113.63,22.4],[113.62,22.39],[113.61,22.4],[113.61,22.41],[113.61,22.43],[113.62,22.44]]],[[[113.55,22.74],[113.56,22.73],[113.56,22.72],[113.57,22.7],[113.58,22.7],[113.6,22.68],[113.64,22.66],[113.65,22.63],[113.64,22.6],[113.63,22.6],[113.6,22.61],[113.56,22.66],[113.53,22.68],[113.49,22.71],[113.48,22.72],[113.48,22.73],[113.5,22.74],[113.53,22.74],[113.55,22.74]]],[[[113.53,22.96],[113.53,22.95],[113.55,22.94],[113.55,22.91],[113.55,22.89],[113.55,22.88],[113.52,22.9],[113.51,22.92],[113.51,22.95],[113.52,22.97],[113.53,22.96]]],[[[117,23.56],[117.01,23.56],[117.01,23.55],[117,23.55],[117,23.54],[116.99,23.53],[116.99,23.52],[116.97,23.51],[116.95,23.52],[116.94,23.53],[116.94,23.54],[116.95,23.54],[116.96,23.54],[116.97,23.55],[116.97,23.56],[116.98,23.56],[116.99,23.56],[117,23.56]]],[[[119.55,25.21],[119.56,25.21],[119.57,25.2],[119.56,25.2],[119.55,25.2],[119.55,25.19],[119.55,25.17],[119.54,25.17],[119.53,25.17],[119.52,25.17],[119.51,25.18],[119.51,25.19],[119.51,25.2],[119.5,25.2],[119.49,25.2],[119.49,25.2],[119.46,25.2],[119.45,25.21],[119.44,25.23],[119.45,25.24],[119.45,25.24],[119.46,25.24],[119.47,25.25],[119.48,25.25],[119.48,25.25],[119.49,25.24],[119.49,25.24],[119.5,25.23],[119.5,25.22],[119.51,25.21],[119.52,25.21],[119.53,25.21],[119.54,25.21],[119.55,25.21]]],[[[119.35,25.57],[119.35,25.56],[119.35,25.55],[119.35,25.54],[119.34,25.52],[119.33,25.49],[119.33,25.47],[119.33,25.45],[119.33,25.44],[119.33,25.43],[119.31,25.43],[119.3,25.42],[119.3,25.42],[119.29,25.44],[119.29,25.45],[119.28,25.46],[119.28,25.48],[119.3,25.54],[119.31,25.54],[119.31,25.55],[119.31,25.55],[119.32,25.56],[119.32,25.56],[119.33,25.57],[119.34,25.57],[119.35,25.57]]],[[[119.63,26.11],[119.64,26.09],[119.64,26.08],[119.64,26.07],[119.62,26.06],[119.57,26.08],[119.55,26.1],[119.57,26.12],[119.6,26.13],[119.61,26.12],[119.63,26.11]]],[[[120.33,26.94],[120.32,26.95],[120.32,26.96],[120.32,26.96],[120.33,26.96],[120.34,26.97],[120.34,26.97],[120.35,26.97],[120.36,26.97],[120.36,26.97],[120.36,26.96],[120.37,26.96],[120.37,26.94],[120.38,26.94],[120.38,26.94],[120.39,26.94],[120.35,26.92],[120.33,26.94]]],[[[121.07,27.48],[121.08,27.47],[121.09,27.47],[121.1,27.46],[121.1,27.45],[121.09,27.45],[121.07,27.46],[121.07,27.45],[121.07,27.45],[121.08,27.44],[121.07,27.44],[121.06,27.44],[121.05,27.46],[121.05,27.47],[121.05,27.47],[121.07,27.48]]],[[[121.18,27.86],[121.19,27.86],[121.19,27.86],[121.19,27.85],[121.19,27.85],[121.19,27.84],[121.18,27.84],[121.18,27.84],[121.17,27.84],[121.17,27.83],[121.17,27.82],[121.16,27.82],[121.15,27.82],[121.14,27.82],[121.13,27.82],[121.12,27.82],[121.1,27.82],[121.1,27.83],[121.11,27.84],[121.13,27.85],[121.15,27.85],[121.16,27.85],[121.15,27.85],[121.15,27.86],[121.16,27.86],[121.17,27.86],[121.18,27.86]]],[[[121.05,27.95],[121.04,27.95],[121.04,27.96],[121.05,27.97],[121.06,27.98],[121.07,27.98],[121.08,27.98],[121.08,27.98],[121.11,27.98],[121.13,27.98],[121.14,27.97],[121.14,27.96],[121.13,27.95],[121.1,27.95],[121.09,27.95],[121.08,27.95],[121.07,27.96],[121.05,27.95]]],[[[121.86,29.13],[121.86,29.12],[121.87,29.12],[121.86,29.11],[121.85,29.1],[121.84,29.1],[121.84,29.1],[121.83,29.11],[121.81,29.12],[121.8,29.12],[121.79,29.12],[121.79,29.12],[121.78,29.12],[121.78,29.13],[121.79,29.14],[121.79,29.15],[121.8,29.15],[121.84,29.14],[121.86,29.13],[121.86,29.13]]],[[[122.3,29.82],[122.31,29.8],[122.31,29.78],[122.31,29.78],[122.3,29.78],[122.27,29.79],[122.27,29.8],[122.25,29.81],[122.24,29.82],[122.23,29.83],[122.23,29.84],[122.25,29.85],[122.27,29.85],[122.28,29.84],[122.31,29.83],[122.31,29.82],[122.3,29.82]]],[[[121.97,29.94],[121.99,29.93],[121.99,29.92],[121.99,29.91],[121.97,29.9],[121.95,29.9],[121.93,29.92],[121.94,29.94],[121.95,29.95],[121.96,29.95],[121.97,29.95],[121.97,29.95],[121.97,29.94]]],[[[122.35,30.24],[122.33,30.24],[122.32,30.24],[122.31,30.24],[122.29,30.24],[122.28,30.24],[122.28,30.24],[122.28,30.24],[122.29,30.25],[122.3,30.25],[122.31,30.26],[122.32,30.27],[122.32,30.27],[122.33,30.27],[122.34,30.27],[122.38,30.28],[122.4,30.27],[122.41,30.27],[122.41,30.25],[122.41,30.24],[122.4,30.24],[122.38,30.25],[122.38,30.26],[122.38,30.26],[122.38,30.26],[122.36,30.25],[122.35,30.24]]],[[[122.53,30.72],[122.53,30.71],[122.53,30.7],[122.52,30.7],[122.49,30.7],[122.49,30.7],[122.47,30.7],[122.47,30.7],[122.46,30.7],[122.46,30.69],[122.46,30.69],[122.45,30.7],[122.43,30.7],[122.43,30.7],[122.43,30.71],[122.43,30.73],[122.43,30.74],[122.43,30.74],[122.44,30.74],[122.46,30.73],[122.47,30.72],[122.48,30.71],[122.5,30.72],[122.5,30.72],[122.51,30.72],[122.52,30.72],[122.53,30.72]]],[[[121.76,31.37],[121.77,31.36],[121.78,31.34],[121.78,31.33],[121.77,31.32],[121.75,31.33],[121.72,31.36],[121.6,31.43],[121.58,31.44],[121.59,31.45],[121.6,31.44],[121.62,31.44],[121.69,31.42],[121.73,31.4],[121.75,31.39],[121.76,31.37]]],[[[118.63,39.07],[118.65,39.06],[118.65,39.04],[118.59,38.97],[118.51,38.92],[118.5,38.92],[118.48,38.93],[118.49,38.94],[118.47,38.97],[118.47,39.01],[118.48,39.04],[118.49,39.05],[118.53,39.05],[118.56,39],[118.58,39.01],[118.61,39.03],[118.63,39.05],[118.61,39.07],[118.63,39.07]]],[[[111.68,16.58],[111.68,16.58],[111.68,16.58],[111.68,16.58]]]]}},{"type":"Feature","properties":{"id":"KOR","name":"South Korea"},"geometry":{"type":"MultiPolygon","coordinates":[[[[128.36,38.62],[129.07,37.61],[129.43,37.06],[129.44,36.41],[129.4,36.07],[129.52,35.84],[129.39,35.53],[129.36,35.37],[129.18,35.16],[129.01,35.06],[128.92,35.08],[128.7,35.14],[128.59,35.16],[128.59,35.08],[128.49,35.03],[128.45,34.89],[128.36,34.91],[128.12,34.92],[128.04,35.05],[127.83,34.94],[127.64,34.9],[127.76,34.84],[127.65,34.63],[127.54,34.81],[127.48,34.84],[127.39,34.74],[127.39,34.6],[127.32,34.44],[127.19,34.62],[127.29,34.69],[127.23,34.75],[127.01,34.58],[126.8,34.47],[126.72,34.46],[126.63,34.39],[126.49,34.38],[126.47,34.5],[126.48,34.56],[126.34,34.57],[126.28,34.7],[126.43,34.6],[126.41,34.71],[126.55,34.64],[126.38,34.76],[126.65,34.81],[126.54,34.88],[126.46,34.8],[126.41,34.9],[126.35,34.93],[126.3,35.09],[126.35,35.12],[126.43,35.02],[126.36,35.24],[126.38,35.3],[126.53,35.53],[126.51,35.67],[126.78,35.8],[126.84,35.89],[126.71,35.99],[126.67,36.02],[126.5,36.13],[126.57,36.31],[126.56,36.46],[126.47,36.54],[126.5,36.68],[126.43,36.62],[126.34,36.64],[126.23,36.68],[126.15,36.75],[126.2,36.78],[126.24,36.87],[126.31,36.83],[126.37,36.85],[126.37,36.96],[126.45,36.98],[126.48,36.84],[126.49,37],[126.54,37.05],[126.65,36.96],[126.83,36.9],[126.86,36.83],[127.01,36.97],[126.87,37.02],[126.8,37.04],[126.82,37.16],[126.67,37.19],[126.73,37.26],[126.85,37.29],[126.63,37.4],[126.6,37.56],[126.67,37.73],[126.69,37.84],[127.03,38.25],[128.11,38.32],[128.36,38.62]]],[[[126.41,36.46],[126.41,36.44],[126.43,36.42],[126.43,36.41],[126.42,36.41],[126.38,36.41],[126.36,36.41],[126.36,36.43],[126.37,36.43],[126.37,36.44],[126.38,36.45],[126.35,36.43],[126.34,36.44],[126.35,36.45],[126.36,36.47],[126.36,36.48],[126.34,36.47],[126.34,36.48],[126.33,36.47],[126.33,36.5],[126.33,36.53],[126.33,36.55],[126.31,36.58],[126.32,36.59],[126.34,36.6],[126.36,36.61],[126.37,36.59],[126.38,36.59],[126.37,36.58],[126.36,36.57],[126.36,36.57],[126.38,36.54],[126.38,36.53],[126.38,36.52],[126.38,36.51],[126.4,36.51],[126.4,36.49],[126.38,36.49],[126.38,36.49],[126.39,36.49],[126.4,36.48],[126.4,36.47],[126.4,36.47],[126.41,36.46]]],[[[126.3,37.8],[126.31,37.8],[126.33,37.8],[126.34,37.79],[126.34,37.77],[126.32,37.76],[126.3,37.76],[126.25,37.77],[126.25,37.77],[126.23,37.76],[126.22,37.76],[126.22,37.77],[126.22,37.77],[126.23,37.8],[126.25,37.81],[126.26,37.81],[126.28,37.81],[126.3,37.8]]],[[[126.95,33.48],[126.95,33.47],[126.95,33.46],[126.94,33.46],[126.93,33.45],[126.93,33.45],[126.94,33.44],[126.94,33.43],[126.94,33.43],[126.93,33.42],[126.93,33.41],[126.91,33.4],[126.87,33.37],[126.86,33.35],[126.85,33.33],[126.85,33.32],[126.84,33.31],[126.82,33.31],[126.81,33.3],[126.78,33.31],[126.74,33.28],[126.64,33.26],[126.61,33.24],[126.57,33.23],[126.52,33.24],[126.47,33.23],[126.43,33.24],[126.33,33.24],[126.3,33.23],[126.29,33.2],[126.27,33.2],[126.25,33.2],[126.23,33.23],[126.2,33.24],[126.17,33.27],[126.16,33.3],[126.18,33.34],[126.2,33.37],[126.21,33.38],[126.24,33.39],[126.27,33.44],[126.3,33.44],[126.31,33.46],[126.36,33.48],[126.46,33.5],[126.48,33.52],[126.58,33.53],[126.65,33.55],[126.66,33.55],[126.75,33.56],[126.79,33.56],[126.82,33.56],[126.84,33.54],[126.85,33.53],[126.9,33.52],[126.91,33.51],[126.92,33.48],[126.93,33.46],[126.94,33.47],[126.94,33.47],[126.95,33.48]]],[[[127.17,34.48],[127.2,34.49],[127.22,34.49],[127.23,34.48],[127.25,34.46],[127.24,34.45],[127.23,34.43],[127.21,34.42],[127.17,34.42],[127.15,34.42],[127.14,34.42],[127.12,34.44],[127.12,34.45],[127.12,34.45],[127.12,34.46],[127.12,34.46],[127.11,34.46],[127.12,34.47],[127.14,34.48],[127.17,34.48]]],[[[126.38,34.5],[126.38,34.48],[126.38,34.47],[126.37,34.45],[126.35,34.42],[126.35,34.41],[126.34,34.4],[126.33,34.41],[126.32,34.42],[126.31,34.42],[126.31,34.42],[126.31,34.4],[126.21,34.36],[126.2,34.36],[126.16,34.35],[126.14,34.36],[126.14,34.36],[126.15,34.37],[126.16,34.38],[126.16,34.38],[126.15,34.39],[126.12,34.4],[126.12,34.38],[126.1,34.4],[126.12,34.44],[126.14,34.46],[126.17,34.46],[126.18,34.49],[126.19,34.49],[126.2,34.5],[126.21,34.51],[126.22,34.51],[126.22,34.51],[126.23,34.53],[126.24,34.52],[126.25,34.51],[126.27,34.52],[126.27,34.54],[126.27,34.55],[126.24,34.57],[126.25,34.57],[126.26,34.58],[126.28,34.57],[126.29,34.56],[126.31,34.55],[126.31,34.55],[126.31,34.55],[126.32,34.54],[126.32,34.53],[126.33,34.54],[126.35,34.55],[126.35,34.54],[126.38,34.5]]],[[[127.78,34.68],[127.79,34.68],[127.8,34.67],[127.81,34.66],[127.82,34.63],[127.82,34.62],[127.82,34.6],[127.81,34.59],[127.8,34.58],[127.79,34.58],[127.78,34.58],[127.74,34.61],[127.74,34.63],[127.74,34.64],[127.75,34.65],[127.76,34.66],[127.77,34.67],[127.78,34.69],[127.76,34.7],[127.76,34.71],[127.77,34.72],[127.79,34.72],[127.8,34.71],[127.8,34.7],[127.79,34.69],[127.78,34.68]]],[[[125.99,34.71],[126,34.7],[126,34.7],[126.01,34.69],[126,34.68],[126,34.68],[125.98,34.66],[125.98,34.66],[125.97,34.66],[125.96,34.66],[125.96,34.66],[125.95,34.67],[125.93,34.67],[125.93,34.67],[125.92,34.69],[125.92,34.7],[125.95,34.71],[125.97,34.73],[125.98,34.73],[125.98,34.73],[125.99,34.71]]],[[[126.01,34.78],[126.01,34.76],[126,34.76],[125.99,34.76],[125.99,34.77],[125.98,34.76],[125.96,34.76],[125.95,34.76],[125.95,34.76],[125.94,34.74],[125.94,34.73],[125.93,34.72],[125.92,34.72],[125.91,34.72],[125.9,34.73],[125.89,34.74],[125.89,34.75],[125.89,34.76],[125.9,34.77],[125.91,34.78],[125.93,34.78],[125.94,34.78],[125.96,34.78],[125.99,34.79],[126,34.79],[126,34.79],[126,34.79],[126.01,34.78]]],[[[126.06,34.91],[126.06,34.93],[126.07,34.93],[126.08,34.92],[126.09,34.91],[126.09,34.9],[126.09,34.88],[126.08,34.87],[126.07,34.86],[126.05,34.86],[126.05,34.86],[126.04,34.87],[126.03,34.87],[126,34.86],[125.99,34.86],[125.99,34.87],[126,34.88],[126.01,34.9],[126.03,34.91],[126.03,34.91],[126.04,34.91],[126.05,34.91],[126.06,34.91]]],[[[128.07,34.82],[128.07,34.8],[128.07,34.79],[128.07,34.78],[128.06,34.77],[128.07,34.75],[128.07,34.74],[128.06,34.73],[128.05,34.73],[128.06,34.71],[128.06,34.7],[128.04,34.7],[128.03,34.7],[128.01,34.71],[127.99,34.7],[127.98,34.7],[127.97,34.72],[127.95,34.76],[127.94,34.77],[127.92,34.76],[127.92,34.74],[127.91,34.72],[127.91,34.71],[127.89,34.71],[127.88,34.72],[127.87,34.72],[127.86,34.73],[127.86,34.74],[127.86,34.75],[127.86,34.76],[127.83,34.83],[127.83,34.85],[127.83,34.87],[127.84,34.89],[127.85,34.89],[127.86,34.89],[127.86,34.9],[127.87,34.92],[127.87,34.92],[127.89,34.93],[127.9,34.94],[127.92,34.94],[127.93,34.93],[127.94,34.91],[127.94,34.9],[127.93,34.89],[127.91,34.87],[127.91,34.86],[127.91,34.84],[127.92,34.84],[127.93,34.83],[127.95,34.82],[127.96,34.81],[127.98,34.81],[128.01,34.82],[128.03,34.82],[128.06,34.82],[128.07,34.82]]],[[[128.75,34.87],[128.75,34.86],[128.74,34.84],[128.73,34.84],[128.72,34.84],[128.73,34.83],[128.74,34.81],[128.74,34.79],[128.73,34.79],[128.72,34.79],[128.7,34.8],[128.69,34.81],[128.68,34.79],[128.68,34.79],[128.66,34.77],[128.66,34.76],[128.67,34.75],[128.69,34.74],[128.69,34.74],[128.68,34.72],[128.61,34.71],[128.58,34.71],[128.62,34.73],[128.6,34.73],[128.6,34.74],[128.6,34.75],[128.6,34.77],[128.57,34.75],[128.56,34.76],[128.56,34.77],[128.56,34.78],[128.57,34.79],[128.59,34.79],[128.6,34.8],[128.6,34.82],[128.6,34.84],[128.59,34.84],[128.58,34.83],[128.54,34.82],[128.53,34.81],[128.52,34.82],[128.5,34.84],[128.49,34.85],[128.49,34.87],[128.49,34.88],[128.51,34.89],[128.52,34.9],[128.54,34.9],[128.57,34.91],[128.58,34.91],[128.6,34.9],[128.61,34.9],[128.63,34.89],[128.65,34.89],[128.65,34.9],[128.63,34.91],[128.62,34.92],[128.61,34.94],[128.61,34.95],[128.62,34.95],[128.69,34.99],[128.68,35],[128.69,35.02],[128.7,35.03],[128.72,35.03],[128.72,35.02],[128.73,35.01],[128.72,34.97],[128.72,34.97],[128.72,34.95],[128.73,34.95],[128.73,34.94],[128.73,34.92],[128.73,34.91],[128.71,34.88],[128.73,34.88],[128.74,34.89],[128.75,34.89],[128.75,34.87]]],[[[126.11,35.05],[126.11,35.05],[126.08,35.06],[126.07,35.05],[126.07,35.06],[126.06,35.06],[126.06,35.06],[126.06,35.06],[126.06,35.09],[126.07,35.1],[126.08,35.11],[126.09,35.11],[126.1,35.11],[126.1,35.12],[126.11,35.13],[126.13,35.14],[126.15,35.15],[126.17,35.14],[126.13,35.13],[126.13,35.12],[126.13,35.11],[126.13,35.1],[126.14,35.08],[126.13,35.08],[126.12,35.07],[126.11,35.06],[126.11,35.05]]],[[[126.56,37.51],[126.57,37.51],[126.57,37.51],[126.58,37.5],[126.58,37.5],[126.58,37.49],[126.58,37.49],[126.57,37.48],[126.57,37.48],[126.55,37.48],[126.54,37.48],[126.53,37.47],[126.51,37.47],[126.49,37.46],[126.49,37.45],[126.44,37.42],[126.43,37.42],[126.42,37.42],[126.42,37.42],[126.42,37.43],[126.41,37.44],[126.4,37.44],[126.4,37.43],[126.4,37.44],[126.4,37.44],[126.4,37.44],[126.39,37.45],[126.39,37.44],[126.38,37.44],[126.38,37.44],[126.36,37.44],[126.37,37.45],[126.37,37.45],[126.36,37.46],[126.36,37.47],[126.36,37.47],[126.37,37.48],[126.37,37.47],[126.42,37.5],[126.45,37.5],[126.47,37.5],[126.49,37.51],[126.5,37.53],[126.51,37.53],[126.53,37.53],[126.53,37.52],[126.54,37.52],[126.54,37.52],[126.55,37.52],[126.56,37.52],[126.56,37.51]]],[[[130.9,37.55],[130.92,37.54],[130.92,37.51],[130.91,37.48],[130.9,37.46],[130.88,37.46],[130.85,37.46],[130.83,37.47],[130.81,37.49],[130.81,37.51],[130.81,37.52],[130.83,37.53],[130.87,37.54],[130.89,37.54],[130.9,37.55]]],[[[126.36,37.7],[126.37,37.69],[126.38,37.68],[126.38,37.67],[126.37,37.66],[126.35,37.66],[126.28,37.7],[126.29,37.71],[126.29,37.71],[126.3,37.73],[126.3,37.74],[126.31,37.74],[126.31,37.75],[126.32,37.75],[126.32,37.75],[126.33,37.74],[126.33,37.74],[126.33,37.72],[126.33,37.72],[126.34,37.71],[126.34,37.7],[126.36,37.7]]],[[[126.51,37.6],[126.5,37.6],[126.49,37.6],[126.48,37.61],[126.48,37.61],[126.47,37.61],[126.47,37.61],[126.46,37.6],[126.41,37.6],[126.39,37.61],[126.37,37.63],[126.4,37.64],[126.41,37.64],[126.42,37.65],[126.42,37.66],[126.41,37.66],[126.4,37.67],[126.37,37.72],[126.37,37.73],[126.37,37.74],[126.37,37.79],[126.37,37.8],[126.38,37.8],[126.41,37.82],[126.43,37.82],[126.44,37.82],[126.46,37.8],[126.47,37.79],[126.5,37.78],[126.52,37.77],[126.52,37.75],[126.52,37.74],[126.52,37.73],[126.51,37.72],[126.52,37.72],[126.53,37.7],[126.53,37.7],[126.53,37.66],[126.53,37.65],[126.53,37.65],[126.54,37.64],[126.54,37.63],[126.53,37.62],[126.52,37.6],[126.51,37.6]]],[[[124.73,37.98],[124.74,37.97],[124.74,37.96],[124.73,37.95],[124.71,37.96],[124.68,37.95],[124.68,37.95],[124.68,37.94],[124.69,37.94],[124.7,37.94],[124.71,37.93],[124.68,37.92],[124.64,37.92],[124.61,37.95],[124.62,37.98],[124.65,37.97],[124.7,37.99],[124.73,37.98]]],[[[127.31,34.02],[127.31,34.02],[127.32,34.01],[127.32,34.01],[127.32,34.01],[127.31,34.01],[127.3,34.01],[127.29,34.02],[127.29,34.02],[127.29,34.03],[127.28,34.03],[127.28,34.04],[127.28,34.04],[127.28,34.05],[127.28,34.05],[127.28,34.06],[127.28,34.06],[127.29,34.06],[127.29,34.06],[127.29,34.06],[127.3,34.06],[127.3,34.06],[127.29,34.05],[127.3,34.04],[127.31,34.02]]],[[[127.53,34.45],[127.54,34.44],[127.54,34.43],[127.53,34.43],[127.51,34.42],[127.49,34.41],[127.49,34.42],[127.49,34.43],[127.48,34.43],[127.47,34.43],[127.47,34.44],[127.47,34.44],[127.46,34.45],[127.45,34.45],[127.46,34.46],[127.46,34.47],[127.45,34.47],[127.46,34.47],[127.47,34.47],[127.47,34.47],[127.49,34.46],[127.49,34.46],[127.49,34.46],[127.5,34.47],[127.51,34.47],[127.53,34.45]]],[[[127.78,34.51],[127.79,34.5],[127.79,34.5],[127.79,34.49],[127.78,34.49],[127.77,34.49],[127.77,34.49],[127.77,34.49],[127.76,34.5],[127.74,34.5],[127.73,34.51],[127.73,34.52],[127.72,34.52],[127.71,34.53],[127.71,34.53],[127.71,34.54],[127.73,34.55],[127.75,34.55],[127.76,34.54],[127.78,34.52],[127.77,34.51],[127.77,34.51],[127.78,34.51]]],[[[126.1,34.6],[126.1,34.59],[126.1,34.59],[126.1,34.58],[126.1,34.57],[126.1,34.56],[126.09,34.55],[126.09,34.55],[126.08,34.54],[126.06,34.53],[126.05,34.53],[126.04,34.53],[126.03,34.54],[126.04,34.54],[126.04,34.54],[126.05,34.55],[126.05,34.55],[126.05,34.55],[126.03,34.56],[126.04,34.56],[126.05,34.56],[126.06,34.56],[126.08,34.57],[126.08,34.58],[126.08,34.59],[126.07,34.6],[126.06,34.62],[126.07,34.63],[126.08,34.62],[126.09,34.61],[126.1,34.61],[126.1,34.6]]],[[[126.04,34.57],[126.03,34.57],[126.02,34.57],[126.02,34.61],[126.02,34.63],[126.03,34.63],[126.04,34.61],[126.05,34.6],[126.06,34.58],[126.06,34.57],[126.05,34.57],[126.04,34.57]]],[[[125.45,34.69],[125.46,34.69],[125.46,34.69],[125.45,34.68],[125.45,34.68],[125.44,34.67],[125.43,34.65],[125.42,34.65],[125.42,34.64],[125.41,34.63],[125.41,34.63],[125.4,34.63],[125.39,34.65],[125.39,34.66],[125.4,34.67],[125.41,34.68],[125.41,34.69],[125.42,34.7],[125.43,34.7],[125.43,34.7],[125.44,34.69],[125.45,34.69]]],[[[126.17,34.73],[126.18,34.72],[126.18,34.71],[126.17,34.7],[126.16,34.7],[126.15,34.71],[126.14,34.72],[126.13,34.72],[126.12,34.72],[126.12,34.72],[126.11,34.72],[126.1,34.72],[126.1,34.73],[126.09,34.74],[126.07,34.76],[126.07,34.77],[126.08,34.77],[126.09,34.77],[126.09,34.77],[126.11,34.77],[126.12,34.77],[126.13,34.77],[126.13,34.76],[126.14,34.76],[126.15,34.76],[126.16,34.75],[126.17,34.75],[126.17,34.74],[126.17,34.74],[126.17,34.73]]],[[[126.17,34.79],[126.17,34.79],[126.16,34.78],[126.16,34.77],[126.16,34.76],[126.15,34.76],[126.13,34.77],[126.12,34.78],[126.1,34.78],[126.09,34.79],[126.1,34.79],[126.13,34.8],[126.14,34.8],[126.15,34.81],[126.16,34.8],[126.17,34.8],[126.17,34.79]]],[[[126.08,34.82],[126.07,34.83],[126.06,34.84],[126.07,34.85],[126.08,34.86],[126.09,34.86],[126.1,34.85],[126.11,34.85],[126.12,34.86],[126.11,34.87],[126.12,34.88],[126.14,34.88],[126.14,34.88],[126.15,34.88],[126.15,34.87],[126.15,34.86],[126.14,34.86],[126.14,34.84],[126.14,34.83],[126.14,34.83],[126.13,34.83],[126.12,34.82],[126.12,34.81],[126.12,34.8],[126.11,34.8],[126.1,34.8],[126.09,34.8],[126.09,34.81],[126.08,34.82]]],[[[128.07,34.85],[128.08,34.84],[128.08,34.84],[128.07,34.83],[128.03,34.84],[128,34.84],[127.99,34.84],[127.97,34.85],[127.96,34.86],[127.97,34.88],[127.98,34.89],[127.99,34.9],[128,34.91],[128.02,34.92],[128.02,34.91],[128.02,34.89],[128.01,34.88],[128.01,34.87],[128.02,34.87],[128.02,34.88],[128.04,34.89],[128.05,34.89],[128.05,34.89],[128.05,34.88],[128.06,34.88],[128.06,34.87],[128.07,34.85],[128.07,34.85]]],[[[126.25,34.92],[126.24,34.91],[126.23,34.91],[126.22,34.92],[126.22,34.93],[126.23,34.94],[126.25,34.94],[126.25,34.93],[126.25,34.93],[126.25,34.92],[126.25,34.92]]],[[[126.18,35.05],[126.18,35.04],[126.18,35.04],[126.18,35.03],[126.18,35.03],[126.17,35.02],[126.17,35.03],[126.16,35.03],[126.15,35.04],[126.15,35.03],[126.14,35.03],[126.14,35.04],[126.14,35.04],[126.13,35.04],[126.13,35.04],[126.14,35.05],[126.14,35.05],[126.13,35.05],[126.13,35.05],[126.13,35.05],[126.14,35.06],[126.14,35.06],[126.15,35.05],[126.17,35.06],[126.17,35.05],[126.18,35.05]]],[[[128.84,35.02],[128.84,35],[128.83,34.99],[128.83,34.99],[128.82,35],[128.82,35.01],[128.81,35.02],[128.81,35.03],[128.81,35.03],[128.81,35.04],[128.8,35.05],[128.8,35.06],[128.81,35.06],[128.83,35.06],[128.84,35.06],[128.84,35.05],[128.84,35.02]]],[[[126.26,35.57],[126.25,35.57],[126.25,35.58],[126.25,35.59],[126.26,35.59],[126.26,35.59],[126.26,35.6],[126.26,35.6],[126.26,35.6],[126.27,35.61],[126.27,35.61],[126.28,35.61],[126.28,35.61],[126.28,35.61],[126.29,35.61],[126.3,35.62],[126.3,35.62],[126.31,35.62],[126.31,35.61],[126.31,35.6],[126.29,35.59],[126.27,35.58],[126.27,35.57],[126.26,35.57],[126.26,35.57]]],[[[126.1,37.23],[126.09,37.22],[126.09,37.23],[126.09,37.23],[126.09,37.25],[126.1,37.26],[126.1,37.27],[126.11,37.26],[126.12,37.25],[126.13,37.25],[126.15,37.24],[126.16,37.23],[126.16,37.23],[126.14,37.22],[126.13,37.21],[126.12,37.21],[126.11,37.21],[126.11,37.22],[126.1,37.23],[126.1,37.23]]],[[[126.48,37.28],[126.49,37.27],[126.5,37.26],[126.49,37.26],[126.48,37.25],[126.48,37.25],[126.48,37.24],[126.47,37.23],[126.46,37.23],[126.45,37.24],[126.44,37.24],[126.44,37.24],[126.43,37.25],[126.44,37.26],[126.44,37.27],[126.46,37.28],[126.48,37.28]]],[[[126.61,37.26],[126.62,37.25],[126.62,37.24],[126.61,37.23],[126.56,37.2],[126.54,37.2],[126.54,37.2],[126.55,37.21],[126.55,37.22],[126.55,37.23],[126.56,37.24],[126.56,37.25],[126.56,37.27],[126.55,37.28],[126.54,37.28],[126.54,37.28],[126.56,37.28],[126.57,37.29],[126.58,37.29],[126.57,37.28],[126.58,37.27],[126.59,37.27],[126.61,37.26],[126.61,37.26]]],[[[125.69,37.68],[125.7,37.68],[125.71,37.67],[125.7,37.66],[125.69,37.65],[125.69,37.65],[125.68,37.66],[125.68,37.67],[125.68,37.68],[125.69,37.68]]],[[[124.72,37.85],[124.72,37.84],[124.73,37.84],[124.72,37.83],[124.72,37.82],[124.71,37.81],[124.71,37.81],[124.7,37.81],[124.69,37.8],[124.69,37.8],[124.68,37.8],[124.68,37.8],[124.68,37.8],[124.68,37.81],[124.67,37.82],[124.68,37.82],[124.69,37.84],[124.7,37.84],[124.71,37.85],[124.72,37.85]]],[[[125.13,34.05],[125.12,34.05],[125.1,34.07],[125.09,34.07],[125.09,34.08],[125.09,34.09],[125.1,34.1],[125.11,34.09],[125.12,34.08],[125.14,34.06],[125.14,34.05],[125.13,34.05],[125.13,34.05],[125.13,34.05]]],[[[126.6,34.17],[126.61,34.17],[126.62,34.16],[126.61,34.15],[126.61,34.16],[126.61,34.16],[126.6,34.15],[126.6,34.15],[126.59,34.16],[126.58,34.16],[126.58,34.15],[126.57,34.15],[126.56,34.14],[126.55,34.13],[126.54,34.13],[126.52,34.13],[126.51,34.14],[126.51,34.15],[126.52,34.17],[126.53,34.18],[126.55,34.18],[126.57,34.17],[126.57,34.17],[126.58,34.17],[126.59,34.17],[126.6,34.17]]],[[[126.67,34.15],[126.68,34.15],[126.68,34.15],[126.68,34.14],[126.67,34.14],[126.67,34.14],[126.67,34.13],[126.67,34.12],[126.66,34.12],[126.65,34.12],[126.65,34.12],[126.64,34.13],[126.64,34.13],[126.64,34.14],[126.64,34.16],[126.65,34.18],[126.64,34.18],[126.64,34.19],[126.64,34.19],[126.65,34.2],[126.65,34.2],[126.67,34.19],[126.67,34.18],[126.66,34.17],[126.66,34.17],[126.67,34.15]]],[[[126.91,34.2],[126.92,34.19],[126.92,34.18],[126.92,34.17],[126.92,34.17],[126.91,34.16],[126.9,34.15],[126.89,34.15],[126.88,34.16],[126.87,34.16],[126.86,34.16],[126.86,34.16],[126.85,34.16],[126.85,34.17],[126.86,34.18],[126.86,34.19],[126.86,34.2],[126.87,34.21],[126.88,34.21],[126.9,34.21],[126.91,34.2]]],[[[126.61,34.22],[126.62,34.21],[126.62,34.2],[126.61,34.2],[126.61,34.19],[126.59,34.19],[126.58,34.19],[126.59,34.18],[126.58,34.18],[126.57,34.18],[126.56,34.19],[126.56,34.19],[126.55,34.19],[126.55,34.19],[126.55,34.19],[126.55,34.21],[126.56,34.21],[126.56,34.21],[126.56,34.22],[126.56,34.22],[126.56,34.22],[126.56,34.22],[126.56,34.23],[126.56,34.23],[126.56,34.23],[126.57,34.23],[126.58,34.23],[126.6,34.23],[126.61,34.22],[126.61,34.22]]],[[[126.09,34.31],[126.09,34.3],[126.09,34.29],[126.08,34.28],[126.07,34.28],[126.07,34.28],[126.06,34.28],[126.06,34.29],[126.06,34.29],[126.06,34.28],[126.05,34.28],[126.03,34.29],[126.02,34.3],[126.02,34.3],[126.03,34.31],[126.03,34.31],[126.03,34.31],[126.07,34.31],[126.08,34.31],[126.09,34.31]]],[[[126.85,34.31],[126.85,34.3],[126.84,34.3],[126.84,34.31],[126.83,34.32],[126.83,34.32],[126.82,34.33],[126.81,34.32],[126.8,34.32],[126.79,34.32],[126.78,34.32],[126.78,34.32],[126.76,34.33],[126.76,34.34],[126.77,34.34],[126.78,34.34],[126.78,34.34],[126.79,34.34],[126.79,34.34],[126.8,34.34],[126.81,34.34],[126.83,34.35],[126.84,34.35],[126.84,34.35],[126.85,34.35],[126.85,34.35],[126.86,34.35],[126.87,34.35],[126.88,34.35],[126.89,34.34],[126.89,34.33],[126.89,34.33],[126.88,34.32],[126.88,34.32],[126.88,34.31],[126.87,34.31],[126.86,34.31],[126.85,34.31]]],[[[127.09,34.34],[127.09,34.34],[127.1,34.34],[127.09,34.34],[127.08,34.34],[127.07,34.34],[127.07,34.34],[127.07,34.34],[127.07,34.33],[127.07,34.33],[127.05,34.32],[127.04,34.31],[127.04,34.32],[127.04,34.33],[127.05,34.33],[127.05,34.34],[127.02,34.34],[127.03,34.34],[127.02,34.35],[127.02,34.35],[127,34.35],[126.99,34.35],[126.99,34.36],[126.99,34.36],[127,34.36],[127.01,34.36],[127.02,34.37],[127.03,34.38],[127.03,34.38],[127.03,34.38],[127.04,34.37],[127.04,34.37],[127.05,34.36],[127.05,34.35],[127.07,34.36],[127.08,34.36],[127.08,34.36],[127.09,34.35],[127.09,34.34]]],[[[126.76,34.31],[126.77,34.3],[126.77,34.29],[126.77,34.29],[126.76,34.29],[126.76,34.29],[126.75,34.29],[126.74,34.3],[126.74,34.3],[126.74,34.29],[126.73,34.29],[126.72,34.29],[126.71,34.3],[126.69,34.3],[126.69,34.31],[126.7,34.31],[126.7,34.32],[126.69,34.32],[126.68,34.32],[126.66,34.32],[126.65,34.33],[126.64,34.34],[126.64,34.35],[126.64,34.36],[126.64,34.37],[126.65,34.39],[126.65,34.4],[126.66,34.4],[126.67,34.4],[126.69,34.4],[126.7,34.4],[126.71,34.39],[126.72,34.38],[126.73,34.36],[126.73,34.35],[126.74,34.34],[126.74,34.33],[126.75,34.32],[126.76,34.31]]],[[[126.76,34.38],[126.76,34.38],[126.75,34.39],[126.76,34.39],[126.76,34.4],[126.77,34.41],[126.78,34.43],[126.8,34.44],[126.82,34.44],[126.84,34.44],[126.84,34.43],[126.84,34.43],[126.84,34.42],[126.84,34.42],[126.85,34.41],[126.85,34.41],[126.86,34.4],[126.86,34.39],[126.85,34.39],[126.83,34.4],[126.82,34.4],[126.82,34.39],[126.79,34.38],[126.78,34.37],[126.78,34.36],[126.78,34.35],[126.77,34.36],[126.77,34.37],[126.77,34.38],[126.76,34.38]]],[[[128.29,34.64],[128.3,34.64],[128.3,34.63],[128.29,34.62],[128.28,34.62],[128.28,34.62],[128.27,34.62],[128.26,34.62],[128.25,34.62],[128.24,34.61],[128.24,34.61],[128.24,34.61],[128.24,34.62],[128.24,34.63],[128.23,34.63],[128.23,34.63],[128.23,34.63],[128.23,34.64],[128.23,34.64],[128.23,34.65],[128.23,34.65],[128.24,34.65],[128.27,34.64],[128.27,34.63],[128.28,34.63],[128.29,34.64]]],[[[128.39,34.82],[128.4,34.82],[128.41,34.83],[128.43,34.83],[128.44,34.82],[128.44,34.81],[128.44,34.8],[128.44,34.79],[128.43,34.79],[128.42,34.79],[128.42,34.79],[128.42,34.79],[128.43,34.79],[128.44,34.78],[128.43,34.77],[128.42,34.76],[128.41,34.76],[128.4,34.77],[128.4,34.78],[128.39,34.78],[128.39,34.79],[128.39,34.79],[128.37,34.79],[128.37,34.8],[128.38,34.8],[128.38,34.81],[128.37,34.82],[128.35,34.82],[128.34,34.82],[128.33,34.82],[128.33,34.83],[128.34,34.83],[128.35,34.84],[128.37,34.83],[128.38,34.82],[128.39,34.82]]],[[[128.24,34.84],[128.25,34.82],[128.26,34.81],[128.26,34.81],[128.25,34.81],[128.24,34.81],[128.24,34.8],[128.24,34.8],[128.23,34.8],[128.22,34.8],[128.21,34.81],[128.21,34.82],[128.21,34.82],[128.21,34.83],[128.23,34.84],[128.24,34.84]]],[[[126.34,34.86],[126.36,34.86],[126.36,34.84],[126.34,34.82],[126.33,34.83],[126.34,34.83],[126.34,34.84],[126.34,34.84],[126.31,34.85],[126.31,34.86],[126.28,34.85],[126.26,34.85],[126.25,34.84],[126.24,34.85],[126.23,34.85],[126.24,34.86],[126.25,34.86],[126.27,34.87],[126.28,34.87],[126.28,34.87],[126.28,34.88],[126.29,34.88],[126.3,34.89],[126.3,34.89],[126.29,34.9],[126.29,34.91],[126.3,34.92],[126.31,34.91],[126.33,34.91],[126.35,34.9],[126.34,34.89],[126.34,34.89],[126.32,34.88],[126.32,34.88],[126.32,34.87],[126.32,34.87],[126.33,34.86],[126.34,34.86]]],[[[126.23,35.05],[126.24,35.05],[126.23,35.05],[126.2,35.06],[126.2,35.06],[126.19,35.06],[126.18,35.06],[126.18,35.07],[126.17,35.07],[126.17,35.07],[126.16,35.09],[126.16,35.1],[126.18,35.11],[126.19,35.1],[126.2,35.1],[126.21,35.1],[126.22,35.1],[126.22,35.1],[126.22,35.1],[126.23,35.1],[126.24,35.1],[126.24,35.09],[126.23,35.09],[126.22,35.09],[126.22,35.08],[126.22,35.08],[126.23,35.07],[126.24,35.06],[126.25,35.06],[126.26,35.06],[126.26,35.05],[126.26,35.04],[126.26,35.03],[126.26,35.02],[126.26,35.02],[126.25,35.03],[126.24,35.03],[126.24,35.03],[126.23,35.04],[126.23,35.05]]],[[[131.86,37.24],[131.86,37.24],[131.86,37.24],[131.86,37.24],[131.86,37.24]]]]}},{"type":"Feature","properties":{"id":"PRK","name":"North Korea"},"geometry":{"type":"MultiPolygon","coordinates":[[[[128.36,38.62],[127.77,38.31],[126.9,38.12],[126.44,37.85],[126.17,37.77],[125.96,37.91],[125.85,37.93],[125.6,38.03],[125.73,37.93],[125.63,37.81],[125.56,37.79],[125.34,37.69],[125.49,37.85],[125.45,37.86],[125.24,37.82],[125.05,37.9],[125.15,37.96],[125.22,38.04],[124.9,38.12],[124.86,38.23],[124.96,38.46],[125,38.59],[125.15,38.65],[125.33,38.68],[125.54,38.67],[125.53,38.72],[125.39,38.72],[125.28,38.7],[125.16,38.77],[125.29,39.08],[125.34,39.17],[125.41,39.35],[125.35,39.46],[125.25,39.55],[125.1,39.6],[124.9,39.66],[124.75,39.73],[124.64,39.59],[124.62,39.7],[124.43,39.83],[124.32,39.91],[124.37,40.1],[124.74,40.37],[125.04,40.46],[125.26,40.62],[125.43,40.67],[125.61,40.76],[125.83,40.87],[126.03,40.94],[126.28,41.16],[126.51,41.41],[126.71,41.71],[126.94,41.79],[127.1,41.63],[127.17,41.52],[127.29,41.5],[127.54,41.49],[127.9,41.47],[128.12,41.39],[128.06,41.85],[128.56,42],[129.05,42.12],[129.2,42.26],[129.23,42.36],[129.39,42.43],[129.59,42.42],[129.78,42.67],[129.85,42.96],[130.05,42.96],[130.39,42.61],[130.53,42.55],[130.67,42.31],[130.47,42.33],[130.4,42.24],[130.23,42.18],[130.07,42.06],[129.97,41.94],[129.84,41.76],[129.7,41.43],[129.76,41.29],[129.72,40.83],[129.39,40.76],[129.2,40.66],[128.9,40.4],[128.66,40.25],[128.47,40.12],[128.18,40.03],[127.91,39.98],[127.58,39.8],[127.54,39.55],[127.44,39.41],[127.41,39.34],[127.48,39.18],[127.83,39.03],[128.09,38.84],[128.36,38.62]]],[[[124.93,39.6],[124.92,39.6],[124.91,39.59],[124.92,39.57],[124.93,39.55],[124.91,39.54],[124.88,39.53],[124.86,39.51],[124.84,39.51],[124.82,39.5],[124.84,39.52],[124.85,39.52],[124.86,39.53],[124.84,39.54],[124.85,39.54],[124.86,39.54],[124.86,39.55],[124.86,39.55],[124.85,39.56],[124.85,39.57],[124.87,39.58],[124.87,39.6],[124.88,39.6],[124.88,39.61],[124.9,39.61],[124.93,39.6]]],[[[124.88,38.53],[124.9,38.51],[124.9,38.49],[124.86,38.5],[124.84,38.51],[124.82,38.52],[124.8,38.51],[124.79,38.52],[124.79,38.53],[124.83,38.55],[124.84,38.56],[124.85,38.55],[124.87,38.54],[124.88,38.54],[124.88,38.53]]],[[[125.33,37.77],[125.34,37.77],[125.31,37.74],[125.3,37.73],[125.27,37.71],[125.26,37.71],[125.25,37.7],[125.23,37.7],[125.22,37.7],[125.25,37.73],[125.26,37.74],[125.27,37.73],[125.28,37.74],[125.28,37.75],[125.28,37.75],[125.29,37.75],[125.29,37.75],[125.29,37.76],[125.3,37.76],[125.33,37.77]]],[[[125.15,37.79],[125.14,37.79],[125.14,37.8],[125.15,37.8],[125.17,37.81],[125.18,37.82],[125.19,37.82],[125.19,37.82],[125.19,37.81],[125.19,37.81],[125.19,37.81],[125.17,37.8],[125.16,37.79],[125.15,37.79]]],[[[125.03,37.84],[125.04,37.83],[125.04,37.82],[125.04,37.82],[125.04,37.82],[125.04,37.82],[125.03,37.81],[125.02,37.81],[125.01,37.81],[125,37.81],[125,37.81],[125,37.82],[125.01,37.82],[125.01,37.82],[125.02,37.82],[125.03,37.82],[125.03,37.82],[125.03,37.82],[125.03,37.83],[125.03,37.83],[125.03,37.84]]],[[[124.69,39.53],[124.69,39.54],[124.7,39.54],[124.71,39.53],[124.71,39.52],[124.7,39.51],[124.7,39.5],[124.68,39.5],[124.68,39.51],[124.68,39.52],[124.68,39.52],[124.69,39.53]]],[[[124.69,39.54],[124.68,39.54],[124.66,39.54],[124.64,39.55],[124.6,39.54],[124.6,39.54],[124.6,39.54],[124.6,39.54],[124.6,39.55],[124.61,39.55],[124.63,39.57],[124.64,39.56],[124.65,39.57],[124.67,39.57],[124.69,39.57],[124.7,39.56],[124.7,39.55],[124.69,39.54]]],[[[124.6,39.43],[124.59,39.44],[124.59,39.45],[124.6,39.45],[124.61,39.46],[124.61,39.45],[124.62,39.45],[124.62,39.44],[124.62,39.43],[124.61,39.43],[124.6,39.43],[124.6,39.43]]],[[[124.21,39.81],[124.22,39.81],[124.22,39.81],[124.22,39.82],[124.22,39.82],[124.22,39.82],[124.22,39.82],[124.23,39.82],[124.23,39.82],[124.23,39.82],[124.23,39.82],[124.24,39.81],[124.24,39.81],[124.24,39.81],[124.24,39.81],[124.24,39.81],[124.24,39.8],[124.24,39.8],[124.24,39.8],[124.24,39.8],[124.23,39.8],[124.23,39.79],[124.23,39.79],[124.22,39.79],[124.22,39.79],[124.22,39.79],[124.21,39.8],[124.21,39.8],[124.21,39.8],[124.21,39.8],[124.21,39.81]]]]}},{"type":"Feature","properties":{"id":"MNG","name":"Mongolia"},"geometry":{"type":"Polygon","coordinates":[[[116.68,49.82],[115.54,48.15],[116.82,47.88],[118.06,48.02],[119.12,47.56],[119.53,47.25],[119.84,46.92],[119.9,46.83],[119.78,46.66],[119.04,46.67],[118.68,46.68],[118.1,46.67],[117.57,46.6],[116.83,46.39],[116.22,45.85],[115.47,45.41],[114.16,45.04],[113.52,44.75],[111.98,45.09],[111.54,44.6],[111.5,44.23],[111.77,43.67],[110.57,42.91],[109.51,42.46],[108.23,42.45],[105.01,41.6],[102.73,42.06],[99.07,42.6],[96.29,42.93],[95.33,44.1],[94.67,44.37],[93.98,44.66],[93.05,45],[92.41,45.01],[91.68,45.06],[91.17,45.16],[90.79,45.3],[90.98,46.14],[91,46.62],[90.9,46.91],[90.49,47.38],[90.3,47.68],[89.94,47.86],[89.6,47.95],[89.22,47.98],[88.6,48.2],[88.24,48.49],[87.99,48.62],[87.8,48.84],[87.83,49.09],[88.14,49.39],[88.67,49.46],[88.96,49.46],[89.44,49.64],[89.62,49.84],[90.18,50.1],[90.73,50.29],[91.48,50.54],[92.34,50.86],[92.75,50.75],[93.42,50.61],[94.49,50.15],[95.02,49.97],[95.76,49.99],[96.07,50],[96.55,49.88],[97.21,49.73],[97.81,49.93],[98.3,50.49],[97.94,50.87],[97.92,51.32],[98.26,51.64],[98.89,52.13],[99.78,51.84],[101.35,51.45],[102.07,51.37],[102.23,50.98],[102.28,50.59],[103.25,50.21],[104.27,50.23],[105.05,50.38],[106.04,50.36],[106.98,50.19],[107.3,50.01],[107.93,49.83],[108.13,49.55],[109.06,49.33],[109.82,49.23],[110.69,49.13],[111.66,49.4],[113.06,49.6],[113.82,50.08],[115.02,50.13],[116.22,50.01],[116.68,49.82]]]}},{"type":"Feature","properties":{"id":"RUS","name":"Russia"},"geometry":{"type":"MultiPolygon","coordinates":[[[[87.82,49.17],[82.67,50.79],[74.62,53.68],[71.25,54.14],[65.09,54.31],[62.03,52.95],[58.38,51.07],[53.19,51.51],[47.81,50.32],[48.71,46],[47.45,45.37],[48.51,41.89],[42.36,43.24],[37.07,45.24],[38,46.35],[39.57,47.83],[36.64,50.21],[33.05,52.31],[31.74,54.09],[27.65,56.88],[28.62,60.38],[30.11,64.72],[32.06,69.78],[33.57,69.27],[41.05,67.62],[32.27,67.15],[34.75,65.7],[38.01,64.18],[41.43,66.1],[43.32,68.67],[48.8,67.88],[54.2,68.21],[60.32,69.45],[68.1,69.52],[68.99,72.71],[72.69,68.86],[70.18,66.74],[77.35,68.22],[76.63,69.15],[75.22,71.84],[77.94,72.12],[82.88,70.99],[80.77,72.83],[87.36,74.05],[87.21,75],[93.63,76.05],[99.63,76.08],[106,77.42],[110.93,76.74],[112.88,75.55],[106.86,72.88],[113.5,73.34],[123.47,73.09],[125.65,73.53],[128.21,72.56],[130.7,70.89],[137.93,71.15],[141.01,72.69],[144.96,71.93],[151.75,71.23],[161.48,69.12],[170.69,69.48],[179.69,69.02],[176.42,64.71],[178.92,63.33],[174.73,61.9],[170.77,60.53],[166.08,60.44],[163.23,59.13],[162.94,56.38],[159.8,53.19],[156.67,50.86],[158.78,58.31],[164.06,61.86],[162.54,61.65],[159.79,61.25],[156.58,61.21],[154.66,59.16],[150.94,59.46],[145.59,59.42],[137.24,55.92],[137.55,54.3],[140.65,53.62],[140.71,51.26],[139.26,47.79],[135.34,43.72],[132.33,43.13],[130.68,42.64],[133.41,45.57],[133.19,48.12],[128.63,49.58],[125.66,52.92],[120.58,51.91],[114.47,50.23],[102.3,50.67],[94.98,50.02],[87.82,49.17]]],[[[22.77,54.36],[22.28,54.36],[21.29,54.39],[20.35,54.42],[19.68,54.44],[19.61,54.46],[19.73,54.53],[19.89,54.66],[19.9,54.67],[19.9,54.69],[19.93,54.72],[19.96,54.8],[19.92,54.88],[19.94,54.93],[20,54.97],[20.07,54.95],[20.37,54.95],[20.63,55.05],[20.92,55.28],[20.95,55.25],[20.94,55.24],[20.9,55.23],[20.89,55.21],[20.88,55.19],[20.83,55.15],[20.69,55.05],[20.54,54.98],[20.53,54.96],[20.56,54.94],[20.81,54.94],[21.04,54.9],[21.07,54.91],[21.09,54.9],[21.11,54.91],[21.24,54.96],[21.2,55.14],[21.18,55.17],[21.18,55.2],[21.21,55.21],[21.24,55.2],[21.27,55.21],[21.27,55.24],[21.37,55.29],[21.5,55.19],[21.72,55.15],[21.82,55.12],[21.91,55.09],[21.95,55.08],[22.02,55.09],[22.03,55.04],[22.1,55.03],[22.14,55.05],[22.44,55.06],[22.57,55.06],[22.61,54.99],[22.65,54.95],[22.72,54.95],[22.75,54.93],[22.81,54.89],[22.84,54.83],[22.83,54.78],[22.77,54.74],[22.74,54.73],[22.72,54.72],[22.73,54.71],[22.7,54.67],[22.7,54.62],[22.68,54.45],[22.77,54.36]]],[[[33.63,46.12],[33.72,46.2],[33.94,46.15],[34.16,46.09],[34.33,46.07],[34.43,45.97],[34.57,45.98],[34.76,45.93],[34.81,45.78],[35,45.73],[35.69,45.33],[35.75,45.39],[35.79,45.43],[35.86,45.46],[35.95,45.37],[36.07,45.43],[36.27,45.47],[36.31,45.44],[36.39,45.44],[36.53,45.41],[36.61,45.41],[36.59,45.33],[36.49,45.34],[36.49,45.29],[36.43,45.25],[36.44,45.11],[36.28,45.05],[36.24,45.01],[36.05,45.05],[35.85,44.99],[35.77,45.07],[35.51,45.11],[35.4,45.04],[35.44,45],[35.36,44.97],[35.3,44.96],[35.17,44.91],[35.04,44.8],[34.95,44.84],[34.91,44.82],[34.76,44.82],[34.5,44.74],[34.47,44.73],[34.34,44.56],[34.28,44.55],[34.26,44.53],[34.16,44.47],[34.07,44.42],[33.84,44.4],[33.65,44.43],[33.58,44.5],[33.49,44.51],[33.38,44.59],[33.47,44.61],[33.57,44.62],[33.52,44.66],[33.54,44.73],[33.53,44.79],[33.6,44.86],[33.61,44.97],[33.58,45.05],[33.4,45.19],[33.25,45.17],[33.12,45.24],[33.05,45.28],[32.75,45.36],[32.59,45.32],[32.48,45.41],[32.69,45.53],[32.75,45.56],[32.81,45.56],[32.83,45.6],[33.16,45.74],[33.16,45.77],[33.23,45.75],[33.41,45.83],[33.51,45.84],[33.6,45.88],[33.65,45.87],[33.69,45.87],[33.76,45.92],[33.66,45.96],[33.64,45.97],[33.64,46.01],[33.64,46.08],[33.63,46.12]]],[[[-180,65.07],[-179.53,68.93],[-179.35,68.86],[-178.84,68.75],[-178.72,68.63],[-178.28,68.48],[-178.06,68.26],[-177.73,68.33],[-177.67,68.34],[-177.64,68.21],[-177.25,68.19],[-176.59,68.01],[-176.41,67.89],[-175.92,67.85],[-176.3,67.72],[-175.87,67.58],[-175.89,67.67],[-175.29,67.67],[-175.23,67.53],[-175.25,67.4],[-175.02,67.39],[-174.88,67.39],[-174.86,67.24],[-174.89,67.03],[-174.71,66.82],[-174.89,66.7],[-174.47,66.54],[-174.44,66.34],[-174.16,66.42],[-173.96,66.39],[-174,66.22],[-173.71,66.37],[-174.03,66.53],[-173.94,66.73],[-174.02,66.95],[-174.47,67.02],[-173.55,67.09],[-173.14,67.05],[-173.2,67.01],[-173.31,66.91],[-173.1,66.85],[-173.15,66.97],[-172.61,66.91],[-173.04,67.02],[-171.89,66.96],[-171.33,66.74],[-170.73,66.45],[-170.54,66.23],[-170.18,66.26],[-170.09,66.17],[-169.72,66.13],[-169.87,66.02],[-170.53,65.85],[-170.54,65.62],[-171.44,65.8],[-171.15,65.64],[-171.56,65.51],[-172.15,65.54],[-172.35,65.67],[-172.68,65.65],[-172.43,65.47],[-172.18,65.26],[-172.64,65.27],[-172.2,65.22],[-172.09,65.09],[-172.72,64.86],[-172.87,64.82],[-172.89,64.67],[-172.67,64.59],[-172.59,64.37],[-172.84,64.5],[-172.87,64.3],[-173.36,64.37],[-173.33,64.55],[-173.38,64.46],[-174.04,64.53],[-174.65,64.73],[-174.91,64.83],[-175.41,64.81],[-175.7,64.93],[-175.75,65.17],[-176.63,65.54],[-178.52,65.54],[-178.65,65.77],[-178.98,66.05],[-178.53,66.12],[-178.5,66.32],[-178.61,66.31],[-179.08,66.31],[-179.37,66.29],[-179.59,66.14],[-179.82,65.98],[-179.36,65.47],[-179.69,65.14],[-180,65.07]]],[[[180,71.54],[180,71.05],[180,70.99],[179.87,70.96],[179.87,70.94],[179.81,70.91],[179.67,70.87],[179.45,70.87],[179.31,70.88],[179.22,70.88],[179.13,70.88],[178.83,70.81],[178.79,70.8],[178.79,70.81],[178.79,70.83],[178.78,70.84],[178.75,70.88],[178.74,70.89],[178.71,70.93],[178.7,70.94],[178.69,70.96],[178.68,70.97],[178.67,70.98],[178.66,70.99],[178.62,71.04],[178.62,71.05],[178.63,71.06],[178.63,71.07],[178.67,71.1],[178.7,71.12],[178.82,71.17],[178.85,71.18],[178.87,71.21],[178.86,71.21],[178.86,71.21],[178.86,71.21],[178.85,71.21],[178.85,71.21],[178.85,71.21],[178.85,71.21],[178.91,71.24],[179.18,71.3],[179.39,71.38],[179.44,71.39],[179.5,71.43],[179.56,71.45],[179.7,71.46],[179.77,71.47],[179.76,71.48],[179.75,71.48],[179.77,71.49],[179.79,71.49],[179.83,71.49],[179.85,71.49],[179.87,71.5],[179.87,71.51],[179.85,71.52],[180,71.54]]],[[[-180,70.99],[-180,71.05],[-180,71.54],[-179.86,71.54],[-179.91,71.56],[-179.9,71.56],[-179.8,71.57],[-179.76,71.58],[-179.74,71.59],[-179.72,71.58],[-179.7,71.58],[-179.68,71.57],[-179.61,71.59],[-179.37,71.57],[-179.33,71.56],[-179.31,71.56],[-179.29,71.56],[-179.24,71.57],[-179.2,71.58],[-179.07,71.6],[-178.73,71.57],[-178.39,71.54],[-178.32,71.52],[-178.26,71.51],[-178.3,71.51],[-178.32,71.52],[-178.34,71.52],[-178.32,71.51],[-178.22,71.48],[-178.19,71.48],[-178.15,71.49],[-178.12,71.48],[-178.01,71.45],[-178.02,71.44],[-178.05,71.43],[-178.05,71.43],[-178.03,71.42],[-178.03,71.42],[-178.03,71.41],[-178.04,71.41],[-177.97,71.4],[-177.78,71.33],[-177.72,71.31],[-177.71,71.3],[-177.68,71.3],[-177.67,71.3],[-177.66,71.29],[-177.59,71.29],[-177.55,71.29],[-177.53,71.3],[-177.51,71.29],[-177.5,71.28],[-177.51,71.27],[-177.49,71.26],[-177.46,71.25],[-177.44,71.24],[-177.45,71.22],[-177.46,71.21],[-177.51,71.17],[-177.58,71.15],[-177.64,71.12],[-177.68,71.11],[-177.75,71.09],[-177.82,71.08],[-177.88,71.05],[-177.93,71.04],[-178.21,71.04],[-178.31,71.01],[-178.59,71],[-178.88,70.98],[-178.98,70.95],[-179.34,70.91],[-179.34,70.91],[-179.32,70.92],[-179.36,70.93],[-179.46,70.92],[-179.5,70.92],[-179.67,70.97],[-179.85,70.98],[-179.89,70.99],[-179.91,71],[-180,70.99]]],[[[131.92,43.02],[131.92,43.01],[131.92,43.01],[131.92,43],[131.92,42.98],[131.88,42.96],[131.84,42.96],[131.79,42.97],[131.76,42.99],[131.79,43],[131.77,43.01],[131.77,43.02],[131.77,43.02],[131.78,43.02],[131.79,43.02],[131.79,43.03],[131.78,43.04],[131.78,43.04],[131.8,43.05],[131.82,43.05],[131.84,43.04],[131.86,43.04],[131.86,43.04],[131.83,43.07],[131.85,43.06],[131.88,43.05],[131.89,43.04],[131.92,43.02],[131.92,43.02]]],[[[142.53,54.3],[142.59,54.28],[142.67,54.35],[142.75,54.4],[143.01,54.12],[142.88,53.89],[142.95,53.81],[142.94,53.75],[143.01,53.62],[142.99,53.56],[143.13,53.49],[143.1,53.43],[143.16,53.4],[143.31,53.05],[143.34,52.7],[143.21,52.4],[143.24,52.48],[143.25,52.59],[143.23,52.52],[143.17,52.33],[143.12,52.15],[143.14,52.03],[143.16,51.9],[143.31,51.75],[143.24,51.56],[143.34,51.55],[143.45,51.51],[143.43,51.32],[143.48,51.25],[143.52,51.29],[144.09,49.8],[144.28,49.25],[144.71,48.79],[144.68,48.66],[144.43,49],[144.26,49.12],[143.46,49.36],[143.33,49.34],[143.62,49.32],[142.98,49.01],[142.55,48.01],[142.53,47.89],[142.79,47.43],[143.07,47.02],[143.16,46.87],[143.14,46.77],[143.31,46.7],[143.26,46.78],[143.32,46.8],[143.52,46.65],[143.56,46.4],[143.54,46.28],[143.45,46.07],[143.42,46.15],[143.34,46.47],[143.31,46.53],[142.96,46.6],[142.7,46.74],[142.27,46.3],[142.2,46.05],[142.04,45.92],[141.82,46.6],[142.04,47.2],[141.96,47.45],[142.04,47.74],[142.17,48.15],[141.97,48.86],[142.02,49.02],[142.1,49.41],[142.14,49.86],[142.16,49.98],[142.14,50.38],[142.1,50.78],[142.2,50.96],[142.18,51.31],[141.93,51.57],[141.7,51.72],[141.81,51.81],[141.66,52.11],[141.65,52.34],[141.82,52.55],[141.85,52.76],[141.89,52.92],[141.89,53.1],[141.8,53.29],[141.96,53.46],[142.26,53.44],[142.43,53.38],[142.67,53.55],[142.49,53.64],[142.68,53.65],[142.74,53.85],[142.71,53.86],[142.35,54.27],[142.53,54.3]]],[[[28.63,60.6],[28.6,60.58],[28.58,60.58],[28.56,60.59],[28.56,60.61],[28.56,60.63],[28.58,60.64],[28.59,60.65],[28.6,60.65],[28.62,60.64],[28.62,60.63],[28.63,60.62],[28.63,60.6]]],[[[-172.24,64.82],[-172.11,64.79],[-172.04,64.75],[-172.18,64.74],[-172.28,64.71],[-172.38,64.7],[-172.5,64.7],[-172.55,64.69],[-172.63,64.68],[-172.61,64.73],[-172.58,64.76],[-172.52,64.79],[-172.48,64.81],[-172.46,64.83],[-172.4,64.84],[-172.33,64.83],[-172.24,64.82]]],[[[70.13,66.56],[70.11,66.56],[70.08,66.56],[70.06,66.56],[70.04,66.55],[70.07,66.55],[70.09,66.55],[70.1,66.54],[70.09,66.52],[70.08,66.52],[70.05,66.5],[70.04,66.5],[69.95,66.5],[69.9,66.49],[69.89,66.49],[69.89,66.48],[69.88,66.48],[69.87,66.48],[69.86,66.48],[69.84,66.49],[69.82,66.49],[69.75,66.53],[69.55,66.59],[69.54,66.6],[69.55,66.6],[69.55,66.6],[69.56,66.6],[69.58,66.61],[69.57,66.63],[69.58,66.64],[69.55,66.66],[69.5,66.71],[69.42,66.77],[69.4,66.78],[69.37,66.78],[69.28,66.76],[69.29,66.75],[69.29,66.75],[69.26,66.75],[69.2,66.76],[69.15,66.78],[69.13,66.8],[69.15,66.81],[69.18,66.81],[69.28,66.79],[69.3,66.79],[69.43,66.81],[69.47,66.8],[69.5,66.75],[69.52,66.74],[69.57,66.71],[69.6,66.7],[69.64,66.69],[69.66,66.69],[69.65,66.71],[69.58,66.73],[69.56,66.74],[69.54,66.75],[69.54,66.76],[69.56,66.77],[69.67,66.76],[69.73,66.77],[69.76,66.76],[69.78,66.75],[69.76,66.74],[69.75,66.74],[69.77,66.74],[69.85,66.73],[69.88,66.73],[69.89,66.73],[69.9,66.72],[69.92,66.71],[69.93,66.71],[69.96,66.71],[70.01,66.71],[70.05,66.71],[70.09,66.69],[70.09,66.68],[70.08,66.65],[70.08,66.65],[70.08,66.64],[70.08,66.64],[70.08,66.63],[70.07,66.63],[70.05,66.63],[70.04,66.63],[70.03,66.63],[70.04,66.61],[70.11,66.57],[70.13,66.56]]],[[[51.3,68.5],[51.5,68.49],[51.46,68.47],[51.17,68.46],[51.1,68.43],[51,68.43],[50.94,68.4],[50.89,68.39],[50.87,68.39],[50.85,68.38],[50.83,68.38],[50.79,68.38],[50.8,68.39],[50.81,68.4],[50.82,68.41],[50.87,68.43],[51.17,68.5],[51.3,68.5]]],[[[55.37,68.95],[55.44,68.94],[55.48,68.93],[55.51,68.91],[55.37,68.93],[55.26,68.91],[55.23,68.91],[55.24,68.93],[55.25,68.93],[55.34,68.95],[55.37,68.95]]],[[[54.64,69.01],[54.66,69.01],[54.68,69.01],[54.69,69],[54.7,68.98],[54.69,68.97],[54.66,68.96],[54.64,68.96],[54.6,68.95],[54.58,68.96],[54.57,68.96],[54.59,68.98],[54.6,68.98],[54.62,69],[54.63,69.01],[54.64,69.01]]],[[[161.49,69.03],[161.52,68.98],[161.51,68.93],[161.48,68.9],[161.42,68.89],[161.41,68.89],[161.42,68.91],[161.46,68.95],[161.48,68.98],[161.46,69],[161.42,69.02],[161.38,69.04],[161.31,69.06],[161.14,69.09],[161.13,69.09],[161.13,69.1],[161.14,69.1],[161.14,69.11],[161.14,69.11],[161.14,69.13],[161.14,69.14],[161.13,69.15],[161.12,69.17],[161.12,69.17],[161.13,69.22],[161.13,69.23],[161.13,69.24],[161.13,69.24],[161.13,69.24],[161.13,69.24],[161.14,69.27],[161.16,69.31],[161.17,69.33],[161.15,69.35],[161.08,69.39],[161.07,69.42],[161.07,69.45],[161.09,69.46],[161.12,69.48],[161.25,69.52],[161.26,69.53],[161.27,69.53],[161.28,69.54],[161.31,69.54],[161.32,69.54],[161.34,69.55],[161.36,69.55],[161.37,69.55],[161.39,69.51],[161.39,69.5],[161.38,69.48],[161.39,69.47],[161.39,69.47],[161.39,69.46],[161.38,69.46],[161.31,69.44],[161.3,69.43],[161.29,69.41],[161.31,69.4],[161.35,69.38],[161.36,69.36],[161.36,69.35],[161.35,69.34],[161.35,69.33],[161.37,69.3],[161.37,69.28],[161.32,69.24],[161.33,69.22],[161.37,69.2],[161.39,69.19],[161.38,69.18],[161.39,69.16],[161.39,69.12],[161.39,69.1],[161.41,69.08],[161.49,69.03]]],[[[161.63,69.56],[161.62,69.55],[161.62,69.54],[161.61,69.53],[161.61,69.52],[161.62,69.5],[161.63,69.48],[161.61,69.47],[161.62,69.45],[161.59,69.44],[161.55,69.43],[161.41,69.42],[161.38,69.41],[161.38,69.41],[161.36,69.41],[161.37,69.43],[161.41,69.44],[161.42,69.45],[161.43,69.46],[161.43,69.51],[161.43,69.52],[161.42,69.54],[161.4,69.58],[161.39,69.59],[161.45,69.6],[161.46,69.61],[161.46,69.62],[161.47,69.63],[161.48,69.64],[161.49,69.64],[161.52,69.64],[161.56,69.63],[161.59,69.62],[161.62,69.6],[161.63,69.58],[161.64,69.57],[161.63,69.56]]],[[[71.35,73.39],[71.33,73.37],[71.33,73.37],[71.33,73.36],[71.35,73.35],[71.35,73.35],[71.34,73.33],[71.33,73.33],[71.32,73.33],[71.3,73.32],[71.26,73.31],[71.25,73.31],[71.24,73.3],[71.21,73.29],[71.19,73.29],[71.16,73.29],[71.14,73.29],[71.15,73.3],[71.15,73.31],[71.14,73.34],[71.14,73.35],[71.17,73.36],[71.22,73.39],[71.23,73.4],[71.25,73.42],[71.3,73.42],[71.34,73.4],[71.35,73.39]]],[[[51.41,71.81],[51.97,72.11],[52.19,72.1],[52.38,72.11],[52.49,72.16],[52.48,72.25],[52.58,72.27],[52.87,72.35],[52.82,72.45],[52.83,72.51],[52.91,72.6],[52.74,72.62],[52.75,72.67],[52.45,72.75],[53.35,72.88],[53.17,72.95],[53.32,73.03],[53.16,73.12],[53.56,73.23],[54.59,73.39],[55.81,73.31],[56.58,73.15],[56.32,73],[56.12,72.97],[56.21,72.82],[55.6,72.79],[55.62,72.62],[55.27,72.59],[55.52,72.47],[55.47,72.44],[55.4,72.29],[55.36,72.08],[55.36,71.97],[55.41,71.92],[55.53,71.79],[56.03,71.37],[56.88,70.94],[57.48,70.79],[57.49,70.67],[57.45,70.61],[56.74,70.7],[57.16,70.63],[56.72,70.64],[56.51,70.73],[56.41,70.71],[56.32,70.7],[56.38,70.65],[56.58,70.61],[56.47,70.57],[56.16,70.66],[55.81,70.7],[55.87,70.59],[55.7,70.62],[55.61,70.73],[55.44,70.74],[55.42,70.68],[55.28,70.61],[54.99,70.62],[54.76,70.68],[54.51,70.83],[54.63,70.69],[54.48,70.71],[54.16,70.75],[53.85,70.79],[53.57,70.85],[53.49,70.87],[53.7,70.85],[53.49,71.07],[53.78,71.09],[53.92,71.11],[54.14,71.13],[54.08,71.21],[53.92,71.17],[53.7,71.17],[53.46,71.25],[53.95,71.46],[53.36,71.33],[53.33,71.49],[53.11,71.42],[53.04,71.46],[52.9,71.39],[52.74,71.44],[52.57,71.58],[52.37,71.51],[52.2,71.56],[51.86,71.46],[51.54,71.58],[51.46,71.72],[51.41,71.81]]],[[[127.4,73.52],[127.39,73.53],[127.43,73.54],[127.52,73.55],[127.69,73.54],[127.98,73.49],[128.06,73.49],[128.03,73.48],[127.78,73.49],[127.7,73.51],[127.62,73.5],[127.54,73.52],[127.4,73.52]]],[[[86.89,73.7],[86.88,73.69],[86.81,73.66],[86.79,73.65],[86.79,73.64],[86.8,73.63],[86.8,73.61],[86.78,73.61],[86.76,73.6],[86.4,73.59],[86.47,73.62],[86.49,73.62],[86.51,73.64],[86.57,73.65],[86.69,73.66],[86.85,73.7],[86.91,73.7],[86.89,73.7]]],[[[97.16,76.09],[97.29,76.1],[97.33,76.11],[97.33,76.1],[97.3,76.08],[97.18,76.05],[97.05,76.01],[96.75,75.98],[96.7,76],[96.71,76.02],[96.75,76.03],[97.16,76.09]]],[[[95.18,76.17],[95.19,76.17],[95.2,76.16],[95.16,76.15],[95.1,76.15],[95.05,76.16],[95.01,76.18],[95.05,76.19],[95.07,76.2],[95.08,76.22],[95.1,76.23],[95.16,76.2],[95.18,76.19],[95.18,76.17]]],[[[95,76.27],[94.96,76.26],[94.89,76.25],[94.86,76.24],[94.87,76.23],[94.89,76.22],[94.9,76.21],[94.85,76.19],[94.78,76.18],[94.62,76.19],[94.59,76.2],[94.56,76.2],[94.53,76.19],[94.5,76.19],[94.47,76.19],[94.43,76.2],[94.41,76.21],[94.47,76.24],[94.49,76.24],[94.78,76.21],[94.8,76.22],[94.79,76.23],[94.77,76.24],[94.75,76.25],[94.74,76.25],[94.75,76.26],[94.75,76.26],[94.82,76.27],[94.9,76.28],[94.9,76.28],[94.91,76.29],[94.91,76.29],[94.92,76.29],[94.94,76.28],[94.97,76.28],[95,76.27]]],[[[96.57,76.34],[96.72,76.35],[96.77,76.34],[96.76,76.33],[96.73,76.33],[96.72,76.32],[96.71,76.31],[96.7,76.31],[96.7,76.3],[96.68,76.29],[96.66,76.3],[96.63,76.32],[96.61,76.32],[96.43,76.32],[96.38,76.34],[96.43,76.35],[96.57,76.34]]],[[[96.9,76.26],[96.93,76.26],[97.04,76.24],[97.01,76.23],[96.94,76.23],[96.91,76.22],[96.76,76.18],[96.74,76.18],[96.73,76.18],[96.73,76.19],[96.72,76.2],[96.72,76.21],[96.72,76.22],[96.73,76.24],[96.74,76.25],[96.73,76.26],[96.74,76.27],[96.78,76.28],[96.82,76.3],[96.88,76.32],[96.87,76.33],[96.83,76.34],[96.85,76.36],[96.89,76.36],[96.95,76.34],[97.01,76.34],[97.03,76.34],[97.03,76.33],[97.04,76.32],[97.05,76.31],[97.08,76.31],[97.03,76.29],[96.99,76.28],[96.89,76.28],[96.86,76.27],[96.83,76.25],[96.81,76.23],[96.79,76.21],[96.82,76.21],[96.85,76.23],[96.9,76.26]]],[[[94.16,76.6],[94.32,76.59],[94.36,76.57],[93.87,76.59],[93.89,76.6],[93.94,76.62],[94.16,76.6]]],[[[95.27,76.67],[95.31,76.67],[95.33,76.66],[95.29,76.64],[95.23,76.64],[95.12,76.65],[94.85,76.64],[94.82,76.64],[94.82,76.65],[94.84,76.67],[94.87,76.67],[95.02,76.68],[95.05,76.68],[95.07,76.68],[95.09,76.69],[95.12,76.72],[95.13,76.71],[95.13,76.71],[95.14,76.71],[95.15,76.71],[95.16,76.71],[95.2,76.69],[95.27,76.67]]],[[[56.99,74.69],[56.55,74.74],[55.88,74.79],[56.67,74.96],[56.32,74.97],[55.87,75],[55.74,75.09],[55.88,75.17],[56.23,75.2],[56.45,75.12],[56.76,75.29],[57.74,75.33],[57.61,75.44],[58.18,75.62],[58.59,75.74],[59.31,75.89],[59.83,75.95],[60.08,76.07],[60.6,76],[61.15,76.12],[61.02,76.26],[61.72,76.31],[62.37,76.22],[62.65,76.21],[63.17,76.24],[63.93,76.36],[64.44,76.36],[64.75,76.45],[65.23,76.49],[65.98,76.57],[65.82,76.71],[66.41,76.85],[67.35,76.99],[68.57,76.93],[68.9,76.8],[68.84,76.63],[68.41,76.4],[67.91,76.26],[66.23,75.97],[64.03,75.7],[63.65,75.72],[63.17,75.58],[62.01,75.44],[61.67,75.31],[61.52,75.23],[61.38,75.33],[60.75,75.11],[60.58,75.08],[60.45,75.05],[59.93,75.01],[60.21,74.84],[59.85,74.74],[59.78,74.72],[59.85,74.62],[59.16,74.74],[59.1,74.66],[59.09,74.48],[58.45,74.54],[58.64,74.42],[58.69,74.26],[58.57,74.19],[58.32,74.23],[58.34,74.09],[58.17,74.1],[58.11,73.99],[57.48,74.15],[57.86,73.91],[57.94,73.81],[56.98,73.87],[57.5,73.73],[57.61,73.63],[56.75,73.65],[57.25,73.5],[56.89,73.31],[56.74,73.29],[56.05,73.33],[55.98,73.33],[54.57,73.41],[54.31,73.44],[54.78,73.66],[54.83,73.69],[54.4,73.64],[53.93,73.64],[53.63,73.76],[54.08,73.86],[54.7,74.01],[55.2,74.18],[55.63,74.16],[55.15,74.28],[55.4,74.29],[55.62,74.33],[55.62,74.47],[56.23,74.5],[55.7,74.54],[55.53,74.65],[56.56,74.68],[56.99,74.69]]],[[[93.87,78.15],[93.81,78.14],[93.76,78.15],[93.7,78.15],[93.63,78.16],[93.59,78.17],[93.6,78.19],[93.65,78.2],[93.7,78.2],[93.75,78.2],[93.79,78.2],[93.82,78.19],[93.86,78.19],[93.88,78.18],[93.91,78.17],[93.92,78.16],[93.87,78.15]]],[[[92.46,79.11],[92.66,79.09],[92.72,79.08],[92.52,79.08],[92.24,79.12],[92.18,79.13],[92.18,79.13],[92.21,79.14],[92.46,79.11]]],[[[92.99,79.42],[92.95,79.4],[92.9,79.4],[92.81,79.4],[92.82,79.39],[92.79,79.38],[92.67,79.39],[92.62,79.4],[92.6,79.41],[92.59,79.41],[92.59,79.41],[92.59,79.42],[92.59,79.42],[92.64,79.42],[92.79,79.44],[92.89,79.44],[92.99,79.42]]],[[[92.31,79.45],[92.47,79.43],[92.45,79.43],[92.37,79.43],[92.29,79.41],[92.27,79.41],[92.27,79.4],[92.28,79.4],[92.31,79.39],[92.24,79.38],[91.78,79.42],[91.95,79.42],[92.03,79.41],[92.07,79.41],[92.11,79.42],[92.18,79.45],[92.22,79.45],[92.31,79.45]]],[[[91.37,79.49],[91.53,79.45],[91.46,79.46],[91.39,79.46],[91.36,79.47],[91.36,79.47],[91.36,79.48],[91.33,79.48],[91.19,79.52],[90.82,79.56],[90.79,79.56],[91.14,79.54],[91.37,79.49]]],[[[100.2,79.68],[100.26,79.68],[100.29,79.68],[100.31,79.67],[100.19,79.66],[100.07,79.64],[99.99,79.6],[99.94,79.59],[99.91,79.6],[99.92,79.61],[99.93,79.62],[99.94,79.63],[99.94,79.65],[99.94,79.65],[99.94,79.66],[99.94,79.67],[99.95,79.69],[99.98,79.7],[100.02,79.7],[100.1,79.7],[100.08,79.69],[100.2,79.68]]],[[[94.33,80.03],[94.29,80.02],[94.25,80.01],[94.17,80.01],[94.17,80.01],[94.17,80],[94.18,80],[94.18,79.99],[94.15,79.98],[93.99,79.96],[93.96,79.97],[93.93,79.97],[93.95,80],[93.97,80.01],[93.98,80.02],[94.13,80.02],[94.25,80.04],[94.29,80.04],[94.33,80.03]]],[[[146.18,43.54],[146.2,43.54],[146.22,43.54],[146.23,43.53],[146.23,43.52],[146.21,43.51],[146.2,43.5],[146.21,43.48],[146.15,43.46],[146.13,43.46],[146.13,43.47],[146.13,43.49],[146.12,43.49],[146.11,43.49],[146.1,43.5],[146.08,43.52],[146.13,43.54],[146.16,43.55],[146.18,43.54]]],[[[146.88,43.86],[146.9,43.85],[146.91,43.84],[146.93,43.84],[146.94,43.85],[146.94,43.83],[146.93,43.81],[146.91,43.8],[146.9,43.8],[146.88,43.8],[146.87,43.79],[146.84,43.78],[146.83,43.78],[146.83,43.78],[146.82,43.78],[146.81,43.77],[146.8,43.77],[146.79,43.76],[146.78,43.75],[146.77,43.75],[146.76,43.75],[146.74,43.74],[146.73,43.74],[146.71,43.74],[146.72,43.73],[146.69,43.72],[146.68,43.71],[146.67,43.71],[146.65,43.71],[146.63,43.73],[146.61,43.73],[146.6,43.74],[146.6,43.75],[146.61,43.78],[146.61,43.79],[146.6,43.8],[146.6,43.81],[146.65,43.81],[146.67,43.82],[146.77,43.86],[146.8,43.87],[146.82,43.86],[146.83,43.87],[146.85,43.88],[146.86,43.88],[146.87,43.87],[146.88,43.86]]],[[[146.47,44.43],[146.57,44.45],[146.55,44.4],[146.54,44.38],[146.53,44.37],[146.51,44.36],[146.47,44.38],[146.45,44.38],[146.41,44.36],[146.37,44.33],[146.33,44.29],[146.27,44.27],[146.22,44.28],[146.14,44.27],[146.11,44.25],[146.1,44.24],[146.09,44.23],[146.08,44.21],[146.06,44.19],[146.03,44.18],[145.92,44.11],[145.89,44.07],[145.88,44.03],[145.85,44.02],[145.81,44.01],[145.8,43.97],[145.78,43.93],[145.75,43.91],[145.66,43.9],[145.62,43.87],[145.58,43.83],[145.56,43.66],[145.55,43.66],[145.54,43.67],[145.55,43.7],[145.55,43.72],[145.47,43.73],[145.43,43.77],[145.43,43.81],[145.42,43.82],[145.41,43.84],[145.44,43.85],[145.47,43.89],[145.54,43.92],[145.56,43.94],[145.68,44.02],[145.71,44.03],[145.75,44.06],[145.76,44.12],[145.79,44.14],[145.8,44.16],[145.86,44.19],[145.87,44.22],[145.9,44.25],[145.95,44.28],[145.97,44.29],[145.98,44.31],[145.99,44.32],[146.01,44.34],[146.02,44.38],[146.04,44.41],[146.12,44.51],[146.18,44.51],[146.25,44.47],[146.28,44.46],[146.36,44.42],[146.47,44.43]]],[[[148.8,45.42],[148.84,45.37],[148.82,45.33],[148.76,45.31],[148.65,45.32],[148.56,45.31],[148.44,45.25],[148.28,45.22],[148.13,45.13],[148.02,45.04],[147.96,45],[147.86,44.96],[147.81,44.96],[147.78,44.95],[147.74,44.97],[147.7,45.01],[147.63,44.97],[147.63,44.93],[147.65,44.91],[147.62,44.89],[147.58,44.86],[147.56,44.82],[147.39,44.74],[147.29,44.66],[147.23,44.58],[147.11,44.57],[147.02,44.5],[146.98,44.46],[146.96,44.42],[146.91,44.43],[146.86,44.45],[146.86,44.48],[146.89,44.5],[146.94,44.54],[146.94,44.57],[146.93,44.61],[146.95,44.62],[146.96,44.58],[147,44.57],[147.04,44.6],[147.01,44.63],[147.03,44.67],[147.09,44.64],[147.15,44.67],[147.2,44.73],[147.16,44.77],[147.1,44.8],[147.15,44.83],[147.22,44.8],[147.24,44.85],[147.36,44.9],[147.45,44.96],[147.48,44.99],[147.5,45.03],[147.5,45.07],[147.5,45.08],[147.53,45.09],[147.56,45.09],[147.59,45.06],[147.65,45.08],[147.73,45.17],[147.78,45.2],[147.89,45.22],[147.88,45.25],[147.87,45.27],[147.87,45.32],[147.86,45.35],[147.89,45.4],[147.94,45.43],[147.96,45.42],[147.97,45.38],[148,45.33],[148,45.31],[148,45.29],[148.01,45.27],[148.07,45.25],[148.36,45.3],[148.42,45.36],[148.45,45.37],[148.48,45.41],[148.53,45.44],[148.56,45.46],[148.59,45.47],[148.61,45.48],[148.62,45.5],[148.65,45.5],[148.76,45.53],[148.85,45.48],[148.83,45.44],[148.8,45.43],[148.8,45.42]]],[[[150.33,46.21],[150.4,46.23],[150.48,46.21],[150.57,46.23],[150.52,46.19],[150.47,46.16],[150.44,46.14],[150.39,46.1],[150.36,46.08],[150.32,46.07],[150.29,46.05],[150.25,46.04],[150.23,46.01],[150.19,45.98],[150.18,45.95],[150.2,45.93],[150.19,45.93],[150.16,45.92],[150.15,45.91],[150.14,45.9],[150.11,45.88],[150.09,45.87],[150.04,45.84],[150.02,45.82],[150,45.82],[149.97,45.82],[149.95,45.82],[149.92,45.81],[149.92,45.79],[149.87,45.78],[149.84,45.76],[149.75,45.68],[149.7,45.65],[149.64,45.61],[149.6,45.61],[149.58,45.63],[149.58,45.64],[149.57,45.62],[149.57,45.61],[149.57,45.6],[149.56,45.6],[149.55,45.59],[149.53,45.58],[149.44,45.59],[149.44,45.59],[149.45,45.6],[149.47,45.62],[149.48,45.67],[149.51,45.67],[149.53,45.69],[149.54,45.7],[149.55,45.71],[149.55,45.71],[149.57,45.73],[149.59,45.77],[149.6,45.77],[149.6,45.78],[149.6,45.79],[149.6,45.79],[149.62,45.79],[149.63,45.8],[149.65,45.82],[149.67,45.85],[149.69,45.86],[149.75,45.86],[149.81,45.88],[149.85,45.92],[149.88,45.96],[149.92,46],[150.02,46.07],[150.09,46.09],[150.11,46.1],[150.14,46.09],[150.15,46.09],[150.18,46.11],[150.19,46.11],[150.21,46.12],[150.21,46.13],[150.18,46.16],[150.21,46.18],[150.25,46.19],[150.29,46.2],[150.33,46.21]]],[[[152.21,47.13],[152.23,47.14],[152.26,47.15],[152.28,47.16],[152.29,47.14],[152.18,47.07],[152.17,47.06],[152.16,47.02],[152.14,47],[152.09,46.98],[152.08,46.97],[152.07,46.96],[152.06,46.95],[152.06,46.94],[152.05,46.94],[152.02,46.9],[152,46.89],[151.98,46.88],[151.95,46.86],[151.92,46.86],[151.91,46.84],[151.89,46.82],[151.85,46.79],[151.8,46.77],[151.76,46.78],[151.75,46.78],[151.74,46.79],[151.72,46.8],[151.71,46.81],[151.71,46.82],[151.71,46.83],[151.71,46.84],[151.71,46.85],[151.75,46.86],[151.84,46.86],[151.87,46.87],[151.92,46.93],[151.95,46.95],[152.05,47.01],[152.16,47.13],[152.23,47.18],[152.23,47.17],[152.21,47.16],[152.21,47.15],[152.2,47.14],[152.2,47.13],[152.21,47.13]]],[[[152.5,47.38],[152.52,47.37],[152.54,47.35],[152.54,47.33],[152.52,47.3],[152.48,47.3],[152.43,47.32],[152.41,47.34],[152.41,47.37],[152.43,47.38],[152.45,47.39],[152.5,47.38]]],[[[153.02,47.8],[153.05,47.81],[153.06,47.79],[153.06,47.78],[153.07,47.76],[153.07,47.74],[153.06,47.72],[153.05,47.71],[153.03,47.7],[153.01,47.7],[152.99,47.7],[152.98,47.68],[152.97,47.7],[152.97,47.72],[152.97,47.73],[152.97,47.75],[152.98,47.77],[153,47.79],[153.02,47.8]]],[[[153.29,48.08],[153.29,48.07],[153.3,48.05],[153.29,48.04],[153.28,48.03],[153.25,48.04],[153.23,48.04],[153.2,48.05],[153.18,48.07],[153.16,48.09],[153.16,48.12],[153.21,48.13],[153.24,48.11],[153.26,48.1],[153.29,48.08]]],[[[154.21,48.92],[154.23,48.9],[154.22,48.87],[154.2,48.85],[154.18,48.84],[154.09,48.79],[154.06,48.77],[154.06,48.76],[154.06,48.75],[154.06,48.74],[154.04,48.73],[154.01,48.73],[154,48.73],[153.98,48.74],[153.97,48.74],[153.98,48.76],[153.99,48.78],[154.07,48.81],[154.08,48.82],[154.1,48.84],[154.1,48.85],[154.1,48.86],[154.1,48.87],[154.12,48.88],[154.12,48.9],[154.15,48.91],[154.18,48.92],[154.21,48.92]]],[[[153.99,48.97],[154,48.96],[154.01,48.95],[154.01,48.94],[154,48.93],[153.98,48.93],[153.96,48.93],[153.94,48.93],[153.93,48.93],[153.92,48.93],[153.91,48.94],[153.9,48.96],[153.9,48.97],[153.92,48.98],[153.93,48.98],[153.99,48.97]]],[[[154.56,49.16],[154.58,49.15],[154.6,49.13],[154.6,49.11],[154.58,49.1],[154.55,49.1],[154.53,49.09],[154.51,49.08],[154.49,49.09],[154.47,49.1],[154.45,49.14],[154.44,49.16],[154.44,49.17],[154.45,49.17],[154.46,49.17],[154.49,49.17],[154.54,49.16],[154.56,49.16]]],[[[154.45,49.82],[154.48,49.81],[154.49,49.78],[154.47,49.76],[154.46,49.74],[154.45,49.73],[154.41,49.73],[154.39,49.75],[154.38,49.77],[154.37,49.78],[154.38,49.79],[154.39,49.8],[154.42,49.82],[154.45,49.82]]],[[[156.13,50.64],[156.16,50.61],[156.16,50.59],[156.15,50.55],[156.15,50.52],[156.12,50.5],[156.1,50.49],[156.08,50.49],[156.06,50.49],[156.04,50.47],[156.04,50.44],[156.04,50.42],[156.03,50.4],[156,50.39],[155.94,50.32],[155.89,50.26],[155.87,50.25],[155.82,50.24],[155.78,50.19],[155.62,50.18],[155.5,50.14],[155.42,50.04],[155.4,50],[155.38,50.02],[155.38,50.05],[155.29,50.06],[155.24,50.05],[155.22,50.07],[155.22,50.1],[155.23,50.12],[155.25,50.14],[155.25,50.17],[155.24,50.2],[155.24,50.23],[155.19,50.26],[155.2,50.29],[155.27,50.31],[155.35,50.3],[155.41,50.36],[155.48,50.38],[155.55,50.38],[155.56,50.39],[155.59,50.4],[155.63,50.38],[155.69,50.4],[155.77,50.47],[155.78,50.49],[155.79,50.52],[155.85,50.6],[155.87,50.66],[155.89,50.69],[156.01,50.76],[156.07,50.78],[156.12,50.75],[156.13,50.68],[156.12,50.66],[156.13,50.64]]],[[[156.46,50.87],[156.48,50.86],[156.49,50.84],[156.5,50.81],[156.5,50.8],[156.5,50.78],[156.51,50.77],[156.5,50.75],[156.48,50.73],[156.47,50.72],[156.46,50.7],[156.43,50.67],[156.41,50.65],[156.41,50.63],[156.39,50.63],[156.35,50.64],[156.32,50.64],[156.3,50.64],[156.27,50.63],[156.26,50.65],[156.24,50.66],[156.21,50.67],[156.18,50.69],[156.17,50.71],[156.17,50.74],[156.18,50.76],[156.2,50.78],[156.22,50.79],[156.25,50.79],[156.28,50.81],[156.33,50.84],[156.36,50.86],[156.4,50.87],[156.43,50.88],[156.46,50.87]]],[[[155.56,50.81],[155.52,50.81],[155.49,50.83],[155.47,50.85],[155.45,50.88],[155.47,50.92],[155.54,50.93],[155.63,50.91],[155.67,50.87],[155.67,50.81],[155.65,50.81],[155.6,50.81],[155.56,50.81]]],[[[142.55,54.3],[142.57,54.31],[142.59,54.31],[142.6,54.31],[142.59,54.3],[142.54,54.3],[142.55,54.3]]],[[[137.82,54.46],[137.83,54.49],[137.86,54.5],[137.89,54.5],[137.92,54.51],[137.93,54.49],[137.93,54.47],[137.92,54.46],[137.9,54.45],[137.86,54.45],[137.85,54.44],[137.84,54.4],[137.82,54.38],[137.8,54.38],[137.73,54.36],[137.72,54.37],[137.72,54.39],[137.72,54.39],[137.72,54.39],[137.74,54.39],[137.75,54.39],[137.8,54.43],[137.82,54.44],[137.82,54.46]]],[[[137.62,54.57],[137.63,54.55],[137.63,54.54],[137.64,54.52],[137.65,54.51],[137.65,54.5],[137.64,54.5],[137.65,54.49],[137.65,54.48],[137.64,54.48],[137.62,54.47],[137.61,54.46],[137.61,54.44],[137.61,54.43],[137.63,54.41],[137.64,54.4],[137.61,54.41],[137.59,54.4],[137.57,54.4],[137.55,54.41],[137.57,54.43],[137.57,54.45],[137.56,54.5],[137.56,54.5],[137.55,54.5],[137.55,54.51],[137.55,54.52],[137.55,54.52],[137.57,54.54],[137.6,54.56],[137.61,54.57],[137.62,54.57]]],[[[168.06,54.55],[168.07,54.54],[168.1,54.52],[168.11,54.52],[168.11,54.5],[168.1,54.5],[168.08,54.5],[168.04,54.52],[167.99,54.56],[167.94,54.59],[167.82,54.65],[167.81,54.65],[167.77,54.65],[167.75,54.66],[167.73,54.66],[167.72,54.67],[167.7,54.69],[167.5,54.79],[167.45,54.82],[167.44,54.87],[167.47,54.87],[167.52,54.86],[167.56,54.84],[167.57,54.82],[167.56,54.81],[167.58,54.8],[167.6,54.79],[167.64,54.79],[167.66,54.78],[167.69,54.77],[167.73,54.76],[167.74,54.76],[167.75,54.73],[167.77,54.71],[167.78,54.7],[167.8,54.7],[167.82,54.69],[167.85,54.69],[167.88,54.66],[167.89,54.65],[167.91,54.65],[167.92,54.64],[167.94,54.63],[167.95,54.62],[167.98,54.6],[168.04,54.57],[168.06,54.55]]],[[[137.17,55.12],[137.19,55.11],[137.18,55.09],[137.11,55.03],[137.09,55.01],[137.07,55.01],[137.07,55],[137.07,54.98],[137.08,54.96],[137.09,54.95],[137.07,54.93],[137.05,54.92],[137.02,54.92],[136.94,54.92],[136.93,54.93],[136.93,54.93],[136.93,54.94],[136.93,54.95],[136.92,54.96],[136.9,54.96],[136.84,54.94],[136.82,54.94],[136.81,54.94],[136.8,54.94],[136.79,54.93],[136.78,54.93],[136.76,54.93],[136.75,54.93],[136.74,54.92],[136.75,54.91],[136.76,54.89],[136.74,54.89],[136.72,54.89],[136.69,54.9],[136.67,54.91],[136.67,54.91],[136.69,54.92],[136.69,54.93],[136.69,54.94],[136.69,54.95],[136.7,54.96],[136.71,54.97],[136.74,54.98],[136.75,54.98],[136.79,55.01],[136.81,55.02],[136.82,55.02],[136.86,55.03],[136.98,55.09],[137.05,55.11],[137.09,55.09],[137.1,55.11],[137.12,55.12],[137.15,55.13],[137.17,55.12]]],[[[138.05,55.06],[138.14,55.06],[138.18,55.06],[138.21,55.04],[138.19,55.02],[138.13,55.02],[138.11,55.01],[138.05,54.94],[138.03,54.94],[138.02,54.94],[138.01,54.93],[138,54.91],[138,54.9],[137.99,54.89],[137.99,54.88],[137.99,54.86],[138,54.84],[138,54.82],[137.99,54.8],[137.88,54.76],[137.86,54.74],[137.86,54.73],[137.84,54.72],[137.79,54.69],[137.77,54.67],[137.76,54.66],[137.74,54.66],[137.74,54.66],[137.74,54.65],[137.74,54.64],[137.74,54.64],[137.72,54.62],[137.71,54.62],[137.68,54.64],[137.65,54.66],[137.65,54.66],[137.59,54.75],[137.57,54.76],[137.56,54.77],[137.55,54.77],[137.54,54.78],[137.53,54.81],[137.52,54.84],[137.5,54.86],[137.49,54.88],[137.43,54.87],[137.39,54.85],[137.29,54.8],[137.26,54.78],[137.23,54.78],[137.24,54.8],[137.25,54.81],[137.25,54.82],[137.26,54.86],[137.26,54.87],[137.27,54.9],[137.3,54.92],[137.32,54.94],[137.36,54.97],[137.38,55],[137.39,55.01],[137.41,55.01],[137.44,55.02],[137.46,55.03],[137.48,55.05],[137.49,55.07],[137.5,55.1],[137.49,55.12],[137.52,55.14],[137.54,55.18],[137.57,55.19],[137.61,55.2],[137.64,55.19],[137.7,55.17],[137.7,55.15],[137.72,55.15],[137.75,55.15],[137.77,55.14],[137.79,55.14],[137.86,55.13],[137.88,55.14],[137.9,55.15],[137.93,55.15],[137.95,55.15],[137.96,55.13],[137.97,55.12],[137.97,55.11],[137.99,55.1],[137.97,55.07],[137.9,55.03],[137.88,55],[138.02,55.06],[138.05,55.06]]],[[[166.66,54.76],[166.67,54.73],[166.66,54.72],[166.65,54.7],[166.66,54.68],[166.65,54.69],[166.62,54.71],[166.61,54.71],[166.59,54.72],[166.58,54.73],[166.55,54.75],[166.5,54.78],[166.49,54.8],[166.5,54.82],[166.47,54.83],[166.45,54.83],[166.4,54.83],[166.37,54.83],[166.36,54.84],[166.3,54.88],[166.29,54.89],[166.29,54.9],[166.28,54.91],[166.25,54.92],[166.23,54.93],[166.21,54.94],[166.2,54.94],[166.19,54.95],[166.18,54.97],[166.18,54.98],[166.16,55],[166.08,55.06],[166.08,55.07],[166.08,55.08],[166.09,55.1],[166.08,55.12],[166.02,55.18],[165.98,55.19],[165.97,55.21],[165.99,55.22],[165.96,55.23],[165.9,55.26],[165.8,55.27],[165.76,55.28],[165.75,55.3],[165.82,55.3],[165.86,55.31],[165.89,55.32],[165.9,55.33],[165.92,55.35],[165.92,55.36],[165.94,55.36],[165.96,55.36],[166.18,55.32],[166.24,55.33],[166.25,55.33],[166.26,55.32],[166.27,55.31],[166.28,55.31],[166.29,55.3],[166.24,55.27],[166.23,55.25],[166.24,55.21],[166.24,55.17],[166.24,55.16],[166.25,55.15],[166.27,55.13],[166.28,55.12],[166.31,55.11],[166.32,55.1],[166.35,55.05],[166.36,55.05],[166.38,55.04],[166.39,55.03],[166.4,55.01],[166.41,55],[166.42,54.99],[166.45,54.96],[166.48,54.94],[166.54,54.92],[166.57,54.91],[166.58,54.9],[166.59,54.89],[166.65,54.84],[166.65,54.83],[166.64,54.82],[166.64,54.81],[166.64,54.8],[166.66,54.77],[166.66,54.76]]],[[[150.73,59.13],[150.78,59.11],[150.78,59.09],[150.75,59.08],[150.72,59.07],[150.71,59.06],[150.65,59.03],[150.61,59.01],[150.56,59],[150.48,59],[150.47,59],[150.49,59.03],[150.51,59.04],[150.55,59.06],[150.6,59.08],[150.63,59.09],[150.66,59.1],[150.68,59.11],[150.69,59.13],[150.7,59.14],[150.71,59.14],[150.73,59.13]]],[[[164.71,58.98],[164.69,58.96],[164.69,58.94],[164.68,58.93],[164.69,58.92],[164.68,58.91],[164.63,58.87],[164.57,58.86],[164.46,58.87],[164.41,58.86],[164.35,58.85],[164.3,58.83],[164.29,58.81],[164.26,58.8],[164.23,58.81],[164.22,58.81],[164.21,58.82],[164.19,58.82],[164.18,58.83],[164.17,58.82],[164.16,58.82],[164.13,58.8],[164.12,58.78],[164.09,58.77],[164.04,58.75],[163.99,58.73],[163.95,58.71],[163.91,58.7],[163.88,58.7],[163.85,58.69],[163.79,58.64],[163.67,58.6],[163.59,58.56],[163.55,58.52],[163.51,58.5],[163.49,58.44],[163.47,58.46],[163.45,58.48],[163.45,58.51],[163.41,58.54],[163.42,58.55],[163.44,58.56],[163.56,58.57],[163.61,58.61],[163.64,58.65],[163.65,58.69],[163.68,58.72],[163.73,58.75],[163.75,58.78],[163.78,58.81],[163.77,58.84],[163.77,58.87],[163.78,58.89],[163.82,58.93],[163.86,58.96],[163.91,58.99],[163.89,59.01],[163.88,59.01],[163.85,59.01],[163.83,59.01],[163.8,59.02],[163.79,59.02],[163.76,59.01],[163.73,59],[163.7,58.99],[163.72,59.01],[163.75,59.02],[163.8,59.03],[163.97,59.03],[164.28,59.11],[164.32,59.13],[164.34,59.15],[164.4,59.18],[164.45,59.21],[164.56,59.24],[164.58,59.23],[164.58,59.19],[164.58,59.18],[164.59,59.18],[164.61,59.18],[164.62,59.18],[164.62,59.18],[164.62,59.17],[164.62,59.16],[164.63,59.11],[164.64,59.1],[164.67,59.08],[164.69,59.08],[164.71,59.05],[164.73,59.02],[164.71,59.01],[164.71,58.98]]],[[[155.51,59.33],[155.53,59.34],[155.57,59.34],[155.6,59.34],[155.6,59.32],[155.57,59.32],[155.53,59.32],[155.51,59.32],[155.51,59.33]]],[[[29.79,59.99],[29.8,59.99],[29.8,59.99],[29.8,59.98],[29.79,59.98],[29.79,59.98],[29.73,60],[29.73,60],[29.72,60.01],[29.7,60.01],[29.66,60.03],[29.67,60.03],[29.71,60.02],[29.79,60],[29.79,59.99]]],[[[27.89,60.01],[27.89,60],[27.89,60],[27.87,59.99],[27.82,59.98],[27.8,59.99],[27.8,60],[27.81,60.01],[27.81,60.02],[27.82,60.03],[27.84,60.03],[27.87,60.01],[27.89,60.01]]],[[[27.02,60.04],[27.03,60.04],[27.03,60.03],[27.02,60.02],[27.01,60.01],[27,60.01],[26.98,60.02],[26.98,60.03],[26.97,60.04],[26.96,60.05],[26.96,60.06],[26.94,60.09],[26.95,60.1],[26.96,60.1],[26.98,60.09],[26.99,60.08],[27,60.07],[27.01,60.06],[27.02,60.05],[27.02,60.04]]],[[[28.71,60.29],[28.72,60.29],[28.72,60.29],[28.72,60.28],[28.7,60.28],[28.7,60.27],[28.7,60.26],[28.69,60.26],[28.67,60.26],[28.66,60.26],[28.65,60.27],[28.62,60.27],[28.57,60.29],[28.55,60.3],[28.54,60.32],[28.54,60.33],[28.55,60.33],[28.55,60.34],[28.54,60.35],[28.55,60.35],[28.56,60.34],[28.57,60.34],[28.58,60.35],[28.58,60.35],[28.59,60.34],[28.59,60.34],[28.6,60.34],[28.61,60.34],[28.62,60.33],[28.68,60.3],[28.71,60.29]]],[[[28.52,60.34],[28.52,60.33],[28.52,60.33],[28.52,60.32],[28.52,60.31],[28.5,60.31],[28.48,60.32],[28.47,60.33],[28.47,60.33],[28.46,60.34],[28.45,60.34],[28.44,60.34],[28.43,60.36],[28.43,60.37],[28.45,60.37],[28.47,60.37],[28.48,60.36],[28.5,60.35],[28.51,60.35],[28.51,60.34],[28.52,60.34]]],[[[35.94,64.41],[35.97,64.39],[36.03,64.37],[36.04,64.36],[36.03,64.34],[36.01,64.33],[35.98,64.33],[35.95,64.34],[35.9,64.37],[35.87,64.38],[35.86,64.39],[35.86,64.4],[35.88,64.41],[35.92,64.41],[35.94,64.41]]],[[[35.87,65.03],[35.86,65.01],[35.86,65],[35.85,65],[35.84,64.99],[35.82,64.98],[35.8,64.98],[35.76,64.96],[35.74,64.96],[35.73,64.97],[35.73,64.99],[35.72,65],[35.72,65.01],[35.72,65.03],[35.71,65.03],[35.69,65.03],[35.65,65.03],[35.6,65.04],[35.56,65.05],[35.53,65.07],[35.51,65.1],[35.51,65.12],[35.52,65.14],[35.56,65.15],[35.6,65.15],[35.65,65.15],[35.66,65.17],[35.69,65.17],[35.73,65.17],[35.79,65.17],[35.82,65.15],[35.83,65.12],[35.86,65.08],[35.87,65.08],[35.86,65.06],[35.84,65.07],[35.82,65.09],[35.82,65.1],[35.81,65.11],[35.8,65.11],[35.79,65.1],[35.79,65.08],[35.78,65.07],[35.78,65.07],[35.81,65.06],[35.84,65.05],[35.86,65.04],[35.87,65.03]]],[[[-169.08,65.82],[-169.06,65.83],[-169.04,65.83],[-168.99,65.82],[-169.01,65.8],[-169.03,65.77],[-169.05,65.76],[-169.08,65.76],[-169.09,65.76],[-169.1,65.78],[-169.09,65.8],[-169.08,65.82]]],[[[42.65,66.74],[42.66,66.72],[42.67,66.7],[42.68,66.68],[42.67,66.67],[42.64,66.67],[42.58,66.68],[42.48,66.71],[42.44,66.73],[42.43,66.75],[42.45,66.77],[42.5,66.78],[42.54,66.77],[42.58,66.77],[42.63,66.76],[42.65,66.74]]],[[[32.39,67.13],[32.41,67.12],[32.41,67.11],[32.39,67.1],[32.37,67.11],[32.36,67.11],[32.34,67.12],[32.34,67.12],[32.34,67.14],[32.36,67.14],[32.37,67.14],[32.39,67.13]]],[[[59.24,69.18],[59.24,69.16],[59.24,69.15],[59.24,69.15],[59.23,69.15],[59.21,69.16],[59.2,69.17],[59.17,69.17],[59.16,69.17],[59.14,69.19],[59.12,69.2],[59.08,69.23],[59.06,69.24],[58.78,69.33],[58.76,69.34],[58.79,69.34],[58.82,69.34],[59.15,69.25],[59.2,69.23],[59.2,69.23],[59.19,69.22],[59.18,69.22],[59.2,69.2],[59.23,69.19],[59.24,69.18]]],[[[34.03,69.39],[34.12,69.41],[34.22,69.41],[34.41,69.35],[34.38,69.34],[34.03,69.35],[33.98,69.36],[33.98,69.37],[33.98,69.38],[34,69.39],[34.03,69.39]]],[[[50.32,69.15],[50.25,69.06],[50.11,69],[50.13,69.01],[50.12,69.04],[50.19,69.11],[50.22,69.15],[50.18,69.15],[50.02,69.09],[49.95,69.07],[49.85,69.01],[49.91,69.01],[49.89,68.98],[49.72,68.89],[49.64,68.87],[49.54,68.84],[49.33,68.82],[49.31,68.8],[48.8,68.73],[48.77,68.74],[48.75,68.75],[48.72,68.76],[48.7,68.74],[48.59,68.73],[48.51,68.78],[48.39,68.82],[48.35,68.84],[48.33,68.85],[48.32,68.88],[48.32,68.89],[48.28,68.9],[48.24,68.88],[48.22,68.9],[48.22,68.92],[48.24,68.96],[48.27,68.98],[48.24,69],[48.23,68.99],[48.21,69],[48.21,69.01],[48.22,69.02],[48.22,69.05],[48.22,69.06],[48.22,69.07],[48.26,69.12],[48.27,69.14],[48.27,69.18],[48.27,69.23],[48.3,69.28],[48.4,69.34],[48.45,69.37],[48.57,69.42],[48.91,69.51],[49.27,69.51],[50.02,69.3],[50.22,69.23],[50.32,69.15]]],[[[169.45,69.85],[169.45,69.83],[169.45,69.83],[169.45,69.82],[169.44,69.8],[169.43,69.8],[169.42,69.79],[169.41,69.78],[169.41,69.77],[169.41,69.76],[169.31,69.77],[169.29,69.77],[169.28,69.76],[169.28,69.75],[169.3,69.74],[169.28,69.72],[169.28,69.7],[169.3,69.69],[169.31,69.66],[169.3,69.65],[169.28,69.62],[169.23,69.59],[169.19,69.58],[169.14,69.57],[169.04,69.58],[168.87,69.57],[168.52,69.63],[168.17,69.7],[168.13,69.71],[168.1,69.74],[168.06,69.76],[167.97,69.78],[167.88,69.8],[167.79,69.81],[167.75,69.83],[167.79,69.86],[167.82,69.88],[167.99,69.96],[168.19,70.01],[168.22,70.01],[168.23,70.01],[168.25,70.02],[168.26,70.02],[168.64,69.99],[168.68,69.97],[168.77,69.96],[168.83,69.94],[169.23,69.91],[169.28,69.9],[169.37,69.88],[169.42,69.87],[169.45,69.85]]],[[[60.54,69.82],[60.55,69.81],[60.53,69.8],[60.5,69.79],[60.45,69.77],[60.45,69.74],[60.37,69.73],[60.36,69.72],[60.2,69.69],[60.03,69.72],[59.97,69.71],[59.93,69.68],[59.91,69.67],[59.89,69.69],[59.85,69.7],[59.56,69.72],[59.57,69.74],[59.54,69.76],[59.57,69.78],[59.62,69.79],[59.6,69.82],[59.43,69.89],[59.37,69.89],[59.27,69.89],[59.21,69.91],[59.08,69.92],[58.95,69.93],[59.01,69.91],[59.13,69.87],[59.08,69.86],[59.02,69.87],[58.98,69.88],[58.95,69.89],[58.9,69.93],[58.57,70.08],[58.59,70.12],[58.55,70.13],[58.61,70.14],[58.6,70.15],[58.58,70.15],[58.59,70.18],[58.57,70.19],[58.54,70.18],[58.52,70.18],[58.51,70.19],[58.45,70.2],[58.49,70.22],[58.48,70.23],[58.42,70.24],[58.43,70.27],[58.82,70.22],[58.79,70.24],[58.78,70.26],[58.67,70.29],[58.52,70.33],[58.52,70.35],[58.64,70.33],[58.65,70.35],[58.72,70.37],[58.74,70.37],[58.76,70.4],[58.75,70.4],[58.74,70.42],[58.73,70.42],[58.75,70.43],[58.87,70.43],[58.98,70.47],[59.04,70.47],[59.06,70.44],[59.12,70.43],[59.35,70.35],[59.47,70.28],[59.53,70.26],[59.54,70.22],[59.55,70.2],[59.71,70.18],[59.75,70.17],[59.77,70.16],[59.78,70.13],[59.84,70.13],[59.96,70.1],[60.04,70.1],[60.07,70.07],[60.32,69.97],[60.41,69.96],[60.48,69.92],[60.45,69.9],[60.46,69.87],[60.5,69.85],[60.52,69.84],[60.53,69.82],[60.54,69.82]]],[[[57.12,70.56],[57.19,70.54],[57.22,70.53],[57.21,70.51],[57.19,70.51],[57.1,70.53],[57.06,70.54],[57.04,70.54],[57.06,70.53],[57.12,70.52],[57.14,70.5],[57.06,70.5],[56.93,70.53],[56.9,70.56],[56.91,70.56],[56.92,70.57],[56.93,70.57],[56.91,70.58],[56.86,70.59],[56.84,70.61],[56.95,70.58],[57.01,70.58],[57.03,70.57],[57.06,70.56],[57.07,70.55],[57.12,70.56]]],[[[162.38,70.68],[162.41,70.68],[162.43,70.67],[162.48,70.65],[162.45,70.65],[162.35,70.64],[162.24,70.65],[162.24,70.66],[162.26,70.66],[162.27,70.66],[162.28,70.66],[162.29,70.67],[162.3,70.67],[162.31,70.66],[162.35,70.66],[162.36,70.67],[162.37,70.67],[162.38,70.68],[162.38,70.68]]],[[[161.66,70.79],[161.67,70.78],[161.69,70.76],[161.69,70.75],[161.67,70.75],[161.64,70.76],[161.57,70.79],[161.56,70.79],[161.52,70.79],[161.51,70.79],[161.48,70.8],[161.46,70.8],[161.48,70.81],[161.49,70.82],[161.49,70.83],[161.48,70.84],[161.53,70.84],[161.55,70.84],[161.56,70.84],[161.58,70.82],[161.59,70.82],[161.61,70.82],[161.63,70.82],[161.66,70.81],[161.68,70.8],[161.66,70.79]]],[[[160.72,70.84],[160.74,70.83],[160.76,70.8],[160.68,70.8],[160.6,70.79],[160.5,70.81],[160.51,70.83],[160.55,70.85],[160.55,70.88],[160.5,70.89],[160.48,70.88],[160.45,70.87],[160.41,70.91],[160.42,70.93],[160.46,70.93],[160.52,70.94],[160.54,70.93],[160.67,70.91],[160.69,70.9],[160.7,70.89],[160.71,70.88],[160.72,70.84]]],[[[53.23,71.22],[53.2,71.19],[53.22,71.17],[53.16,71.14],[53.15,71.12],[53.16,71.1],[53.14,71.09],[53.12,71.09],[53.08,71.09],[53.05,71.07],[53.07,71.02],[53.14,70.99],[53.06,70.97],[53.01,70.99],[52.97,71.03],[52.96,71.06],[52.8,71.09],[52.8,71.11],[52.78,71.14],[52.77,71.17],[52.68,71.19],[52.66,71.21],[52.6,71.24],[52.51,71.25],[52.35,71.25],[52.23,71.29],[52.22,71.33],[52.26,71.35],[52.39,71.37],[52.46,71.37],[52.51,71.38],[52.65,71.38],[52.7,71.36],[52.74,71.35],[52.69,71.38],[52.71,71.41],[52.88,71.38],[52.92,71.36],[52.96,71.32],[53,71.31],[53.02,71.28],[52.92,71.31],[52.88,71.34],[52.8,71.37],[52.74,71.37],[52.85,71.35],[52.85,71.32],[52.78,71.33],[53.06,71.24],[53.16,71.24],[53.12,71.25],[53.08,71.26],[53.13,71.27],[53.16,71.27],[53.21,71.26],[53.2,71.23],[53.23,71.22]]],[[[137.91,71.56],[137.92,71.55],[137.97,71.51],[137.94,71.49],[137.77,71.43],[137.72,71.42],[137.69,71.42],[137.59,71.44],[137.52,71.48],[137.48,71.48],[137.4,71.48],[137.35,71.5],[137.32,71.5],[137.29,71.5],[137.27,71.49],[137.3,71.48],[137.38,71.47],[137.41,71.46],[137.39,71.45],[137.39,71.45],[137.38,71.45],[137.39,71.44],[137.34,71.43],[137.04,71.51],[136.99,71.52],[137.02,71.53],[137.13,71.55],[137.22,71.58],[137.47,71.59],[137.58,71.58],[137.61,71.58],[137.67,71.59],[137.71,71.6],[137.85,71.58],[137.87,71.58],[137.91,71.56],[137.91,71.56]]],[[[78.28,72.55],[78.37,72.51],[78.39,72.49],[78.36,72.47],[78.27,72.45],[78.18,72.42],[78.08,72.4],[77.98,72.39],[77.94,72.37],[77.81,72.32],[77.77,72.3],[77.59,72.29],[77.2,72.29],[77.13,72.28],[76.92,72.29],[76.87,72.31],[76.85,72.33],[76.85,72.34],[76.88,72.36],[76.91,72.37],[77.23,72.46],[77.25,72.47],[77.26,72.48],[77.28,72.52],[77.31,72.55],[77.36,72.56],[77.44,72.58],[77.57,72.63],[77.61,72.63],[77.79,72.63],[78.02,72.59],[78.13,72.59],[78.23,72.57],[78.28,72.55]]],[[[128.83,72.66],[128.87,72.65],[128.91,72.64],[128.95,72.62],[128.97,72.59],[128.87,72.59],[128.84,72.58],[128.82,72.56],[128.81,72.56],[128.78,72.56],[128.77,72.55],[128.77,72.55],[128.78,72.55],[128.65,72.53],[128.61,72.53],[128.56,72.54],[128.48,72.55],[128.38,72.55],[128.34,72.56],[128.11,72.63],[128.1,72.63],[128.13,72.64],[128.39,72.66],[128.65,72.68],[128.83,72.66]]],[[[128.32,72.81],[128.32,72.83],[128.42,72.87],[128.52,72.88],[128.74,72.88],[128.84,72.91],[128.99,72.93],[129.22,72.93],[129.4,72.87],[129.42,72.81],[129.33,72.77],[129.21,72.76],[128.99,72.77],[128.65,72.79],[128.32,72.81]]],[[[79.56,72.77],[79.57,72.74],[79.54,72.73],[79.4,72.7],[79,72.74],[78.91,72.74],[78.88,72.75],[78.79,72.78],[78.71,72.79],[78.67,72.8],[78.66,72.83],[78.65,72.85],[78.64,72.85],[78.63,72.85],[78.61,72.84],[78.61,72.83],[78.61,72.81],[78.61,72.81],[78.6,72.82],[78.58,72.84],[78.59,72.86],[78.61,72.88],[78.64,72.89],[78.66,72.9],[78.9,73],[79.14,73.1],[79.17,73.1],[79.21,73.1],[79.24,73.09],[79.32,73.05],[79.37,73.03],[79.38,73.03],[79.39,73.02],[79.39,73.01],[79.4,73],[79.4,72.99],[79.4,72.99],[79.44,72.96],[79.54,72.93],[79.56,72.91],[79.54,72.91],[79.52,72.91],[79.51,72.92],[79.49,72.91],[79.51,72.9],[79.52,72.88],[79.53,72.87],[79.52,72.85],[79.53,72.84],[79.54,72.83],[79.54,72.82],[79.55,72.81],[79.54,72.81],[79.54,72.8],[79.53,72.8],[79.53,72.79],[79.54,72.78],[79.54,72.78],[79.55,72.77],[79.56,72.77]]],[[[74.73,73.11],[74.85,73.09],[74.96,73.07],[74.96,73.06],[74.87,73.08],[74.79,73.09],[74.77,73.09],[74.73,73.09],[74.7,73.08],[74.69,73.05],[74.69,73.03],[74.65,72.97],[74.64,72.96],[74.65,72.94],[74.66,72.92],[74.71,72.9],[74.7,72.89],[74.69,72.87],[74.68,72.86],[74.66,72.86],[74.58,72.87],[74.59,72.88],[74.6,72.9],[74.47,72.9],[74.34,72.93],[74.34,72.93],[74.33,72.94],[74.32,72.95],[74.23,72.96],[74.2,72.97],[74.12,73],[74.1,73.01],[74.09,73.03],[74.16,73.09],[74.18,73.11],[74.21,73.11],[74.47,73.13],[74.73,73.11]]],[[[120.28,73.1],[120.26,73.09],[120.23,73.07],[120.21,73.05],[120.22,73.04],[120.23,73.04],[119.8,73.04],[119.75,73.03],[119.72,73.03],[119.7,73.05],[119.76,73.07],[119.74,73.09],[119.66,73.11],[119.63,73.13],[119.67,73.13],[119.79,73.16],[120.02,73.17],[120.25,73.12],[120.28,73.1]]],[[[76.7,73.19],[76.72,73.17],[76.73,73.17],[76.74,73.16],[76.73,73.14],[76.71,73.14],[76.69,73.14],[76.63,73.13],[76.32,73.15],[76.17,73.18],[76.14,73.2],[76.13,73.21],[76.15,73.21],[76.18,73.22],[76.53,73.19],[76.66,73.2],[76.7,73.19]]],[[[71.67,73.23],[71.68,73.2],[71.71,73.13],[71.73,73.03],[71.49,73.15],[71.34,73.18],[71.3,73.15],[70.97,73.12],[70.46,73.05],[70.2,73.05],[70.14,73.09],[70.11,73.1],[70.02,73.07],[70.01,73.05],[70.09,73.04],[70.1,73.02],[69.98,73.03],[69.91,73.03],[69.87,73.04],[69.89,73.09],[69.91,73.11],[70.02,73.18],[70.05,73.22],[70.07,73.26],[70.02,73.31],[70,73.34],[69.96,73.4],[70.47,73.5],[70.52,73.48],[70.65,73.5],[71.23,73.46],[71.24,73.44],[71.11,73.45],[71.12,73.43],[71.14,73.39],[71.1,73.37],[71.08,73.35],[71.09,73.32],[71.07,73.3],[70.98,73.27],[71.06,73.28],[71.14,73.27],[71.23,73.27],[71.27,73.25],[71.28,73.28],[71.33,73.31],[71.42,73.33],[71.44,73.35],[71.61,73.28],[71.63,73.25],[71.67,73.23]]],[[[76.76,73.45],[76.75,73.43],[76.72,73.44],[76.65,73.46],[76.56,73.49],[76.28,73.52],[76.12,73.51],[76.07,73.53],[76.16,73.56],[76.25,73.55],[76.42,73.52],[76.52,73.51],[76.73,73.47],[76.76,73.45]]],[[[75.92,73.52],[75.89,73.52],[75.87,73.51],[75.87,73.5],[75.87,73.49],[75.89,73.48],[75.9,73.47],[75.8,73.45],[75.5,73.45],[75.51,73.45],[75.53,73.46],[75.54,73.47],[75.53,73.48],[75.54,73.48],[75.54,73.5],[75.53,73.49],[75.47,73.47],[75.4,73.46],[75.38,73.45],[75.36,73.44],[75.36,73.43],[75.37,73.42],[75.37,73.41],[75.36,73.4],[75.34,73.39],[75.32,73.4],[75.3,73.41],[75.31,73.42],[75.31,73.42],[75.31,73.42],[75.31,73.43],[75.34,73.45],[75.36,73.47],[75.42,73.5],[75.62,73.55],[76.03,73.58],[76.08,73.56],[76.04,73.54],[75.92,73.52]]],[[[143.47,73.32],[143.52,73.28],[143.54,73.25],[143.57,73.23],[143.53,73.21],[143.41,73.19],[143.17,73.18],[142.76,73.22],[142.54,73.21],[142.34,73.24],[142.22,73.24],[141.84,73.27],[141.51,73.3],[141.31,73.33],[141.05,73.37],[140.79,73.41],[140.5,73.41],[140.29,73.38],[140.16,73.35],[139.97,73.33],[139.82,73.34],[139.79,73.37],[139.77,73.42],[139.91,73.47],[140.08,73.46],[140.23,73.45],[140.49,73.49],[140.63,73.56],[140.66,73.58],[140.69,73.6],[140.71,73.63],[140.73,73.65],[140.79,73.7],[140.81,73.72],[140.84,73.76],[140.87,73.78],[140.9,73.8],[140.93,73.82],[141.13,73.88],[141.17,73.88],[141.16,73.88],[141.17,73.88],[141.18,73.88],[141.21,73.87],[141.37,73.86],[141.59,73.91],[142.05,73.92],[142.27,73.87],[142.48,73.85],[142.58,73.83],[142.88,73.71],[142.93,73.7],[142.95,73.7],[143.01,73.67],[143.03,73.66],[143.15,73.64],[143.41,73.54],[143.44,73.52],[143.48,73.48],[143.54,73.44],[143.47,73.41],[143.44,73.41],[143.45,73.4],[143.45,73.38],[143.45,73.37],[143.45,73.36],[143.46,73.36],[143.47,73.36],[143.47,73.35],[143.47,73.34],[143.47,73.34],[143.47,73.33],[143.47,73.33],[143.47,73.32]]],[[[124.59,73.92],[124.63,73.91],[124.66,73.9],[124.66,73.89],[124.63,73.87],[124.51,73.84],[124.51,73.84],[124.49,73.85],[124.46,73.86],[124.44,73.86],[124.42,73.85],[124.39,73.85],[124.37,73.85],[124.35,73.86],[124.33,73.87],[124.31,73.87],[124.3,73.87],[124.29,73.88],[124.29,73.9],[124.31,73.9],[124.36,73.91],[124.38,73.92],[124.36,73.92],[124.35,73.92],[124.33,73.92],[124.32,73.92],[124.38,73.94],[124.58,73.95],[124.49,73.94],[124.46,73.92],[124.59,73.92]]],[[[84.36,74.02],[84.33,74.01],[84.35,74],[84.42,73.97],[84.38,73.96],[84.33,73.96],[84.23,73.97],[84.18,73.98],[83.91,73.99],[83.9,74],[83.89,74.01],[83.88,74.02],[83.9,74.02],[83.97,74.03],[83.98,74.03],[84.02,74.03],[84.16,74.02],[84.24,74.02],[84.38,74.05],[84.41,74.05],[84.42,74.04],[84.41,74.03],[84.39,74.02],[84.36,74.02]]],[[[83.51,74.12],[83.54,74.12],[83.57,74.11],[83.6,74.1],[83.62,74.09],[83.61,74.08],[83.58,74.07],[83.53,74.07],[83.53,74.08],[83.5,74.09],[83.4,74.07],[83.4,74.06],[83.43,74.05],[83.47,74.05],[83.43,74.04],[83.39,74.04],[83.08,74.09],[82.83,74.08],[82.83,74.09],[82.81,74.09],[82.86,74.12],[82.92,74.13],[83.06,74.14],[83.18,74.16],[83.51,74.12]]],[[[82.57,74.16],[82.74,74.1],[82.71,74.09],[82.67,74.07],[82.62,74.05],[82.59,74.06],[82.55,74.07],[82.35,74.08],[82.33,74.09],[82.32,74.1],[82.32,74.12],[82.32,74.13],[82.33,74.13],[82.35,74.14],[82.4,74.15],[82.45,74.16],[82.57,74.16]]],[[[136.26,73.96],[136.27,73.93],[136.25,73.91],[136.21,73.9],[136.17,73.89],[136.17,73.89],[136.16,73.88],[136.16,73.88],[136.15,73.88],[136.14,73.88],[136.08,73.9],[136.07,73.91],[136.06,73.92],[136.04,73.94],[135.73,74.04],[135.71,74.06],[135.69,74.07],[135.68,74.1],[135.66,74.11],[135.55,74.15],[135.51,74.16],[135.48,74.15],[135.44,74.16],[135.41,74.18],[135.39,74.23],[135.38,74.24],[135.35,74.26],[135.39,74.26],[135.4,74.26],[135.45,74.24],[135.59,74.24],[135.75,74.17],[135.87,74.14],[135.91,74.13],[135.96,74.12],[136.01,74.1],[136.03,74.1],[136.11,74.05],[136.22,74.01],[136.26,73.99],[136.26,73.96]]],[[[141.1,74.15],[141.09,74.14],[141.08,74.13],[141.07,74.13],[141.08,74.11],[141.08,74.11],[141.08,74.1],[141.07,74.1],[141.07,74.09],[141.07,74.09],[141.08,74.08],[141.08,74.08],[141.08,74.06],[141.07,74.06],[141.07,74.06],[141.06,74.05],[141.05,74.04],[141.05,74.02],[141.05,74.01],[141.04,74],[140.99,73.98],[140.94,73.98],[140.84,73.98],[140.8,73.97],[140.74,73.95],[140.72,73.95],[140.67,73.95],[140.62,73.94],[140.56,73.92],[140.55,73.92],[140.44,73.91],[140.33,73.94],[140.2,74.03],[140.16,74.07],[140.17,74.1],[140.18,74.15],[140.19,74.19],[140.22,74.22],[140.35,74.25],[140.62,74.27],[140.89,74.28],[140.98,74.26],[141.06,74.23],[141.1,74.18],[141.11,74.17],[141.11,74.17],[141.1,74.15]]],[[[116.1,74.35],[116.12,74.34],[116.12,74.32],[116.12,74.31],[116.09,74.29],[116.05,74.29],[116.01,74.28],[115.96,74.29],[115.92,74.3],[115.9,74.3],[115.89,74.3],[115.89,74.31],[115.89,74.32],[115.9,74.34],[115.92,74.36],[115.94,74.37],[115.98,74.38],[116.02,74.38],[116.06,74.37],[116.1,74.35]]],[[[84.87,74.51],[84.91,74.5],[84.93,74.49],[84.93,74.48],[84.9,74.47],[84.85,74.47],[84.67,74.48],[84.58,74.47],[84.54,74.46],[84.77,74.41],[84.73,74.4],[84.44,74.43],[84.4,74.44],[84.39,74.46],[84.42,74.47],[84.59,74.5],[84.87,74.51]]],[[[113.41,74.44],[113.41,74.44],[113.42,74.42],[113.43,74.41],[113.43,74.39],[113.41,74.39],[113.36,74.38],[113.37,74.35],[113.33,74.33],[113.24,74.3],[113.27,74.29],[113.28,74.28],[113.22,74.26],[113.21,74.25],[113.22,74.24],[113.16,74.23],[113.03,74.21],[112.97,74.19],[112.95,74.18],[112.92,74.15],[112.85,74.11],[112.77,74.09],[112.67,74.11],[112.58,74.1],[112.48,74.12],[112.16,74.14],[112.12,74.15],[112.04,74.19],[111.94,74.22],[111.58,74.26],[111.48,74.29],[111.46,74.31],[111.47,74.34],[111.51,74.36],[111.65,74.38],[111.7,74.38],[111.81,74.35],[111.85,74.35],[111.9,74.36],[111.95,74.37],[111.99,74.4],[111.97,74.41],[111.97,74.42],[111.98,74.43],[112,74.44],[112,74.45],[111.98,74.47],[111.97,74.48],[112.01,74.54],[112.11,74.55],[112.41,74.53],[112.75,74.5],[113.05,74.5],[113.31,74.48],[113.37,74.47],[113.41,74.44]]],[[[85.54,74.57],[85.56,74.57],[85.62,74.55],[85.64,74.55],[85.63,74.51],[85.5,74.5],[85.5,74.46],[85.31,74.47],[85.25,74.48],[85.21,74.49],[85.17,74.51],[85.15,74.54],[85.18,74.56],[85.24,74.58],[85.54,74.57]]],[[[86.08,74.56],[86.16,74.54],[86.2,74.53],[86.21,74.51],[86.15,74.49],[86.11,74.49],[86.1,74.49],[86.08,74.51],[86.04,74.52],[86,74.52],[85.97,74.51],[85.97,74.5],[85.98,74.5],[86,74.49],[86.01,74.49],[85.99,74.48],[85.98,74.47],[85.92,74.46],[85.86,74.44],[85.8,74.44],[85.71,74.47],[85.66,74.47],[85.67,74.48],[85.73,74.5],[85.73,74.51],[85.75,74.53],[85.79,74.57],[85.8,74.57],[85.83,74.58],[85.87,74.58],[85.94,74.58],[85.99,74.58],[86.08,74.56]]],[[[79.61,74.6],[79.59,74.59],[79.55,74.57],[79.52,74.55],[79.53,74.53],[79.49,74.52],[79.43,74.52],[79.19,74.59],[79.15,74.61],[79.16,74.61],[79.2,74.6],[79.24,74.59],[79.28,74.58],[79.32,74.59],[79.31,74.61],[79.27,74.62],[79.18,74.63],[79.2,74.65],[79.24,74.66],[79.32,74.66],[79.32,74.65],[79.31,74.64],[79.3,74.64],[79.29,74.64],[79.33,74.63],[79.56,74.61],[79.6,74.6],[79.61,74.6]]],[[[85.23,74.75],[85.11,74.75],[85.1,74.76],[85.11,74.77],[85.35,74.78],[85.41,74.79],[85.47,74.81],[85.5,74.81],[85.54,74.8],[85.56,74.8],[85.61,74.8],[85.63,74.8],[85.66,74.79],[85.65,74.77],[85.66,74.75],[85.68,74.74],[85.71,74.73],[85.68,74.72],[85.66,74.73],[85.6,74.74],[85.51,74.72],[85.48,74.72],[85.46,74.74],[85.43,74.75],[85.37,74.75],[85.23,74.75]]],[[[87.03,74.99],[87.12,74.95],[87.14,74.94],[87.12,74.93],[87.08,74.9],[87.05,74.89],[86.99,74.88],[86.95,74.88],[86.92,74.89],[86.86,74.91],[86.73,74.92],[86.7,74.91],[86.69,74.9],[86.7,74.89],[86.74,74.87],[86.78,74.87],[86.83,74.85],[86.95,74.84],[86.92,74.82],[86.87,74.82],[86.73,74.85],[86.57,74.84],[86.54,74.84],[86.49,74.85],[86.47,74.85],[86.36,74.85],[86.32,74.85],[86.3,74.86],[86.29,74.87],[86.28,74.88],[86.23,74.9],[86.21,74.9],[86.23,74.91],[86.25,74.92],[86.27,74.92],[86.3,74.91],[86.32,74.9],[86.51,74.89],[86.57,74.9],[86.6,74.92],[86.57,74.92],[86.5,74.93],[86.53,74.95],[86.51,74.97],[86.5,74.98],[86.52,74.99],[86.64,74.97],[86.63,74.96],[86.62,74.95],[86.72,74.95],[86.92,74.99],[87.03,74.99]]],[[[82.14,75.14],[82.15,75.13],[82.15,75.12],[82.15,75.11],[82.15,75.1],[82.06,75.12],[82.03,75.13],[82.05,75.15],[82.08,75.16],[82.11,75.16],[82.14,75.14]]],[[[82.24,75.38],[82.25,75.36],[82.28,75.35],[82.29,75.33],[82.24,75.33],[82.08,75.35],[82.04,75.34],[82.04,75.33],[82.04,75.32],[82.05,75.31],[82.05,75.3],[82.04,75.29],[82.03,75.28],[82.04,75.26],[82.05,75.26],[82.03,75.25],[82.02,75.25],[82.01,75.25],[82,75.24],[81.99,75.23],[82,75.22],[82.01,75.21],[82.01,75.2],[82.01,75.18],[82.01,75.18],[81.98,75.18],[81.96,75.18],[81.93,75.19],[81.91,75.21],[81.89,75.22],[81.89,75.24],[81.9,75.25],[81.9,75.27],[81.87,75.32],[81.85,75.32],[81.82,75.32],[81.8,75.32],[81.81,75.29],[81.76,75.29],[81.73,75.3],[81.71,75.31],[81.72,75.3],[81.72,75.29],[81.73,75.29],[81.69,75.28],[81.64,75.29],[81.55,75.32],[81.58,75.34],[81.58,75.35],[81.53,75.35],[81.51,75.35],[81.49,75.36],[81.52,75.38],[81.71,75.45],[81.75,75.46],[81.79,75.47],[81.77,75.44],[81.74,75.42],[81.73,75.41],[81.77,75.4],[81.74,75.38],[81.77,75.38],[81.94,75.39],[81.97,75.4],[81.95,75.42],[81.92,75.43],[81.9,75.44],[81.87,75.44],[81.89,75.46],[81.93,75.46],[81.95,75.47],[81.95,75.48],[81.94,75.48],[81.91,75.49],[81.9,75.49],[81.96,75.51],[82.17,75.52],[82.17,75.51],[82.16,75.51],[82.15,75.51],[82.15,75.5],[82.13,75.46],[82.13,75.44],[82.16,75.44],[82.13,75.42],[82.01,75.44],[82.05,75.42],[82.1,75.42],[82.16,75.42],[82.2,75.41],[82.22,75.41],[82.23,75.4],[82.23,75.39],[82.24,75.38]]],[[[150.83,75.16],[150.93,75.15],[150.91,75.14],[150.81,75.1],[150.79,75.07],[150.7,75.03],[150.7,75.02],[150.69,75.02],[150.65,75.01],[150.65,74.99],[150.69,74.96],[150.65,74.91],[150.2,74.85],[149.77,74.8],[149.72,74.77],[149.21,74.76],[148.52,74.79],[147.85,74.89],[147.75,74.92],[147.73,74.93],[147.52,74.97],[147.09,75.01],[146.65,75.13],[146.12,75.21],[146.08,75.23],[146.11,75.25],[146.16,75.28],[146.18,75.32],[146.18,75.36],[146.17,75.4],[146.21,75.39],[146.26,75.39],[146.26,75.41],[146.26,75.44],[146.32,75.46],[146.41,75.47],[146.35,75.5],[146.35,75.55],[146.44,75.6],[146.66,75.56],[146.68,75.53],[146.77,75.51],[146.73,75.49],[146.68,75.48],[146.69,75.47],[146.63,75.44],[146.66,75.42],[146.73,75.4],[146.8,75.37],[147.22,75.35],[147.35,75.36],[147.26,75.38],[147.19,75.38],[147.27,75.41],[147.36,75.41],[147.36,75.4],[147.38,75.39],[147.42,75.41],[147.33,75.43],[147.69,75.44],[148.12,75.42],[148.55,75.39],[148.55,75.35],[148.53,75.34],[148.44,75.29],[148.56,75.24],[148.56,75.22],[148.67,75.22],[148.78,75.22],[148.95,75.24],[149.46,75.25],[150.13,75.23],[150.2,75.2],[150.21,75.18],[150.18,75.16],[150.21,75.17],[150.42,75.13],[150.54,75.12],[150.47,75.1],[150.54,75.1],[150.65,75.12],[150.67,75.14],[150.67,75.16],[150.71,75.17],[150.83,75.16]]],[[[136.98,75.59],[136.97,75.6],[136.97,75.6],[136.97,75.61],[136.97,75.61],[136.97,75.61],[136.97,75.61],[136.97,75.6],[136.97,75.6],[136.99,75.59],[137.06,75.58],[137.08,75.57],[137.05,75.57],[137.03,75.57],[137,75.58],[136.98,75.59]]],[[[137.06,75.64],[137.07,75.64],[137.08,75.64],[137.13,75.65],[137.14,75.65],[137.11,75.64],[136.98,75.62],[136.97,75.61],[136.98,75.62],[137.01,75.63],[137.06,75.64]]],[[[135.99,75.53],[135.96,75.5],[135.97,75.48],[136,75.46],[136.03,75.44],[136.01,75.43],[135.98,75.42],[135.84,75.38],[135.45,75.38],[135.45,75.39],[135.46,75.41],[135.46,75.42],[135.45,75.43],[135.45,75.45],[135.46,75.46],[135.48,75.47],[135.52,75.48],[135.53,75.5],[135.55,75.53],[135.59,75.57],[135.59,75.6],[135.55,75.65],[135.54,75.68],[135.55,75.68],[135.57,75.69],[135.59,75.7],[135.58,75.71],[135.58,75.72],[135.57,75.73],[135.59,75.73],[135.59,75.74],[135.61,75.75],[135.6,75.76],[135.6,75.76],[135.6,75.77],[135.61,75.78],[135.62,75.78],[135.62,75.78],[135.66,75.79],[135.67,75.8],[135.68,75.81],[135.68,75.82],[135.68,75.83],[135.68,75.83],[135.68,75.83],[135.68,75.86],[135.69,75.87],[135.71,75.86],[135.7,75.85],[135.74,75.83],[135.78,75.81],[135.82,75.78],[135.82,75.75],[135.84,75.74],[135.85,75.73],[135.85,75.71],[135.86,75.7],[135.89,75.7],[135.93,75.68],[135.96,75.67],[135.99,75.67],[136.06,75.66],[136.11,75.64],[136.16,75.63],[136.18,75.62],[136.17,75.6],[135.99,75.53]]],[[[82.11,75.89],[82.23,75.89],[82.26,75.88],[82.22,75.86],[81.76,75.89],[81.68,75.91],[81.59,75.92],[81.55,75.93],[81.58,75.94],[81.6,75.94],[81.63,75.94],[81.64,75.93],[81.64,75.93],[81.69,75.93],[82.11,75.89]]],[[[83.28,75.96],[83.3,75.94],[83.28,75.93],[83.21,75.92],[83.17,75.92],[83.06,75.93],[83.02,75.93],[82.92,75.92],[82.86,75.92],[82.84,75.92],[82.86,75.94],[82.82,75.95],[82.71,75.94],[82.53,75.96],[82.39,75.94],[82.32,75.95],[82.28,75.96],[82.26,75.97],[82.42,75.97],[82.47,75.97],[82.54,75.99],[82.56,76],[82.66,76],[82.7,75.99],[82.97,75.98],[83.24,75.96],[83.28,75.96]]],[[[145.37,75.54],[144.97,75.47],[144.7,75.39],[144.7,75.32],[144.73,75.23],[144.5,75.11],[143.97,75.03],[143.41,75.07],[142.99,75.14],[142.87,75.17],[142.74,75.23],[142.64,75.32],[142.53,75.41],[142.53,75.48],[142.72,75.55],[142.9,75.72],[142.62,75.73],[142.41,75.7],[142.03,75.66],[142.04,75.61],[142.08,75.53],[142.16,75.38],[142.43,75.21],[142.63,75.1],[143.56,75.02],[143.46,74.9],[142.78,74.89],[142.69,74.85],[141.97,74.95],[142.33,74.92],[142.2,75],[140.55,74.88],[139.97,74.9],[139.85,74.96],[139.5,74.95],[139.52,74.86],[139.59,74.86],[139.5,74.77],[138.49,74.75],[137.85,74.88],[137.79,74.98],[137.09,75.18],[136.92,75.32],[137.12,75.34],[137.43,75.39],[137.16,75.41],[137.17,75.47],[137.18,75.54],[137.19,75.57],[137.29,75.6],[137.14,75.65],[137.08,75.71],[137.2,75.79],[137.73,75.75],[137.71,75.79],[137.42,75.91],[138.03,76.03],[138.08,76.08],[138.07,76.09],[138.33,76.14],[138.43,76.06],[138.47,76.11],[138.79,76.21],[138.96,76.21],[139,76.14],[139.88,75.95],[139.83,75.92],[139.8,75.89],[140.15,75.8],[140.54,75.77],[140.44,75.67],[140.68,75.62],[141.04,75.66],[140.97,75.71],[140.89,75.91],[140.93,76.01],[141.62,76.01],[141.4,76.13],[141.37,76.15],[141.91,76.06],[142.93,75.83],[143.58,75.87],[143.82,75.83],[144.61,75.7],[145.17,75.61],[145.37,75.54]]],[[[96.64,76.27],[96.65,76.25],[96.63,76.23],[96.61,76.22],[96.59,76.21],[96.58,76.19],[96.58,76.18],[96.59,76.17],[96.6,76.16],[96.57,76.16],[96.55,76.16],[96.54,76.17],[96.52,76.19],[96.53,76.2],[96.54,76.21],[96.56,76.23],[96.47,76.27],[96.45,76.27],[96.43,76.27],[96.4,76.27],[96.36,76.26],[96.35,76.25],[96.36,76.24],[96.41,76.22],[96.42,76.21],[96.38,76.21],[96.28,76.22],[96.25,76.2],[96.28,76.2],[96.37,76.19],[96.4,76.18],[96.4,76.16],[96.38,76.15],[96.35,76.14],[96.32,76.14],[96.34,76.12],[96.36,76.12],[96.37,76.12],[96.34,76.11],[96.3,76.11],[96.18,76.15],[95.89,76.15],[95.7,76.18],[95.66,76.19],[95.67,76.2],[95.31,76.2],[95.27,76.22],[95.31,76.23],[95.32,76.24],[95.31,76.25],[95.31,76.26],[95.31,76.27],[95.31,76.28],[95.32,76.29],[95.35,76.29],[95.47,76.29],[95.49,76.28],[95.54,76.25],[95.53,76.25],[95.57,76.24],[95.61,76.25],[95.73,76.29],[95.77,76.3],[95.81,76.3],[95.85,76.29],[95.87,76.28],[96.02,76.29],[96.07,76.28],[96.07,76.26],[96.07,76.25],[96.07,76.24],[96.1,76.23],[96.13,76.24],[96.14,76.25],[96.17,76.28],[96.22,76.3],[96.28,76.31],[96.62,76.27],[96.64,76.27]]],[[[113.29,76.36],[113.14,76.37],[113.12,76.38],[113.16,76.41],[113.21,76.43],[113.26,76.44],[113.31,76.42],[113.27,76.41],[113.26,76.4],[113.31,76.39],[113.41,76.39],[113.45,76.37],[113.41,76.36],[113.29,76.36]]],[[[111.96,76.6],[111.97,76.61],[111.99,76.61],[112.02,76.61],[112.01,76.62],[112,76.62],[111.98,76.62],[111.97,76.62],[111.97,76.63],[112.15,76.64],[112.27,76.62],[112.31,76.62],[112.32,76.63],[112.32,76.65],[112.33,76.66],[112.34,76.66],[112.37,76.66],[112.39,76.65],[112.41,76.64],[112.5,76.63],[112.53,76.62],[112.52,76.62],[112.51,76.61],[112.49,76.6],[112.5,76.6],[112.55,76.58],[112.54,76.58],[112.53,76.57],[112.52,76.57],[112.53,76.56],[112.56,76.56],[112.57,76.55],[112.55,76.55],[112.52,76.55],[112.51,76.54],[112.55,76.53],[112.65,76.53],[112.7,76.53],[112.71,76.52],[112.71,76.51],[112.69,76.51],[112.67,76.51],[112.6,76.51],[112.58,76.5],[112.59,76.49],[112.6,76.48],[112.61,76.47],[112.62,76.46],[112.6,76.44],[112.57,76.44],[112.46,76.46],[112.42,76.47],[112.39,76.48],[112.36,76.51],[112.31,76.53],[112.26,76.55],[112.12,76.55],[112.1,76.55],[112.08,76.56],[112.07,76.58],[112.05,76.59],[111.96,76.6]]],[[[96.47,76.69],[96.39,76.68],[96.36,76.67],[96.37,76.64],[96.35,76.63],[96.31,76.62],[96.25,76.62],[96.15,76.62],[96.09,76.61],[96,76.62],[95.98,76.62],[95.96,76.61],[95.94,76.61],[95.89,76.62],[95.89,76.63],[95.9,76.64],[95.9,76.64],[95.89,76.65],[95.93,76.67],[95.96,76.68],[96,76.68],[96.08,76.67],[96.19,76.69],[96.22,76.71],[96.23,76.71],[96.3,76.71],[96.33,76.71],[96.38,76.71],[96.47,76.71],[96.47,76.71],[96.47,76.69]]],[[[95.65,76.68],[95.67,76.68],[95.71,76.69],[95.73,76.7],[95.83,76.69],[95.82,76.68],[95.79,76.67],[95.68,76.65],[95.53,76.65],[95.48,76.65],[95.44,76.67],[95.44,76.68],[95.44,76.69],[95.42,76.71],[95.49,76.72],[95.52,76.72],[95.55,76.71],[95.6,76.68],[95.62,76.67],[95.65,76.68]]],[[[97.48,76.65],[97.48,76.63],[97.52,76.62],[97.6,76.6],[97.57,76.59],[97.53,76.58],[97.48,76.59],[97.42,76.6],[97.34,76.6],[97.31,76.61],[97.37,76.62],[97.39,76.63],[97.39,76.65],[97.38,76.66],[97.38,76.67],[97.37,76.67],[97.36,76.68],[97.31,76.68],[97.29,76.69],[97.33,76.7],[97.38,76.71],[97.42,76.72],[97.45,76.71],[97.47,76.7],[97.48,76.67],[97.48,76.65]]],[[[149.37,76.74],[149.32,76.72],[149.26,76.71],[149.25,76.69],[149.24,76.67],[149.26,76.65],[149.26,76.63],[149.2,76.63],[149.05,76.63],[148.79,76.63],[148.59,76.62],[148.45,76.62],[148.43,76.63],[148.44,76.64],[148.47,76.66],[148.56,76.67],[148.62,76.68],[148.72,76.7],[148.79,76.72],[148.87,76.73],[148.98,76.74],[149.4,76.77],[149.45,76.77],[149.44,76.75],[149.37,76.74]]],[[[96.53,77.21],[96.55,77.19],[96.57,77.16],[96.59,77.14],[96.48,77.08],[96.44,77.07],[96.36,77.06],[96.32,77.04],[96.27,77.03],[96.27,77.03],[96.28,77.02],[96.29,77.02],[96.31,77.01],[96.28,77],[96.24,76.99],[96.19,76.99],[96.12,77.01],[96.08,77],[96.01,76.99],[95.68,76.95],[95.7,76.96],[95.73,76.97],[95.76,76.98],[95.79,76.99],[95.8,76.99],[95.92,77],[95.95,77.01],[95.92,77.03],[95.87,77.03],[95.78,77.01],[95.52,77],[95.26,76.99],[95.23,77.01],[95.25,77.01],[95.29,77.02],[95.36,77.04],[95.42,77.06],[95.58,77.08],[95.7,77.08],[96,77.12],[96.3,77.16],[96.44,77.21],[96.46,77.21],[96.53,77.21]]],[[[105.78,77.28],[105.9,77.3],[105.97,77.31],[106.01,77.29],[105.98,77.28],[105.91,77.28],[105.86,77.25],[105.83,77.26],[105.8,77.27],[105.78,77.28]]],[[[89.69,77.28],[89.73,77.24],[89.82,77.21],[89.75,77.16],[89.49,77.14],[89.3,77.15],[89.19,77.2],[89.13,77.22],[89.16,77.25],[89.21,77.28],[89.27,77.3],[89.3,77.31],[89.6,77.31],[89.65,77.3],[89.69,77.28]]],[[[106.36,77.32],[106.38,77.33],[106.41,77.33],[106.43,77.33],[106.46,77.32],[106.43,77.31],[106.39,77.3],[106.35,77.31],[106.33,77.32],[106.36,77.32]]],[[[107.75,77.33],[107.74,77.31],[107.73,77.31],[107.71,77.3],[107.7,77.29],[107.71,77.29],[107.72,77.28],[107.72,77.27],[107.7,77.27],[107.63,77.27],[107.34,77.23],[107.27,77.24],[107.25,77.24],[107.22,77.23],[107.2,77.23],[107.21,77.24],[107.22,77.25],[107.24,77.25],[107.42,77.27],[107.46,77.28],[107.41,77.29],[107.32,77.29],[107.28,77.3],[107.36,77.35],[107.4,77.36],[107.44,77.35],[107.47,77.35],[107.53,77.34],[107.58,77.33],[107.61,77.33],[107.63,77.33],[107.65,77.33],[107.67,77.33],[107.7,77.34],[107.73,77.34],[107.75,77.33]]],[[[106.86,77.45],[106.88,77.43],[106.88,77.42],[106.86,77.42],[106.84,77.42],[106.79,77.43],[106.77,77.43],[106.74,77.42],[106.75,77.41],[106.7,77.38],[106.64,77.38],[106.52,77.39],[106.53,77.41],[106.56,77.42],[106.56,77.44],[106.58,77.45],[106.64,77.44],[106.66,77.45],[106.68,77.46],[106.73,77.47],[106.83,77.47],[106.88,77.47],[106.92,77.47],[106.94,77.46],[106.93,77.45],[106.88,77.45],[106.86,77.45]]],[[[107.7,78.14],[107.7,78.12],[107.62,78.08],[107.57,78.07],[107.45,78.05],[107.43,78.06],[107.42,78.07],[107.42,78.08],[107.43,78.09],[107.39,78.1],[107.2,78.08],[106.8,78.11],[106.4,78.13],[106.45,78.15],[106.48,78.16],[106.9,78.18],[106.93,78.18],[106.94,78.18],[106.94,78.17],[107.21,78.17],[107.23,78.17],[107.25,78.16],[107.26,78.16],[107.27,78.17],[107.28,78.17],[107.28,78.18],[107.29,78.18],[107.31,78.19],[107.34,78.19],[107.57,78.19],[107.61,78.18],[107.64,78.16],[107.63,78.16],[107.65,78.15],[107.69,78.15],[107.7,78.14]]],[[[106.53,78.25],[106.5,78.24],[106.19,78.19],[106.16,78.19],[106.09,78.21],[106.02,78.21],[105.99,78.22],[106.01,78.23],[106.03,78.26],[106.04,78.27],[106.07,78.27],[106.28,78.26],[106.34,78.27],[106.39,78.29],[106.38,78.3],[106.42,78.33],[106.47,78.34],[106.61,78.34],[106.65,78.33],[106.7,78.32],[106.75,78.32],[106.77,78.31],[106.75,78.3],[106.75,78.28],[106.73,78.27],[106.71,78.26],[106.69,78.26],[106.66,78.26],[106.65,78.28],[106.62,78.29],[106.45,78.26],[106.47,78.25],[106.49,78.25],[106.53,78.25]]],[[[105.42,78.58],[105.36,78.51],[104.79,78.34],[104.63,78.36],[104.19,78.33],[103.71,78.26],[102.96,78.25],[102.89,78.21],[102.67,78.18],[102.67,78.22],[102.09,78.2],[102,78.21],[101.15,78.18],[100.37,78.02],[99.56,77.95],[99.38,77.97],[99.39,78],[99.27,78.04],[99.48,78.11],[99.6,78.19],[99.97,78.33],[100.02,78.37],[100.03,78.43],[100.14,78.47],[100.15,78.51],[100.19,78.54],[100.28,78.6],[100.26,78.64],[100.35,78.71],[100.39,78.75],[100.64,78.8],[101.02,78.75],[101.14,78.75],[100.9,78.79],[100.82,78.84],[100.78,78.9],[100.88,78.96],[100.97,79],[101.33,79.01],[101.38,79.01],[101.02,79.09],[101.2,79.15],[101.15,79.17],[101.19,79.2],[101.5,79.24],[101.56,79.3],[101.53,79.31],[101.54,79.34],[101.84,79.36],[101.95,79.3],[101.96,79.26],[102.26,79.25],[102.16,79.3],[102.15,79.37],[102.18,79.38],[102.2,79.41],[102.5,79.42],[102.91,79.37],[103.15,79.31],[102.97,79.28],[102.86,79.22],[102.76,79.16],[102.7,79.09],[102.7,79.05],[102.64,79.01],[102.62,78.99],[102.4,78.85],[102.38,78.82],[102.67,78.9],[102.79,78.96],[102.92,79.06],[103.3,79.1],[103.52,79.13],[103.52,79.15],[103.6,79.17],[103.62,79.15],[103.8,79.15],[104.02,79.11],[103.98,79.06],[104.07,79],[104.48,78.89],[104.45,78.86],[104.65,78.84],[104.65,78.81],[104.58,78.78],[104.75,78.81],[104.72,78.84],[105.18,78.81],[105.24,78.73],[105.33,78.66],[105.36,78.6],[105.42,78.58]]],[[[77.61,79.52],[77.61,79.51],[77.6,79.5],[77.58,79.5],[77.14,79.49],[76.7,79.48],[76.64,79.49],[76.65,79.5],[76.69,79.51],[76.7,79.52],[76.68,79.53],[76.62,79.55],[76.61,79.55],[76.59,79.55],[76.56,79.54],[76.55,79.54],[76.17,79.57],[76.09,79.6],[76.05,79.63],[76.05,79.65],[76.1,79.66],[76.16,79.66],[76.22,79.66],[76.28,79.65],[76.17,79.64],[76.14,79.64],[76.2,79.61],[76.27,79.6],[76.41,79.62],[76.42,79.64],[76.48,79.64],[76.85,79.61],[77.22,79.57],[77.59,79.53],[77.61,79.52]]],[[[93.63,79.93],[93.72,79.93],[93.77,79.92],[93.81,79.9],[93.78,79.87],[93.75,79.86],[93.67,79.83],[93.46,79.8],[93.36,79.78],[93.28,79.77],[93.05,79.72],[92.62,79.67],[92.27,79.68],[91.92,79.68],[91.93,79.68],[91.95,79.68],[91.96,79.69],[91.97,79.69],[91.93,79.71],[91.92,79.71],[91.94,79.72],[92.15,79.73],[92.21,79.73],[92.28,79.71],[92.31,79.71],[92.33,79.72],[92.35,79.73],[92.32,79.76],[92.28,79.77],[92.1,79.81],[91.76,79.82],[91.41,79.84],[91.07,79.85],[91.06,79.86],[91.07,79.88],[91.08,79.88],[91.16,79.9],[91.26,79.9],[91.3,79.92],[91.23,79.94],[91.09,79.95],[91.02,79.97],[91.05,79.97],[91.15,79.98],[91.18,79.99],[91.18,80.01],[91.16,80.03],[91.14,80.04],[91.11,80.05],[91.08,80.05],[90.99,80.06],[90.89,80.05],[90.87,80.06],[90.9,80.07],[91.25,80.06],[91.6,80.04],[91.78,80.06],[92.04,80.04],[92.42,80.03],[92.65,79.98],[93.14,79.96],[93.63,79.93]]],[[[51.35,79.95],[51.38,79.96],[51.47,79.94],[51.51,79.93],[51.47,79.92],[51.42,79.92],[50.96,79.94],[50.5,79.96],[50.05,79.97],[50.05,79.98],[50.05,79.98],[50.23,79.99],[50.55,79.99],[50.58,79.99],[50.63,80.03],[50.65,80.04],[50.69,80.05],[50.85,80.07],[50.96,80.1],[51,80.1],[51.03,80.09],[51.05,80.07],[51.09,80.06],[51.26,80.06],[51.25,80.05],[51.21,80.04],[51.2,80.03],[51.2,80.02],[51.2,80.01],[51.21,80],[51.22,79.99],[51.26,79.98],[51.35,79.98],[51.39,79.97],[51.37,79.96],[51.35,79.95]]],[[[36.59,80.16],[36.65,80.17],[36.85,80.15],[36.82,80.14],[36.79,80.14],[36.71,80.14],[36.65,80.15],[36.62,80.15],[36.59,80.16]]],[[[99.89,79.04],[99.88,78.93],[99.41,78.82],[98.59,78.8],[98.24,78.81],[97.76,78.81],[97.4,78.83],[97.26,78.85],[96.92,78.94],[96.8,78.99],[96.35,79.01],[95.67,79],[95.64,79.05],[95.58,79.08],[95.42,79.11],[95.02,79.04],[94.83,79.07],[94.65,79.18],[94.32,79.28],[94.31,79.35],[94.33,79.4],[94.05,79.47],[93.74,79.45],[93.96,79.51],[93.75,79.54],[93.88,79.6],[93.7,79.58],[93.53,79.54],[93.46,79.49],[93.36,79.47],[93.11,79.47],[93.18,79.53],[92.85,79.56],[93.55,79.61],[93.79,79.66],[94.69,79.82],[94.4,79.86],[94.22,79.9],[94.35,79.95],[94.75,80.01],[94.9,80.05],[95.11,80.07],[95.23,80.02],[95.36,80.07],[95.81,80.11],[96.17,80.09],[96.34,80.1],[96.59,80.14],[96.9,80.13],[97.77,80.13],[97.89,80.11],[98.06,80.03],[97.84,79.99],[97.77,79.95],[97.75,79.89],[97.62,79.82],[97.63,79.79],[97.21,79.72],[97.33,79.72],[97.73,79.81],[97.92,79.86],[98.26,79.87],[98.45,79.91],[98.47,79.93],[98.58,79.98],[98.52,80.05],[99.23,80.03],[99.3,80.02],[99.38,79.98],[99.5,79.95],[99.81,79.9],[99.82,79.88],[99.93,79.85],[100.08,79.78],[99.82,79.74],[99.79,79.66],[99.74,79.58],[99.79,79.52],[99.7,79.44],[99.71,79.38],[99.6,79.3],[99.49,79.27],[99.15,79.31],[99.58,79.17],[99.53,79.12],[99.88,79.05],[99.89,79.04]]],[[[50.08,80.07],[50.04,80.06],[50,80.06],[49.88,80.07],[49.79,80.1],[49.73,80.1],[49.63,80.13],[49.58,80.14],[49.55,80.14],[49.53,80.16],[49.56,80.17],[49.84,80.22],[49.88,80.23],[49.9,80.23],[50.23,80.23],[50.32,80.2],[50.34,80.18],[50.32,80.17],[50.13,80.14],[50.07,80.11],[50.09,80.1],[50.08,80.1],[50.07,80.1],[50.06,80.09],[50.05,80.08],[50.06,80.08],[50.08,80.08],[50.09,80.07],[50.08,80.07]]],[[[55.79,80.64],[55.75,80.65],[55.64,80.65],[55.6,80.67],[55.68,80.69],[55.71,80.7],[55.5,80.7],[55.43,80.71],[55.44,80.72],[55.5,80.73],[55.55,80.74],[55.61,80.74],[55.72,80.73],[55.76,80.74],[55.76,80.76],[55.78,80.76],[56.16,80.77],[56.53,80.79],[56.58,80.78],[56.56,80.76],[56.57,80.76],[56.68,80.75],[56.84,80.73],[56.95,80.69],[56.94,80.69],[56.93,80.68],[56.94,80.68],[56.94,80.67],[56.93,80.66],[56.63,80.64],[56.33,80.62],[56.34,80.64],[56.35,80.64],[56.31,80.66],[55.84,80.63],[55.79,80.64]]],[[[46.69,80.53],[46.64,80.52],[46.55,80.52],[46.5,80.51],[46.53,80.47],[46.08,80.44],[46.03,80.47],[46.03,80.52],[46.08,80.55],[46.07,80.57],[45.99,80.58],[45.78,80.55],[45.77,80.56],[45.75,80.56],[45.67,80.55],[45.52,80.52],[45.47,80.53],[45.43,80.56],[45.27,80.59],[44.86,80.62],[44.91,80.63],[45.09,80.65],[46.04,80.7],[46.52,80.73],[46.4,80.73],[46.44,80.75],[47.02,80.76],[47.18,80.8],[47.12,80.82],[47.14,80.84],[47.87,80.81],[48.28,80.83],[48.65,80.76],[48.5,80.75],[48.62,80.7],[48.67,80.68],[48.76,80.65],[48.75,80.63],[48.73,80.61],[48.64,80.62],[48.46,80.65],[48.06,80.66],[48.01,80.7],[47.95,80.71],[47.78,80.76],[47.72,80.77],[47.56,80.75],[47.6,80.73],[47.53,80.73],[47.48,80.73],[47.55,80.69],[47.51,80.67],[47.36,80.69],[47.43,80.61],[47.43,80.59],[47.2,80.63],[47.11,80.61],[47.04,80.58],[47.02,80.56],[46.99,80.55],[46.63,80.56],[46.69,80.53]]],[[[62.22,80.81],[62.23,80.8],[62.26,80.79],[62.28,80.78],[62.28,80.76],[62.26,80.74],[62.23,80.73],[62.17,80.71],[62.04,80.67],[62.09,80.65],[62.15,80.64],[62.12,80.62],[62.07,80.61],[61.71,80.6],[61.7,80.59],[61.7,80.59],[61.69,80.58],[61.69,80.58],[61.61,80.57],[61.59,80.56],[61.61,80.53],[61.31,80.51],[61.28,80.5],[61.37,80.49],[61.38,80.49],[61.38,80.48],[61.37,80.47],[61.33,80.46],[61.28,80.45],[61.15,80.43],[61.08,80.41],[61.04,80.41],[60.56,80.45],[60.31,80.5],[60.18,80.49],[60.19,80.48],[60.16,80.47],[60.13,80.46],[60.03,80.46],[59.96,80.44],[59.69,80.43],[59.64,80.43],[59.5,80.48],[59.24,80.53],[59.26,80.54],[59.27,80.54],[59.31,80.54],[59.36,80.56],[59.37,80.57],[59.33,80.57],[59.29,80.58],[59.26,80.6],[59.29,80.62],[59.23,80.64],[59.22,80.65],[59.23,80.66],[59.29,80.68],[59.31,80.69],[59.3,80.69],[59.28,80.7],[59.3,80.71],[59.34,80.71],[59.37,80.72],[59.36,80.73],[59.4,80.75],[59.53,80.76],[59.57,80.79],[59.51,80.8],[59.56,80.81],[59.69,80.84],[59.72,80.84],[59.79,80.83],[59.81,80.83],[59.85,80.84],[60.17,80.85],[60.22,80.85],[60.26,80.83],[60.04,80.82],[59.97,80.81],[60.31,80.81],[60.35,80.8],[60.35,80.8],[60.35,80.8],[60.35,80.79],[60.36,80.79],[60.38,80.79],[60.56,80.82],[61.05,80.84],[61.54,80.87],[61.54,80.88],[61.53,80.88],[61.56,80.89],[61.6,80.9],[62.07,80.88],[62.21,80.82],[62.22,80.81]]],[[[58.13,80.78],[58.09,80.79],[57.88,80.79],[57.84,80.8],[57.82,80.81],[57.84,80.82],[57.91,80.83],[57.95,80.84],[58.02,80.84],[58.16,80.87],[58.45,80.89],[58.75,80.9],[58.93,80.88],[58.96,80.87],[58.98,80.86],[59.01,80.84],[59.03,80.82],[59.01,80.82],[59,80.82],[58.99,80.8],[58.93,80.78],[58.9,80.77],[58.78,80.78],[58.7,80.78],[58.54,80.75],[58.42,80.75],[58.13,80.78]]],[[[55.77,80.78],[55.32,80.75],[54.88,80.72],[54.66,80.74],[54.67,80.75],[54.68,80.76],[54.69,80.77],[54.68,80.78],[54.66,80.79],[54.59,80.79],[54.54,80.78],[54.28,80.79],[54.01,80.8],[53.99,80.8],[53.98,80.82],[53.98,80.83],[54.1,80.85],[54.32,80.86],[54.41,80.85],[54.72,80.87],[54.74,80.87],[54.76,80.86],[54.77,80.86],[54.75,80.84],[54.82,80.84],[54.86,80.84],[54.89,80.85],[54.95,80.88],[54.98,80.89],[55.02,80.9],[55.1,80.9],[55.26,80.89],[55.37,80.86],[55.68,80.83],[55.99,80.8],[55.93,80.79],[55.77,80.78]]],[[[51.69,80.73],[51.74,80.71],[51.73,80.7],[51.44,80.65],[50.99,80.55],[50.12,80.53],[49.73,80.49],[49.76,80.46],[49.81,80.43],[49.83,80.41],[49.16,80.38],[48.8,80.36],[48.63,80.3],[48.94,80.27],[48.99,80.22],[49.11,80.19],[49.01,80.17],[48.99,80.16],[48.73,80.16],[48.5,80.19],[48.51,80.12],[48.32,80.1],[48.19,80.14],[48.04,80.12],[48.05,80.1],[47.66,80.07],[47.61,80.09],[47.74,80.16],[48.09,80.21],[47.87,80.22],[47.93,80.25],[47.45,80.24],[47.39,80.19],[46.89,80.19],[46.91,80.23],[46.62,80.3],[47.12,80.37],[47.17,80.32],[47.56,80.3],[47.97,80.32],[48.15,80.34],[47.69,80.37],[47.62,80.41],[48.24,80.43],[48.1,80.45],[48.1,80.48],[47.42,80.44],[47.71,80.51],[48.2,80.54],[48.41,80.57],[48.56,80.54],[48.57,80.51],[48.83,80.5],[48.93,80.53],[49.19,80.52],[49.18,80.56],[49.25,80.57],[49.27,80.58],[49.41,80.62],[49.31,80.63],[49.63,80.64],[49.63,80.67],[49.65,80.68],[49.61,80.69],[49.2,80.69],[49.31,80.73],[49.24,80.74],[48.96,80.73],[49.11,80.77],[49.34,80.81],[49.8,80.89],[50.4,80.92],[50.13,80.89],[50,80.87],[50.72,80.9],[50.88,80.91],[51.02,80.84],[50.69,80.81],[50.53,80.8],[50.31,80.76],[50.28,80.74],[50.34,80.72],[50.68,80.76],[50.8,80.74],[51.01,80.78],[51.07,80.75],[51.14,80.77],[51.31,80.78],[51.4,80.76],[51.69,80.73]]],[[[79.81,80.97],[80.12,80.96],[80.44,80.94],[80.41,80.9],[80.4,80.89],[80.37,80.87],[80.33,80.86],[79.93,80.84],[79.53,80.82],[79.13,80.81],[79.01,80.82],[78.97,80.84],[78.99,80.86],[79.08,80.9],[79.12,80.93],[79.14,80.94],[79.19,80.95],[79.21,80.96],[79.22,80.96],[79.24,80.95],[79.73,80.98],[79.81,80.97]]],[[[58.65,81.04],[58.7,81.02],[58.61,80.99],[58.6,80.97],[58.56,80.96],[58.37,80.95],[58.25,80.96],[57.88,81.03],[57.84,81.05],[57.84,81.06],[57.86,81.07],[58,81.08],[57.99,81.1],[58.01,81.11],[58.07,81.11],[58.36,81.08],[58.65,81.04]]],[[[57.34,80.89],[57.23,80.91],[57.2,80.91],[57.22,80.92],[57.23,80.93],[57.2,80.95],[57.15,80.96],[57.01,80.96],[56.96,80.97],[56.93,80.97],[56.91,80.98],[56.9,80.99],[56.89,81],[56.92,81.01],[56.9,81.02],[56.85,81.01],[56.82,81.02],[56.8,81.03],[56.47,81.06],[56.14,81.09],[56.1,81.09],[56.1,81.1],[56.1,81.11],[56.12,81.12],[56.15,81.12],[56.17,81.12],[56.22,81.11],[56.7,81.11],[56.78,81.1],[56.83,81.09],[56.94,81.07],[57.17,81.06],[57.26,81.06],[57.64,81.02],[57.65,81.02],[57.67,81.01],[57.68,81],[57.75,80.97],[58.02,80.95],[58.28,80.93],[58.25,80.92],[57.97,80.89],[57.87,80.86],[57.84,80.85],[57.53,80.86],[57.44,80.88],[57.34,80.89]]],[[[54.56,81],[54.45,81],[54.42,81.01],[54.43,81.02],[54.43,81.03],[54.45,81.05],[54.49,81.05],[54.52,81.06],[54.55,81.06],[54.54,81.07],[54.54,81.08],[54.65,81.12],[54.67,81.13],[54.72,81.12],[54.86,81.08],[55.32,81.05],[55.52,81.01],[55.58,81.01],[56.02,81.04],[56.32,81.01],[56.62,80.98],[56.65,80.94],[57,80.9],[57.34,80.86],[57.68,80.82],[57.7,80.81],[57.72,80.79],[57.71,80.78],[57.68,80.78],[57.63,80.77],[57.56,80.75],[57.31,80.72],[57.06,80.69],[57.01,80.7],[56.84,80.76],[56.72,80.78],[56.71,80.78],[56.7,80.79],[56.69,80.79],[56.69,80.79],[56.69,80.8],[56.67,80.81],[56.23,80.83],[55.8,80.85],[55.77,80.86],[55.76,80.87],[55.76,80.88],[55.76,80.89],[55.74,80.89],[55.55,80.9],[55.38,80.93],[55.4,80.95],[55.4,80.96],[55.4,80.96],[55.38,80.97],[55.32,80.98],[55.21,80.95],[55,80.95],[54.93,80.96],[54.88,80.98],[54.88,80.99],[54.87,80.99],[54.87,81],[54.86,81],[54.56,81]]],[[[50.48,81.07],[50.35,81.09],[50.39,81.11],[50.38,81.11],[50.37,81.12],[50.37,81.13],[50.5,81.13],[50.52,81.13],[50.54,81.14],[50.53,81.15],[50.49,81.16],[50.53,81.17],[50.78,81.17],[50.82,81.17],[50.91,81.14],[50.95,81.13],[50.98,81.11],[50.97,81.1],[50.94,81.09],[50.77,81.09],[50.74,81.08],[50.75,81.07],[50.78,81.06],[50.79,81.05],[50.77,81.04],[50.75,81.04],[50.57,81.05],[50.45,81.02],[50.41,81.01],[50.37,81.02],[50.38,81.03],[50.38,81.03],[50.39,81.04],[50.41,81.04],[50.44,81.05],[50.46,81.06],[50.48,81.07]]],[[[91.55,81.15],[91.57,81.14],[91.57,81.14],[91.56,81.13],[91.37,81.1],[91.34,81.1],[91.33,81.08],[91.19,81.06],[90.79,81.07],[90.39,81.09],[90,81.11],[89.97,81.11],[89.93,81.13],[89.91,81.13],[89.92,81.15],[89.92,81.16],[89.91,81.17],[89.89,81.17],[89.94,81.18],[90.02,81.21],[90.06,81.21],[90.07,81.21],[90.53,81.21],[90.99,81.2],[91.45,81.19],[91.55,81.15]]],[[[97.75,80.74],[97.97,80.72],[97.8,80.69],[97.74,80.67],[97.65,80.67],[97.33,80.65],[97.13,80.67],[97.19,80.65],[97.05,80.58],[97.04,80.56],[97.02,80.54],[97.14,80.49],[97.15,80.45],[97.2,80.44],[97.21,80.41],[97.19,80.37],[97.25,80.34],[97.42,80.32],[97.39,80.3],[97.22,80.26],[97.19,80.23],[95.9,80.18],[94.86,80.15],[94.72,80.12],[94.49,80.12],[94.17,80.04],[93.69,80],[92.99,80.1],[92.41,80.15],[92.14,80.18],[92.18,80.2],[92.2,80.21],[92.53,80.18],[92.86,80.19],[92.44,80.21],[92.24,80.24],[92.13,80.28],[92.69,80.3],[92.84,80.29],[93.3,80.29],[93.19,80.32],[92.33,80.3],[91.56,80.3],[91.5,80.31],[91.55,80.36],[91.68,80.37],[92.04,80.39],[92.12,80.4],[92.56,80.38],[92.1,80.42],[91.89,80.46],[92.74,80.51],[92.79,80.54],[92.8,80.56],[92.81,80.59],[92.78,80.6],[92.81,80.62],[93.24,80.77],[92.9,80.76],[92.7,80.76],[92.5,80.76],[92.56,80.8],[92.67,80.83],[92.72,80.85],[92.71,80.87],[92.72,80.89],[93.11,80.92],[93.14,80.96],[93.06,80.99],[93.65,81.03],[93.68,81.04],[93.7,81.05],[94.39,81.11],[95.04,81.19],[95.55,81.22],[95.03,81.25],[95.78,81.29],[96,81.24],[95.96,81.21],[96.14,81.2],[96.18,81.17],[96.28,81.16],[96.55,81.08],[96.54,81.03],[96.71,81],[96.66,80.98],[96.73,80.97],[96.86,80.94],[96.97,80.91],[97.41,80.84],[97.75,80.83],[97.75,80.8],[97.88,80.77],[97.75,80.74]]],[[[57.27,81.43],[57.01,81.44],[56.76,81.45],[56.74,81.45],[56.76,81.47],[56.79,81.47],[56.94,81.48],[56.98,81.49],[57.01,81.51],[56.99,81.51],[56.98,81.51],[56.95,81.52],[57.01,81.54],[57.48,81.53],[57.51,81.54],[57.51,81.55],[57.49,81.55],[57.48,81.55],[57.51,81.56],[57.78,81.56],[57.82,81.55],[57.8,81.54],[57.8,81.54],[57.81,81.53],[57.85,81.52],[57.86,81.52],[57.86,81.51],[57.85,81.5],[57.84,81.5],[57.89,81.49],[58.14,81.48],[58.4,81.47],[58.54,81.43],[58.57,81.41],[58.52,81.4],[58.41,81.4],[58.31,81.38],[58.05,81.38],[57.8,81.38],[57.66,81.4],[57.6,81.4],[57.58,81.4],[57.57,81.42],[57.56,81.42],[57.55,81.42],[57.44,81.44],[57.27,81.43]]],[[[62.5,81.65],[62.52,81.66],[62.11,81.67],[62.11,81.68],[62.17,81.69],[62.19,81.69],[62.22,81.7],[62.46,81.72],[62.54,81.71],[62.65,81.72],[62.8,81.72],[62.79,81.71],[62.77,81.71],[63.22,81.7],[63.68,81.69],[63.81,81.66],[63.78,81.64],[63.75,81.62],[63.71,81.61],[63.47,81.59],[63.3,81.6],[63.21,81.59],[62.95,81.6],[62.69,81.61],[62.61,81.63],[62.53,81.64],[62.5,81.65]]],[[[58.3,81.71],[57.99,81.69],[57.89,81.71],[57.89,81.72],[57.9,81.72],[57.9,81.73],[57.91,81.73],[57.93,81.73],[57.93,81.74],[57.94,81.75],[57.95,81.76],[57.96,81.76],[58.15,81.78],[58.09,81.78],[57.99,81.79],[57.94,81.8],[57.98,81.82],[58.07,81.82],[58.16,81.83],[58.51,81.84],[58.86,81.85],[59.21,81.86],[59.3,81.84],[59.4,81.84],[59.44,81.82],[59.41,81.82],[59.38,81.81],[59.33,81.79],[59.36,81.78],[59.37,81.77],[59.37,81.76],[59.36,81.75],[59,81.74],[58.65,81.73],[58.3,81.71]]],[[[150.84,46.45],[150.85,46.44],[150.83,46.44],[150.81,46.45],[150.78,46.46],[150.78,46.46],[150.79,46.47],[150.8,46.48],[150.81,46.49],[150.82,46.48],[150.83,46.47],[150.84,46.46],[150.84,46.45]]],[[[154.84,49.65],[154.85,49.64],[154.87,49.63],[154.88,49.62],[154.91,49.63],[154.9,49.61],[154.89,49.58],[154.89,49.56],[154.88,49.54],[154.83,49.52],[154.82,49.5],[154.82,49.49],[154.8,49.48],[154.8,49.46],[154.8,49.43],[154.81,49.41],[154.81,49.41],[154.83,49.39],[154.83,49.39],[154.83,49.38],[154.82,49.38],[154.82,49.37],[154.83,49.35],[154.83,49.34],[154.82,49.33],[154.81,49.32],[154.82,49.32],[154.82,49.31],[154.81,49.3],[154.78,49.29],[154.78,49.29],[154.77,49.29],[154.75,49.29],[154.74,49.29],[154.74,49.28],[154.72,49.27],[154.72,49.27],[154.7,49.27],[154.68,49.27],[154.61,49.29],[154.61,49.29],[154.6,49.3],[154.6,49.3],[154.61,49.32],[154.61,49.33],[154.6,49.36],[154.61,49.37],[154.63,49.39],[154.64,49.42],[154.65,49.44],[154.69,49.46],[154.7,49.47],[154.7,49.48],[154.71,49.51],[154.72,49.52],[154.75,49.55],[154.76,49.56],[154.76,49.57],[154.75,49.58],[154.75,49.59],[154.75,49.6],[154.76,49.6],[154.77,49.6],[154.78,49.61],[154.82,49.65],[154.84,49.65]]],[[[59.03,75.96],[59.07,75.97],[59.14,75.98],[59.2,75.99],[59.23,75.99],[59.26,75.98],[59.26,75.97],[59.24,75.95],[59.2,75.94],[59.16,75.94],[59.09,75.93],[59.02,75.93],[58.95,75.92],[58.88,75.91],[58.81,75.9],[58.72,75.9],[58.69,75.9],[58.73,75.92],[58.99,75.95],[59.03,75.96]]],[[[59,79.98],[58.79,80.01],[58.77,80.02],[58.78,80.04],[58.8,80.04],[59.16,80.08],[59.53,80.12],[59.59,80.11],[59.79,80.09],[59.81,80.09],[59.83,80.08],[59.84,80.07],[59.84,80.06],[59.84,80.05],[59.84,80.05],[59.84,80.04],[59.84,80.03],[59.84,80.03],[59.85,80.02],[59.87,80.01],[59.91,80.01],[59.93,79.99],[59.86,79.99],[59.74,79.96],[59.54,79.94],[59.48,79.95],[59.44,79.95],[59.43,79.93],[59.4,79.92],[59.37,79.92],[59.21,79.93],[59.17,79.94],[59.18,79.94],[59.2,79.95],[59.15,79.95],[59,79.98]]],[[[55.71,80.1],[56.02,80.18],[56.05,80.2],[56.01,80.21],[55.99,80.21],[56,80.23],[56.01,80.24],[55.99,80.24],[55.97,80.25],[55.95,80.26],[55.98,80.28],[55.99,80.29],[55.99,80.3],[55.99,80.31],[55.98,80.32],[55.97,80.32],[55.98,80.33],[55.99,80.34],[56.13,80.35],[56.39,80.34],[56.64,80.32],[56.69,80.34],[56.69,80.36],[56.71,80.37],[57.02,80.36],[57.1,80.35],[57.13,80.31],[57.13,80.3],[57.09,80.27],[57.08,80.26],[57.09,80.24],[57.1,80.22],[57.11,80.21],[57.13,80.21],[57.15,80.21],[57.15,80.2],[57.14,80.19],[57.12,80.18],[57.05,80.17],[57.05,80.15],[57.07,80.14],[57.11,80.12],[57.14,80.12],[57.12,80.1],[57.08,80.08],[56.96,80.07],[56.62,80.07],[56.28,80.07],[55.95,80.08],[55.76,80.1],[55.71,80.1]]],[[[52.62,80.18],[52.6,80.2],[52.36,80.21],[52.3,80.22],[52.18,80.28],[52.21,80.28],[52.26,80.28],[52.31,80.29],[52.57,80.29],[52.6,80.3],[52.59,80.31],[52.6,80.32],[52.71,80.32],[52.73,80.32],[52.73,80.33],[52.72,80.33],[52.7,80.34],[52.69,80.34],[52.68,80.36],[52.7,80.37],[52.77,80.38],[52.86,80.41],[52.91,80.41],[52.95,80.41],[53.02,80.4],[53.05,80.4],[53.15,80.41],[53.29,80.41],[53.34,80.4],[53.32,80.38],[53.35,80.36],[53.53,80.31],[53.86,80.28],[53.87,80.27],[53.86,80.26],[53.82,80.24],[53.76,80.22],[53.73,80.22],[53.7,80.22],[53.69,80.23],[53.68,80.24],[53.66,80.24],[53.64,80.25],[53.62,80.25],[53.59,80.24],[53.56,80.23],[53.54,80.22],[53.53,80.21],[53.52,80.19],[53.51,80.18],[53.49,80.17],[53.07,80.17],[52.65,80.17],[52.62,80.18]]],[[[57.53,80.13],[57.43,80.13],[57.4,80.13],[57.38,80.14],[57.29,80.17],[57.28,80.18],[57.28,80.19],[57.3,80.21],[57.28,80.22],[57.24,80.23],[57.22,80.24],[57.25,80.25],[57.27,80.27],[57.27,80.29],[57.24,80.3],[57.25,80.32],[57.26,80.33],[57.25,80.33],[57.21,80.35],[57.19,80.36],[57.27,80.39],[57.24,80.41],[57.21,80.42],[56.95,80.48],[57.32,80.48],[57.7,80.47],[58.08,80.47],[58.45,80.47],[58.56,80.45],[58.68,80.45],[58.77,80.43],[58.9,80.43],[59.19,80.38],[59.21,80.37],[59.24,80.36],[59.26,80.34],[59.28,80.33],[58.93,80.33],[58.59,80.34],[58.59,80.32],[58.56,80.32],[58.43,80.32],[58.39,80.32],[58.32,80.3],[58.19,80.29],[58.16,80.28],[58.14,80.28],[58.12,80.28],[58.09,80.26],[58.08,80.26],[58.09,80.25],[58.12,80.24],[58.43,80.24],[58.46,80.24],[58.47,80.22],[58.47,80.21],[58.43,80.19],[58.43,80.19],[58.45,80.18],[58.41,80.17],[58.25,80.19],[58.14,80.18],[58.09,80.18],[58.08,80.19],[58.07,80.19],[58.07,80.19],[58.05,80.2],[58.05,80.2],[58.04,80.21],[57.96,80.2],[57.93,80.19],[57.91,80.18],[57.91,80.17],[57.91,80.16],[57.96,80.15],[57.97,80.15],[57.98,80.14],[57.98,80.13],[57.99,80.12],[58.01,80.11],[57.97,80.1],[57.71,80.1],[57.57,80.13],[57.53,80.13]]],[[[53.8,80.47],[53.85,80.48],[53.84,80.51],[53.85,80.51],[53.86,80.51],[53.88,80.51],[53.97,80.53],[53.94,80.54],[53.86,80.55],[53.84,80.57],[53.85,80.6],[53.88,80.61],[54.27,80.59],[54.31,80.58],[54.22,80.58],[54.17,80.57],[54.14,80.56],[54.17,80.55],[54.41,80.54],[54.39,80.52],[54.4,80.51],[54.46,80.5],[54.46,80.49],[54.46,80.49],[54.47,80.48],[54.45,80.47],[54.43,80.46],[54.41,80.46],[54.39,80.46],[54.37,80.46],[54.36,80.45],[54.35,80.44],[54.33,80.43],[54.29,80.42],[54.24,80.42],[53.8,80.47]]],[[[60.26,81.04],[60.3,81.05],[60.51,81.07],[60.61,81.09],[60.97,81.1],[61.32,81.11],[61.68,81.11],[61.7,81.11],[61.68,81.1],[61.65,81.1],[61.63,81.09],[61.61,81.08],[61.62,81.07],[61.63,81.07],[61.63,81.06],[61.62,81.04],[61.6,81.03],[61.29,80.98],[60.99,80.92],[60.67,80.94],[60.34,80.95],[60.25,80.97],[60.07,80.98],[60.02,81],[60.06,81.01],[60.21,81.02],[60.26,81.04]]],[[[62.77,80.89],[62.88,80.9],[62.94,80.91],[63.04,80.95],[63.14,80.97],[63.59,80.98],[64.04,80.99],[64.17,81.01],[64.19,81.02],[64.19,81.03],[64.2,81.04],[64.2,81.05],[64.22,81.06],[64.2,81.07],[64.18,81.08],[64.13,81.08],[64.12,81.09],[64.13,81.11],[64.15,81.11],[64.19,81.12],[64.21,81.13],[64.24,81.15],[64.26,81.16],[64.27,81.17],[64.42,81.19],[64.7,81.21],[64.79,81.19],[64.87,81.19],[65.23,81.14],[65.26,81.12],[65.38,81.06],[65.42,81.05],[65.44,81.04],[65.45,81.02],[65.31,81],[65.35,80.99],[65.39,80.99],[65.42,80.97],[65.45,80.95],[65.47,80.93],[65.46,80.93],[65.45,80.92],[65.15,80.85],[65.08,80.84],[65.06,80.83],[65.05,80.82],[65.03,80.81],[65,80.81],[64.67,80.78],[64.59,80.76],[64.5,80.76],[64.43,80.74],[64.1,80.73],[63.78,80.71],[63.69,80.73],[63.41,80.71],[63.13,80.68],[62.87,80.74],[62.62,80.8],[62.53,80.8],[62.51,80.81],[62.5,80.82],[62.51,80.83],[62.52,80.84],[62.53,80.84],[62.77,80.89]]],[[[57.34,81.21],[57.4,81.22],[57.61,81.22],[57.67,81.23],[57.8,81.23],[57.89,81.25],[57.96,81.24],[58.03,81.23],[58.08,81.21],[57.85,81.19],[57.77,81.15],[57.7,81.14],[57.39,81.12],[56.99,81.17],[57.03,81.18],[57.07,81.18],[57.24,81.19],[57.34,81.21]]],[[[55.65,81.2],[55.61,81.2],[55.58,81.21],[55.56,81.22],[55.57,81.23],[55.58,81.24],[55.59,81.24],[55.58,81.25],[55.59,81.26],[55.6,81.27],[55.61,81.28],[55.43,81.28],[55.43,81.28],[55.46,81.29],[55.51,81.29],[55.54,81.3],[55.52,81.31],[55.48,81.32],[55.47,81.32],[55.59,81.32],[55.71,81.33],[55.71,81.32],[55.73,81.32],[55.76,81.32],[55.83,81.32],[55.87,81.32],[55.88,81.32],[55.89,81.32],[55.9,81.31],[55.9,81.31],[55.95,81.3],[56.07,81.3],[56.22,81.28],[56.54,81.25],[56.6,81.26],[56.6,81.27],[56.57,81.27],[56.47,81.29],[56.41,81.32],[56.39,81.32],[56.42,81.34],[56.41,81.34],[56.38,81.35],[56.37,81.36],[56.36,81.37],[56.35,81.38],[56.34,81.38],[56.34,81.39],[56.73,81.4],[56.78,81.39],[56.76,81.38],[56.79,81.37],[56.83,81.37],[56.9,81.38],[57.15,81.36],[57.41,81.34],[57.42,81.34],[57.45,81.32],[57.46,81.32],[57.5,81.31],[57.62,81.33],[57.69,81.33],[57.91,81.3],[57.81,81.27],[57.43,81.26],[57.05,81.25],[56.71,81.2],[56.61,81.18],[56.43,81.17],[56.38,81.18],[56.39,81.2],[56.34,81.22],[56.24,81.23],[55.82,81.19],[55.74,81.2],[55.65,81.2]]],[[[58.56,81.32],[58.51,81.32],[58.48,81.32],[58.46,81.33],[58.47,81.35],[58.49,81.35],[58.54,81.35],[58.67,81.38],[59.02,81.4],[59.11,81.4],[59.14,81.39],[59.16,81.39],[59.25,81.38],[59.3,81.36],[59.36,81.34],[59.39,81.33],[59.34,81.3],[59.29,81.3],[59.22,81.3],[59.05,81.29],[58.65,81.31],[58.59,81.32],[58.56,81.32]]],[[[61.9,81.6],[62.01,81.6],[62.08,81.59],[62.14,81.59],[62.17,81.58],[62.2,81.56],[62.19,81.56],[62.07,81.55],[61.83,81.56],[61.71,81.6],[61.65,81.6],[61.68,81.61],[61.9,81.6]]],[[[40.45,64.58],[40.46,64.58],[40.46,64.57],[40.46,64.57],[40.44,64.56],[40.34,64.57],[40.19,64.57],[40.15,64.59],[40.13,64.61],[40.11,64.63],[40.07,64.65],[40.05,64.65],[40.02,64.66],[39.94,64.66],[39.92,64.67],[39.87,64.68],[39.85,64.68],[39.84,64.68],[39.82,64.68],[39.83,64.69],[39.86,64.7],[39.91,64.71],[39.98,64.72],[40,64.72],[40.02,64.71],[40.04,64.7],[40.08,64.7],[40.15,64.71],[40.19,64.71],[40.23,64.7],[40.25,64.69],[40.26,64.68],[40.27,64.66],[40.3,64.64],[40.35,64.62],[40.4,64.62],[40.43,64.61],[40.45,64.6],[40.45,64.59],[40.45,64.58]]],[[[40,64.74],[39.98,64.73],[39.94,64.73],[39.95,64.74],[39.99,64.74],[40,64.74]]],[[[40.15,64.73],[40.08,64.76],[40.03,64.76],[40.05,64.77],[40.11,64.78],[40.22,64.78],[40.33,64.77],[40.36,64.76],[40.39,64.74],[40.4,64.71],[40.4,64.66],[40.41,64.65],[40.41,64.64],[40.4,64.63],[40.37,64.63],[40.33,64.64],[40.31,64.65],[40.29,64.67],[40.25,64.7],[40.2,64.72],[40.18,64.73],[40.15,64.73]]],[[[36.01,65.05],[36.02,65.05],[36.03,65.04],[36.02,65.03],[36.01,65.03],[35.96,65.03],[35.92,65.02],[35.91,65.02],[35.9,65.03],[35.9,65.03],[35.89,65.04],[35.9,65.05],[35.93,65.05],[35.96,65.05],[35.96,65.06],[35.97,65.06],[36,65.06],[36.01,65.05],[36.01,65.05]]],[[[36.21,65.16],[36.25,65.16],[36.26,65.15],[36.24,65.15],[36.2,65.14],[36.14,65.14],[36.1,65.13],[36.08,65.13],[36.07,65.13],[36.07,65.13],[36.05,65.13],[36.03,65.13],[36.02,65.13],[35.95,65.15],[35.94,65.15],[35.94,65.17],[35.95,65.18],[35.97,65.19],[35.99,65.19],[35.99,65.19],[35.99,65.18],[36,65.18],[36.01,65.18],[36.02,65.18],[36.04,65.17],[36.05,65.17],[36.06,65.16],[36.06,65.16],[36.07,65.16],[36.19,65.16],[36.21,65.16]]],[[[54.33,68.31],[54.34,68.31],[54.34,68.29],[54.34,68.28],[54.33,68.26],[54.32,68.26],[54.22,68.25],[54.2,68.25],[54.2,68.26],[54.2,68.26],[54.2,68.27],[54.2,68.27],[54.2,68.28],[54.21,68.29],[54.24,68.3],[54.3,68.33],[54.33,68.33],[54.34,68.33],[54.33,68.32],[54.3,68.32],[54.3,68.31],[54.31,68.31],[54.32,68.31],[54.33,68.31]]],[[[53.91,68.36],[53.97,68.36],[53.99,68.35],[53.99,68.32],[53.96,68.29],[53.92,68.29],[53.89,68.3],[53.87,68.31],[53.86,68.32],[53.86,68.33],[53.85,68.34],[53.86,68.35],[53.87,68.35],[53.88,68.35],[53.91,68.36]]],[[[49.05,68.68],[49.07,68.68],[49.12,68.67],[49.12,68.66],[48.77,68.69],[48.77,68.7],[48.81,68.7],[49.05,68.68]]],[[[49.58,68.82],[49.59,68.82],[49.6,68.81],[49.59,68.81],[49.55,68.8],[49.5,68.79],[49.49,68.79],[49.55,68.81],[49.57,68.82],[49.58,68.82]]],[[[54.27,68.82],[54.37,68.79],[54.4,68.78],[54.39,68.78],[54.23,68.8],[54.21,68.8],[54.2,68.81],[54.19,68.81],[54.2,68.82],[54.22,68.82],[54.22,68.82],[54.27,68.82]]],[[[49.81,68.9],[49.82,68.9],[49.84,68.91],[49.84,68.9],[49.78,68.88],[49.77,68.88],[49.75,68.88],[49.75,68.88],[49.79,68.89],[49.81,68.9]]],[[[54.97,68.94],[55.01,68.94],[55.02,68.93],[55.02,68.92],[54.99,68.91],[54.95,68.92],[54.92,68.92],[54.91,68.93],[54.91,68.94],[54.93,68.94],[54.97,68.94]]],[[[50.08,68.96],[50.09,68.96],[50.11,68.96],[50.1,68.95],[50.07,68.94],[50,68.93],[50,68.93],[50.05,68.95],[50.07,68.95],[50.08,68.96]]],[[[67.22,69.42],[67.29,69.44],[67.31,69.44],[67.31,69.43],[67.25,69.4],[67.18,69.39],[67.16,69.38],[67.15,69.37],[67.13,69.36],[67.1,69.37],[67.08,69.37],[67,69.39],[66.95,69.41],[66.94,69.44],[66.95,69.46],[66.97,69.46],[66.97,69.45],[66.98,69.45],[66.99,69.45],[67,69.44],[67.01,69.44],[67.16,69.42],[67.16,69.42],[67.17,69.42],[67.22,69.42]]],[[[67.33,69.57],[67.34,69.56],[67.35,69.55],[67.34,69.52],[67.32,69.49],[67.29,69.47],[67.28,69.45],[67.26,69.44],[67.23,69.43],[67.21,69.43],[67.06,69.45],[67.04,69.46],[67.02,69.48],[67.04,69.5],[67.15,69.56],[67.19,69.57],[67.3,69.58],[67.32,69.58],[67.33,69.57]]],[[[66.84,70.39],[66.86,70.38],[66.87,70.38],[66.85,70.38],[66.76,70.4],[66.61,70.46],[66.59,70.47],[66.6,70.49],[66.64,70.53],[66.67,70.54],[66.68,70.54],[66.67,70.52],[66.67,70.51],[66.68,70.5],[66.69,70.49],[66.7,70.49],[66.7,70.48],[66.7,70.48],[66.71,70.47],[66.72,70.47],[66.73,70.46],[66.74,70.46],[66.74,70.45],[66.75,70.45],[66.75,70.44],[66.75,70.44],[66.75,70.44],[66.76,70.43],[66.81,70.4],[66.82,70.4],[66.84,70.39]]],[[[66.56,70.54],[66.57,70.52],[66.58,70.5],[66.57,70.5],[66.53,70.51],[66.48,70.54],[66.44,70.57],[66.41,70.6],[66.4,70.63],[66.39,70.67],[66.39,70.69],[66.39,70.71],[66.4,70.74],[66.4,70.75],[66.41,70.77],[66.41,70.79],[66.43,70.8],[66.44,70.8],[66.46,70.78],[66.47,70.77],[66.48,70.76],[66.48,70.75],[66.48,70.74],[66.47,70.73],[66.46,70.72],[66.46,70.7],[66.45,70.68],[66.47,70.67],[66.49,70.66],[66.5,70.65],[66.5,70.64],[66.5,70.63],[66.51,70.62],[66.53,70.62],[66.54,70.61],[66.55,70.6],[66.55,70.59],[66.56,70.54]]],[[[66.6,70.91],[66.6,70.91],[66.58,70.9],[66.57,70.89],[66.56,70.89],[66.55,70.88],[66.54,70.86],[66.53,70.84],[66.51,70.83],[66.47,70.82],[66.45,70.82],[66.43,70.83],[66.44,70.85],[66.49,70.9],[66.52,70.93],[66.52,70.93],[66.52,70.94],[66.52,70.94],[66.52,70.94],[66.6,71],[66.61,71],[66.61,71],[66.61,70.98],[66.6,70.97],[66.59,70.96],[66.58,70.95],[66.58,70.95],[66.59,70.94],[66.59,70.94],[66.59,70.93],[66.59,70.92],[66.6,70.91]]],[[[53.37,71.29],[53.38,71.28],[53.4,71.28],[53.39,71.28],[53.37,71.28],[53.35,71.28],[53.24,71.31],[53.23,71.32],[53.21,71.33],[53.2,71.34],[53.17,71.35],[53.16,71.35],[53.17,71.36],[53.19,71.36],[53.2,71.36],[53.22,71.36],[53.24,71.35],[53.37,71.29]]],[[[152.88,76.15],[152.89,76.14],[152.89,76.13],[152.88,76.12],[152.86,76.1],[152.83,76.09],[152.77,76.08],[152.7,76.09],[152.58,76.13],[152.55,76.14],[152.57,76.15],[152.62,76.17],[152.71,76.19],[152.83,76.2],[152.85,76.2],[152.88,76.19],[152.87,76.18],[152.86,76.17],[152.88,76.15]]],[[[156.66,77.11],[156.67,77.1],[156.67,77.1],[156.67,77.09],[156.66,77.08],[156.65,77.08],[156.52,77.09],[156.49,77.1],[156.51,77.11],[156.53,77.12],[156.55,77.13],[156.59,77.13],[156.64,77.12],[156.66,77.11]]],[[[92.06,77.63],[92.08,77.63],[92.11,77.62],[92.11,77.61],[92.09,77.61],[92.03,77.59],[91.98,77.59],[91.91,77.6],[91.88,77.61],[91.87,77.63],[91.89,77.64],[91.94,77.64],[92.06,77.63]]],[[[58.81,79.92],[58.86,79.91],[58.87,79.9],[58.82,79.89],[58.81,79.89],[58.76,79.88],[58.65,79.89],[58.64,79.9],[58.62,79.91],[58.58,79.93],[58.53,79.93],[58.25,79.93],[58.25,79.94],[58.61,79.98],[58.63,79.98],[58.64,79.98],[58.65,79.97],[58.64,79.97],[58.64,79.96],[58.72,79.93],[58.76,79.92],[58.79,79.92],[58.81,79.92]]],[[[60.17,80.17],[60.2,80.16],[60.21,80.15],[60.2,80.14],[60.17,80.14],[59.99,80.15],[59.9,80.17],[59.89,80.18],[59.9,80.18],[60.05,80.19],[60.1,80.18],[60.17,80.17]]],[[[54.41,80.28],[54.42,80.28],[54.43,80.27],[54.42,80.27],[54.41,80.26],[54.4,80.26],[54.4,80.25],[54.41,80.24],[54.41,80.22],[54.38,80.21],[54.32,80.2],[54.21,80.2],[54.2,80.2],[54.19,80.19],[54.18,80.19],[54.16,80.19],[54.14,80.19],[54.14,80.2],[54.14,80.2],[54.15,80.21],[54.15,80.21],[54.15,80.22],[54.16,80.22],[54.17,80.23],[54.17,80.24],[54.15,80.24],[54.12,80.25],[54.11,80.25],[54.1,80.26],[54.1,80.27],[54.11,80.29],[54.13,80.29],[54.19,80.31],[54.24,80.31],[54.3,80.3],[54.39,80.29],[54.41,80.28]]],[[[55.5,80.32],[55.52,80.31],[55.52,80.31],[55.52,80.3],[55.5,80.29],[55.51,80.29],[55.5,80.28],[55.46,80.27],[55.42,80.26],[55.3,80.25],[55.26,80.23],[55.23,80.23],[55.08,80.22],[55.05,80.22],[55,80.24],[54.98,80.24],[54.97,80.24],[54.95,80.24],[54.94,80.24],[54.93,80.24],[54.93,80.25],[54.94,80.25],[54.94,80.25],[54.93,80.26],[54.93,80.26],[54.94,80.26],[54.97,80.26],[54.98,80.26],[55.01,80.26],[55.03,80.26],[55.05,80.27],[55.15,80.28],[55.16,80.28],[55.14,80.28],[55.13,80.29],[55.09,80.29],[55.07,80.29],[55.07,80.3],[55.3,80.33],[55.35,80.33],[55.38,80.33],[55.39,80.33],[55.5,80.32]]],[[[54.99,80.41],[55.07,80.42],[55.09,80.42],[55.11,80.42],[55.2,80.44],[55.24,80.44],[55.26,80.43],[55.27,80.42],[55.27,80.42],[55.27,80.41],[55.26,80.4],[55.26,80.4],[55.26,80.39],[55.22,80.38],[55.13,80.37],[55.08,80.38],[55.09,80.38],[55.08,80.39],[55.08,80.39],[55.07,80.39],[54.99,80.4],[54.97,80.4],[54.97,80.41],[54.98,80.41],[54.99,80.41]]],[[[54.84,80.43],[54.85,80.43],[54.85,80.43],[54.85,80.42],[54.85,80.42],[54.84,80.41],[54.81,80.41],[54.79,80.4],[54.78,80.4],[54.77,80.39],[54.53,80.37],[54.4,80.38],[54.39,80.39],[54.39,80.39],[54.41,80.39],[54.43,80.39],[54.46,80.4],[54.47,80.41],[54.49,80.43],[54.51,80.45],[54.58,80.46],[54.6,80.47],[54.63,80.48],[54.71,80.48],[54.72,80.47],[54.74,80.47],[54.8,80.45],[54.82,80.44],[54.84,80.43]]],[[[54.82,80.46],[54.63,80.5],[54.62,80.51],[54.64,80.52],[54.71,80.53],[54.89,80.53],[55.06,80.5],[55.07,80.5],[55.07,80.49],[55.07,80.49],[55.07,80.48],[55.07,80.48],[55.05,80.47],[55.02,80.46],[54.98,80.45],[54.82,80.46]]],[[[59.74,81.19],[59.76,81.18],[59.76,81.18],[59.76,81.17],[59.74,81.17],[59.73,81.16],[59.37,81.18],[59.01,81.19],[58.99,81.2],[59,81.2],[59.1,81.21],[59.42,81.2],[59.74,81.19]]],[[[60.56,81.27],[60.57,81.27],[60.57,81.27],[60.55,81.26],[60.47,81.25],[60.43,81.24],[60.14,81.27],[59.84,81.29],[59.84,81.29],[59.85,81.3],[60.03,81.31],[60.51,81.29],[60.53,81.28],[60.56,81.27]]],[[[58.37,81.58],[58.3,81.58],[58.28,81.59],[58.28,81.6],[58.29,81.6],[58.36,81.61],[58.39,81.62],[58.41,81.63],[58.58,81.63],[58.61,81.63],[58.65,81.63],[58.68,81.63],[58.69,81.62],[58.7,81.62],[58.7,81.61],[58.69,81.6],[58.67,81.6],[58.49,81.58],[58.37,81.58],[58.37,81.58]]],[[[132.45,42.83],[132.47,42.81],[132.48,42.8],[132.48,42.8],[132.47,42.8],[132.46,42.8],[132.45,42.8],[132.45,42.81],[132.44,42.82],[132.43,42.83],[132.42,42.83],[132.41,42.83],[132.4,42.83],[132.4,42.84],[132.4,42.85],[132.4,42.86],[132.41,42.86],[132.42,42.88],[132.43,42.9],[132.44,42.89],[132.45,42.88],[132.45,42.86],[132.45,42.85],[132.45,42.83]]],[[[47.85,44],[47.86,43.99],[47.87,43.99],[47.87,43.98],[47.76,43.93],[47.75,43.93],[47.71,43.94],[47.69,43.94],[47.68,43.94],[47.68,43.95],[47.67,43.95],[47.66,43.94],[47.64,43.94],[47.63,43.95],[47.63,43.96],[47.64,43.98],[47.67,44],[47.78,43.99],[47.81,44],[47.84,44],[47.85,44]]],[[[48,45.47],[48,45.45],[48,45.45],[48,45.45],[47.99,45.45],[47.98,45.45],[47.98,45.46],[47.96,45.48],[47.94,45.5],[47.93,45.53],[47.92,45.57],[47.92,45.58],[47.92,45.6],[47.92,45.61],[47.91,45.62],[47.92,45.63],[47.93,45.64],[47.94,45.64],[47.95,45.64],[47.96,45.65],[47.96,45.64],[47.96,45.62],[47.97,45.61],[47.98,45.58],[47.98,45.56],[47.98,45.55],[47.99,45.54],[48,45.52],[48,45.47]]],[[[139.23,54.59],[139.24,54.59],[139.26,54.6],[139.27,54.61],[139.28,54.61],[139.28,54.61],[139.26,54.59],[139.24,54.58],[139.22,54.58],[139.21,54.59],[139.23,54.59]]],[[[138.19,54.72],[138.23,54.72],[138.24,54.71],[138.23,54.71],[138.21,54.7],[138.2,54.7],[138.18,54.71],[138.18,54.72],[138.19,54.72]]],[[[149.03,59.19],[149.04,59.2],[149.05,59.2],[149.07,59.2],[149.09,59.2],[149.12,59.21],[149.14,59.21],[149.14,59.2],[149.12,59.19],[149.1,59.18],[149.1,59.16],[149.08,59.16],[149.03,59.17],[149.03,59.18],[149.03,59.19]]],[[[-172.48,64.64],[-172.47,64.64],[-172.45,64.62],[-172.46,64.61],[-172.52,64.59],[-172.54,64.59],[-172.57,64.6],[-172.67,64.6],[-172.68,64.6],[-172.68,64.61],[-172.69,64.62],[-172.69,64.62],[-172.71,64.62],[-172.73,64.63],[-172.72,64.64],[-172.7,64.65],[-172.68,64.65],[-172.66,64.64],[-172.48,64.64]]],[[[67.38,68.79],[67.41,68.78],[67.41,68.77],[67.4,68.76],[67.39,68.76],[67.35,68.77],[67.34,68.76],[67.33,68.76],[67.34,68.76],[67.33,68.76],[67.21,68.8],[67.19,68.8],[67.16,68.79],[67.14,68.79],[67.12,68.79],[67.12,68.8],[67.12,68.8],[67.24,68.82],[67.34,68.81],[67.38,68.79]]],[[[-175.59,71.38],[-175.58,71.38],[-175.57,71.37],[-175.57,71.36],[-175.59,71.36],[-175.61,71.35],[-175.63,71.35],[-175.65,71.36],[-175.67,71.37],[-175.68,71.38],[-175.7,71.38],[-175.74,71.38],[-175.76,71.39],[-175.81,71.41],[-175.8,71.41],[-175.62,71.38],[-175.6,71.38],[-175.59,71.38]]],[[[161.89,69.65],[161.91,69.65],[161.9,69.63],[161.89,69.62],[161.89,69.59],[161.9,69.57],[161.87,69.55],[161.83,69.55],[161.78,69.55],[161.75,69.55],[161.73,69.56],[161.71,69.59],[161.68,69.6],[161.67,69.62],[161.67,69.64],[161.7,69.64],[161.76,69.64],[161.82,69.66],[161.89,69.65]]],[[[170.12,69.77],[170.28,69.77],[170.27,69.76],[170.25,69.76],[170.22,69.74],[170.16,69.71],[170.1,69.69],[170.07,69.69],[170.07,69.71],[170.03,69.71],[169.98,69.72],[169.96,69.73],[169.97,69.74],[170.05,69.76],[170.12,69.77]]],[[[83.31,70.81],[83.37,70.79],[83.47,70.74],[83.44,70.69],[83.37,70.66],[83.3,70.64],[83.3,70.61],[83.26,70.55],[83.26,70.51],[83.31,70.48],[83.31,70.44],[83.26,70.42],[83.19,70.38],[83.09,70.36],[83.07,70.37],[83.1,70.39],[83.13,70.43],[83.12,70.48],[83.13,70.52],[83.14,70.57],[83.13,70.61],[83.15,70.65],[83.21,70.69],[83.22,70.73],[83.23,70.77],[83.26,70.8],[83.31,70.81]]],[[[97.65,76.76],[97.65,76.75],[97.65,76.75],[97.64,76.74],[97.62,76.74],[97.58,76.75],[97.57,76.75],[97.52,76.74],[97.46,76.72],[97.45,76.72],[97.45,76.73],[97.45,76.73],[97.45,76.74],[97.45,76.74],[97.45,76.74],[97.17,76.75],[97.16,76.75],[97.51,76.77],[97.52,76.77],[97.64,76.77],[97.64,76.77],[97.64,76.76],[97.65,76.76],[97.65,76.76]]],[[[89.05,77.14],[89.14,77.13],[89.1,77.1],[89.04,77.08],[88.97,77.04],[89.02,77.01],[88.99,76.99],[88.92,76.98],[88.82,76.99],[88.7,77.04],[88.66,77.08],[88.79,77.12],[89.05,77.14]]]]}},{"type":"Feature","properties":{"id":"TWN","name":"Taiwan"},"geometry":{"type":"MultiPolygon","coordinates":[[[[121.91,24.95],[121.81,24.78],[121.81,24.64],[121.87,24.6],[121.86,24.55],[121.84,24.49],[121.78,24.42],[121.77,24.35],[121.76,24.33],[121.77,24.3],[121.7,24.22],[121.64,24.13],[121.62,24.03],[121.61,23.98],[121.54,23.69],[121.43,23.29],[121.4,23.15],[121.34,23.08],[121.26,22.91],[121.19,22.81],[121.14,22.74],[121,22.6],[120.92,22.42],[120.88,22.06],[120.84,21.96],[120.77,21.96],[120.7,21.95],[120.68,22.03],[120.7,22.11],[120.57,22.37],[120.51,22.42],[120.42,22.48],[120.38,22.48],[120.32,22.57],[120.24,22.66],[120.22,22.76],[120.2,22.84],[120.18,22.88],[120.14,22.98],[120.14,23.03],[120.11,23.04],[120.07,23.03],[120.07,23.08],[120.06,23.11],[120.06,23.15],[120.08,23.2],[120.09,23.25],[120.11,23.3],[120.15,23.33],[120.13,23.36],[120.14,23.44],[120.14,23.47],[120.14,23.6],[120.18,23.76],[120.24,23.83],[120.29,23.91],[120.36,24.05],[120.39,24.08],[120.43,24.16],[120.5,24.25],[120.62,24.46],[120.69,24.58],[120.74,24.63],[120.83,24.67],[120.86,24.74],[120.91,24.82],[120.91,24.85],[120.93,24.89],[120.96,24.94],[121.13,25.07],[121.29,25.12],[121.39,25.16],[121.43,25.13],[121.4,25.19],[121.44,25.24],[121.6,25.27],[121.68,25.2],[121.68,25.18],[121.72,25.15],[121.9,25.07],[121.97,25.02],[121.91,24.95]]],[[[121.56,22.04],[121.58,22.03],[121.59,22.02],[121.59,22.01],[121.57,22.01],[121.54,22.02],[121.51,22.04],[121.5,22.05],[121.5,22.06],[121.5,22.07],[121.5,22.07],[121.49,22.08],[121.57,22.08],[121.57,22.08],[121.56,22.07],[121.56,22.06],[121.56,22.05],[121.56,22.04]]],[[[118.39,24.52],[118.42,24.53],[118.45,24.51],[118.47,24.46],[118.46,24.43],[118.45,24.42],[118.42,24.43],[118.4,24.44],[118.37,24.43],[118.35,24.42],[118.33,24.4],[118.32,24.39],[118.3,24.4],[118.29,24.4],[118.28,24.4],[118.28,24.41],[118.28,24.41],[118.29,24.42],[118.29,24.42],[118.29,24.43],[118.29,24.44],[118.29,24.46],[118.28,24.47],[118.28,24.48],[118.29,24.48],[118.32,24.49],[118.35,24.47],[118.38,24.47],[118.39,24.5],[118.39,24.52]]],[[[119.65,23.6],[119.67,23.57],[119.67,23.56],[119.67,23.55],[119.66,23.56],[119.65,23.56],[119.64,23.56],[119.63,23.56],[119.62,23.55],[119.61,23.55],[119.61,23.55],[119.6,23.53],[119.6,23.53],[119.58,23.52],[119.56,23.52],[119.55,23.52],[119.53,23.54],[119.53,23.55],[119.54,23.54],[119.56,23.53],[119.57,23.54],[119.59,23.55],[119.58,23.55],[119.57,23.56],[119.56,23.56],[119.56,23.57],[119.56,23.57],[119.56,23.57],[119.56,23.56],[119.55,23.56],[119.55,23.58],[119.55,23.59],[119.56,23.59],[119.57,23.59],[119.6,23.6],[119.61,23.61],[119.61,23.59],[119.61,23.59],[119.62,23.59],[119.63,23.59],[119.64,23.59],[119.65,23.6]]],[[[119.48,23.6],[119.49,23.64],[119.5,23.65],[119.52,23.64],[119.51,23.63],[119.5,23.62],[119.49,23.59],[119.49,23.58],[119.49,23.58],[119.49,23.57],[119.48,23.57],[119.47,23.57],[119.47,23.57],[119.46,23.57],[119.46,23.56],[119.44,23.56],[119.44,23.57],[119.45,23.57],[119.46,23.58],[119.47,23.58],[119.47,23.58],[119.48,23.59],[119.48,23.6]]],[[[119.57,23.63],[119.57,23.64],[119.56,23.65],[119.55,23.66],[119.57,23.68],[119.58,23.67],[119.59,23.66],[119.6,23.65],[119.59,23.65],[119.59,23.63],[119.59,23.62],[119.58,23.62],[119.57,23.63]]],[[[121.46,22.66],[121.46,22.67],[121.46,22.68],[121.5,22.68],[121.5,22.68],[121.5,22.67],[121.5,22.66],[121.5,22.65],[121.49,22.64],[121.5,22.64],[121.5,22.63],[121.49,22.64],[121.49,22.64],[121.48,22.64],[121.48,22.64],[121.47,22.64],[121.46,22.66]]],[[[120.02,23.45],[120.07,23.5],[120.12,23.55],[120.12,23.55],[120.09,23.5],[120.07,23.48],[120.06,23.47],[120.05,23.46],[120.04,23.45],[120.02,23.44],[120.01,23.43],[120.02,23.45]]]]}},{"type":"Feature","properties":{"id":"JPN","name":"Japan"},"geometry":{"type":"MultiPolygon","coordinates":[[[[129.78,31.8],[129.79,31.78],[129.8,31.76],[129.8,31.75],[129.79,31.74],[129.78,31.73],[129.74,31.68],[129.73,31.64],[129.72,31.64],[129.7,31.62],[129.68,31.63],[129.66,31.64],[129.66,31.66],[129.68,31.67],[129.69,31.7],[129.72,31.73],[129.73,31.74],[129.75,31.74],[129.77,31.76],[129.78,31.78],[129.78,31.8]]],[[[131.66,32.48],[131.62,32.33],[131.45,31.86],[131.41,31.59],[131.38,31.47],[131.32,31.38],[131.22,31.45],[131.05,31.43],[131.09,31.28],[130.94,31.12],[130.68,31.01],[130.8,31.34],[130.6,31.57],[130.75,31.56],[130.61,31.67],[130.55,31.38],[130.62,31.18],[130.49,31.23],[130.19,31.33],[130.18,31.42],[130.34,31.61],[130.19,31.84],[130.17,32],[130.33,32.13],[130.44,32.29],[130.51,32.38],[130.57,32.53],[130.48,32.65],[130.59,32.74],[130.47,32.91],[130.4,33.1],[130.24,33.19],[130.2,32.95],[130.18,32.84],[130.35,32.7],[130.2,32.6],[130.15,32.69],[130.19,32.78],[129.97,32.74],[129.86,32.64],[129.73,32.58],[129.8,32.68],[129.79,32.78],[129.68,32.87],[129.65,33.02],[129.74,33.05],[129.81,32.99],[129.8,32.9],[129.87,32.86],[129.91,33.04],[129.74,33.08],[129.72,33.15],[129.68,33.13],[129.63,33.19],[129.59,33.29],[129.7,33.35],[129.85,33.35],[129.84,33.47],[129.89,33.54],[129.98,33.45],[130.13,33.52],[130.09,33.57],[130.18,33.63],[130.25,33.61],[130.33,33.6],[130.35,33.64],[130.35,33.66],[130.45,33.79],[130.54,33.88],[130.76,33.94],[130.94,33.92],[131,33.87],[131.01,33.81],[131.19,33.62],[131.5,33.67],[131.73,33.58],[131.64,33.42],[131.51,33.36],[131.85,33.25],[131.84,33.11],[131.93,33.07],[132.01,33.06],[131.96,32.94],[132.06,32.95],[131.99,32.85],[131.95,32.79],[131.86,32.69],[131.77,32.64],[131.7,32.51],[131.66,32.48]]],[[[134.69,33.83],[134.7,33.81],[134.58,33.76],[134.4,33.65],[134.35,33.58],[134.31,33.54],[134.21,33.34],[134.18,33.24],[134.11,33.31],[133.97,33.44],[133.74,33.54],[133.47,33.45],[133.39,33.39],[133.33,33.35],[133.29,33.36],[133.25,33.29],[133.27,33.26],[133.25,33.22],[133.23,33.16],[133.13,33.09],[133.09,33.02],[132.99,32.95],[132.96,32.85],[132.98,32.79],[133,32.71],[132.96,32.76],[132.87,32.77],[132.79,32.74],[132.66,32.78],[132.66,32.86],[132.63,32.91],[132.55,32.92],[132.53,32.9],[132.47,32.93],[132.48,33.02],[132.38,33.02],[132.47,33.06],[132.46,33.11],[132.48,33.12],[132.44,33.14],[132.44,33.19],[132.42,33.21],[132.49,33.17],[132.55,33.23],[132.51,33.26],[132.5,33.3],[132.4,33.31],[132.41,33.34],[132.39,33.37],[132.4,33.43],[132.36,33.47],[132.28,33.45],[132.14,33.37],[132.07,33.37],[132.09,33.41],[132.16,33.44],[132.26,33.46],[132.44,33.57],[132.62,33.67],[132.69,33.81],[132.76,33.93],[132.86,34.06],[132.91,34.11],[132.94,34.14],[133.03,34.05],[133.11,33.94],[133.24,33.96],[133.34,33.99],[133.51,33.97],[133.59,34.02],[133.65,34.17],[133.59,34.23],[133.64,34.23],[133.75,34.27],[133.89,34.35],[133.95,34.38],[134.01,34.35],[134.09,34.35],[134.13,34.39],[134.16,34.33],[134.22,34.36],[134.3,34.28],[134.38,34.25],[134.44,34.21],[134.59,34.23],[134.61,34.22],[134.63,34.2],[134.63,34.18],[134.62,34.13],[134.6,34.05],[134.61,34],[134.66,33.97],[134.7,33.91],[134.65,33.85],[134.7,33.84],[134.69,33.83]]],[[[133.12,36.11],[133.14,36.09],[133.12,36.06],[133.1,36.04],[133.08,36.02],[133.08,36.05],[133.08,36.08],[133.09,36.1],[133.12,36.11]]],[[[133.09,36.12],[133.09,36.12],[133.11,36.11],[133.09,36.11],[133.09,36.12]]],[[[133.07,36.13],[133.09,36.13],[133.09,36.12],[133.09,36.11],[133.07,36.11],[133.06,36.1],[133.05,36.09],[133.05,36.07],[133.06,36.07],[133.06,36.06],[133.04,36.06],[133.04,36.05],[133.03,36.06],[133.02,36.06],[133.02,36.07],[133.02,36.07],[133.01,36.08],[133.01,36.08],[133,36.08],[132.99,36.08],[132.99,36.07],[133,36.05],[132.99,36.04],[132.98,36.04],[132.97,36.05],[132.95,36.06],[132.97,36.08],[133.01,36.11],[133.04,36.13],[133.06,36.12],[133.07,36.13]]],[[[133.42,34.45],[133.2,34.29],[133.12,34.38],[132.62,34.21],[132.48,34.35],[132.16,33.84],[131.89,33.97],[131.59,34.02],[131.44,33.98],[131.21,33.95],[130.9,33.95],[130.88,34.27],[130.98,34.44],[131.28,34.41],[131.55,34.58],[131.92,34.79],[132.53,35.26],[132.8,35.5],[133.24,35.56],[133.73,35.5],[134.88,35.66],[135.28,35.67],[135.32,35.49],[135.48,35.54],[135.72,35.49],[135.83,35.61],[136.04,35.72],[135.96,35.97],[136.76,36.92],[136.72,37.33],[137.24,37.38],[136.93,37.21],[137.01,36.84],[138.1,37.17],[139.43,38.15],[140.05,39.5],[139.82,39.96],[139.93,40.65],[140.35,41],[140.25,41.13],[140.64,41.14],[140.87,40.98],[141.09,40.88],[141.15,41.25],[140.78,41.21],[141,41.49],[141.46,41.38],[141.55,40.53],[141.85,40.17],[142,39.77],[142.06,39.53],[141.96,39.38],[141.88,39.19],[141.75,39.03],[141.65,38.87],[141.54,38.71],[141.52,38.5],[141.54,38.3],[141.2,38.39],[140.97,38.17],[140.99,37.09],[140.56,36.28],[140.39,35.38],[139.97,34.99],[139.83,34.99],[139.78,35.32],[140.03,35.64],[139.78,35.58],[139.65,35.3],[139.6,35.2],[139.11,35.05],[138.99,34.65],[138.76,34.85],[138.55,35.1],[138.2,34.62],[137.11,34.63],[137.22,34.82],[136.93,34.85],[136.84,34.99],[136.64,34.95],[136.75,34.51],[136.89,34.34],[136.81,34.3],[136.51,34.25],[136.23,34.07],[136.14,33.89],[135.75,33.45],[135.26,33.78],[135.16,34.02],[135.26,34.38],[135.24,34.65],[134.52,34.76],[134.25,34.72],[134.03,34.61],[133.82,34.46],[133.52,34.48],[133.42,34.45]]],[[[143.9,44.16],[143.91,44.15],[143.96,44.15],[143.98,44.15],[143.94,44.14],[143.9,44.15],[143.81,44.17],[143.82,44.18],[143.84,44.18],[143.86,44.17],[143.88,44.17],[143.9,44.16]]],[[[145.77,43.39],[145.78,43.36],[145.64,43.31],[145.57,43.25],[145.5,43.17],[145.26,43.15],[145.14,43.08],[145.11,43.05],[145.02,43],[144.84,43.02],[144.79,43.04],[144.74,42.98],[144.52,42.94],[144.36,42.99],[143.79,42.76],[143.34,42.17],[143.25,41.94],[143.14,42.01],[142.22,42.41],[141.82,42.6],[141.22,42.44],[141.02,42.32],[140.94,42.32],[140.95,42.35],[140.66,42.58],[140.33,42.43],[140.46,42.17],[140.71,42.13],[140.97,41.91],[141.18,41.82],[141.01,41.71],[140.7,41.76],[140.66,41.83],[140.52,41.7],[140.27,41.48],[140.14,41.42],[140.04,41.44],[140.02,41.7],[140.13,41.82],[140.15,41.88],[140.15,41.98],[139.9,42.17],[139.77,42.31],[139.83,42.59],[140.1,42.73],[140.18,42.81],[140.31,42.79],[140.46,42.96],[140.49,43.08],[140.41,43.32],[140.49,43.37],[140.67,43.26],[140.91,43.2],[141.03,43.17],[141.2,43.14],[141.44,43.41],[141.37,43.62],[141.39,43.79],[141.58,43.88],[141.67,44.31],[141.59,45.16],[141.62,45.31],[141.65,45.44],[141.7,45.4],[141.88,45.46],[141.98,45.48],[142.22,45.3],[142.94,44.63],[143.28,44.41],[143.41,44.32],[143.71,44.16],[143.78,44.1],[144.15,44.12],[144.14,44.02],[144.22,44.11],[144.3,44.02],[144.57,43.92],[145.12,44.15],[145.32,44.34],[145.37,44.25],[145.14,43.95],[145.07,43.79],[145.21,43.61],[145.26,43.49],[145.27,43.35],[145.32,43.3],[145.52,43.23],[145.58,43.34],[145.66,43.38],[145.76,43.39],[145.77,43.39]]],[[[123.81,24.39],[123.83,24.4],[123.87,24.39],[123.91,24.38],[123.93,24.37],[123.94,24.34],[123.92,24.31],[123.87,24.26],[123.85,24.26],[123.75,24.28],[123.68,24.29],[123.67,24.3],[123.68,24.32],[123.69,24.32],[123.69,24.32],[123.7,24.32],[123.71,24.33],[123.72,24.32],[123.73,24.32],[123.74,24.32],[123.75,24.33],[123.75,24.36],[123.77,24.4],[123.77,24.41],[123.77,24.42],[123.78,24.42],[123.78,24.42],[123.79,24.41],[123.81,24.39]]],[[[123,24.47],[123.02,24.47],[123.02,24.46],[123.01,24.45],[123,24.44],[122.99,24.44],[122.95,24.44],[122.94,24.44],[122.94,24.45],[122.94,24.47],[122.96,24.47],[122.97,24.47],[123,24.47]]],[[[124.33,24.58],[124.33,24.57],[124.33,24.56],[124.32,24.55],[124.31,24.53],[124.27,24.49],[124.26,24.45],[124.25,24.4],[124.24,24.36],[124.21,24.34],[124.18,24.33],[124.14,24.34],[124.12,24.36],[124.14,24.38],[124.13,24.39],[124.13,24.4],[124.12,24.41],[124.11,24.42],[124.09,24.42],[124.08,24.43],[124.08,24.44],[124.1,24.44],[124.1,24.45],[124.11,24.46],[124.12,24.47],[124.13,24.47],[124.13,24.46],[124.13,24.46],[124.14,24.45],[124.15,24.45],[124.16,24.44],[124.17,24.44],[124.19,24.44],[124.2,24.44],[124.21,24.45],[124.22,24.46],[124.23,24.48],[124.24,24.49],[124.26,24.5],[124.27,24.51],[124.3,24.57],[124.31,24.59],[124.32,24.59],[124.33,24.58]]],[[[141.36,24.79],[141.37,24.78],[141.36,24.77],[141.34,24.77],[141.33,24.77],[141.32,24.76],[141.3,24.73],[141.29,24.73],[141.29,24.76],[141.29,24.77],[141.3,24.79],[141.31,24.79],[141.33,24.79],[141.35,24.79],[141.36,24.79]]],[[[125.39,24.78],[125.4,24.78],[125.43,24.77],[125.44,24.76],[125.45,24.74],[125.44,24.74],[125.42,24.73],[125.38,24.73],[125.3,24.73],[125.26,24.73],[125.26,24.75],[125.26,24.76],[125.27,24.82],[125.27,24.86],[125.27,24.87],[125.26,24.89],[125.26,24.88],[125.27,24.88],[125.29,24.88],[125.29,24.87],[125.29,24.87],[125.3,24.86],[125.31,24.83],[125.32,24.82],[125.33,24.81],[125.36,24.78],[125.37,24.78],[125.39,24.78]]],[[[131.26,25.87],[131.28,25.86],[131.27,25.85],[131.26,25.85],[131.26,25.84],[131.26,25.83],[131.25,25.82],[131.24,25.82],[131.23,25.82],[131.21,25.83],[131.21,25.84],[131.22,25.86],[131.24,25.87],[131.24,25.88],[131.25,25.88],[131.26,25.87]]],[[[126.81,26.35],[126.81,26.34],[126.81,26.33],[126.8,26.32],[126.8,26.32],[126.79,26.31],[126.8,26.31],[126.8,26.31],[126.79,26.3],[126.78,26.3],[126.78,26.31],[126.77,26.31],[126.77,26.32],[126.76,26.33],[126.74,26.34],[126.72,26.35],[126.7,26.36],[126.7,26.37],[126.71,26.38],[126.72,26.39],[126.74,26.39],[126.75,26.39],[126.77,26.39],[126.79,26.38],[126.8,26.37],[126.81,26.35]]],[[[142.19,26.65],[142.18,26.64],[142.18,26.64],[142.18,26.63],[142.18,26.62],[142.16,26.63],[142.14,26.66],[142.11,26.72],[142.12,26.72],[142.12,26.72],[142.13,26.71],[142.14,26.71],[142.14,26.7],[142.15,26.7],[142.17,26.7],[142.17,26.69],[142.15,26.69],[142.16,26.68],[142.17,26.67],[142.18,26.67],[142.18,26.67],[142.18,26.66],[142.17,26.66],[142.18,26.66],[142.17,26.65],[142.18,26.66],[142.19,26.66],[142.19,26.65],[142.19,26.65]]],[[[128.34,26.8],[128.33,26.79],[128.33,26.77],[128.33,26.76],[128.32,26.75],[128.31,26.72],[128.31,26.7],[128.3,26.7],[128.26,26.65],[128.22,26.63],[128.16,26.62],[128.14,26.6],[128.13,26.58],[128.14,26.58],[128.15,26.56],[128.14,26.55],[128.11,26.55],[128.07,26.54],[128.04,26.53],[127.97,26.47],[127.95,26.47],[127.94,26.45],[127.86,26.45],[127.84,26.43],[127.85,26.41],[127.87,26.39],[127.88,26.35],[127.91,26.32],[127.9,26.3],[127.86,26.32],[127.83,26.32],[127.77,26.22],[127.78,26.19],[127.81,26.19],[127.81,26.17],[127.78,26.12],[127.74,26.12],[127.71,26.08],[127.66,26.12],[127.64,26.21],[127.68,26.23],[127.7,26.28],[127.73,26.29],[127.74,26.32],[127.72,26.39],[127.72,26.43],[127.75,26.44],[127.79,26.44],[127.81,26.46],[127.83,26.48],[127.86,26.51],[127.94,26.53],[127.96,26.58],[127.94,26.6],[127.89,26.62],[127.89,26.65],[127.88,26.69],[127.92,26.69],[127.99,26.69],[128,26.67],[127.99,26.65],[128,26.63],[128.06,26.64],[128.1,26.69],[128.15,26.73],[128.16,26.76],[128.18,26.76],[128.19,26.78],[128.23,26.81],[128.25,26.86],[128.33,26.81],[128.34,26.8]]],[[[142.19,27.09],[142.21,27.1],[142.22,27.1],[142.23,27.09],[142.24,27.08],[142.23,27.05],[142.22,27.04],[142.2,27.05],[142.18,27.08],[142.21,27.06],[142.21,27.07],[142.21,27.08],[142.2,27.09],[142.19,27.09]]],[[[128.7,27.45],[128.7,27.45],[128.7,27.45],[128.7,27.45],[128.71,27.45],[128.7,27.44],[128.67,27.42],[128.66,27.41],[128.64,27.38],[128.63,27.38],[128.62,27.38],[128.61,27.36],[128.6,27.36],[128.6,27.36],[128.59,27.36],[128.57,27.35],[128.56,27.35],[128.55,27.35],[128.53,27.36],[128.53,27.37],[128.53,27.38],[128.53,27.4],[128.53,27.41],[128.53,27.42],[128.54,27.42],[128.55,27.42],[128.56,27.42],[128.6,27.42],[128.62,27.42],[128.64,27.42],[128.65,27.43],[128.7,27.45]]],[[[128.99,27.81],[129,27.8],[129.01,27.8],[129.02,27.79],[129.03,27.77],[129.02,27.76],[129,27.73],[128.99,27.71],[128.98,27.7],[128.96,27.69],[128.95,27.68],[128.93,27.69],[128.92,27.7],[128.92,27.72],[128.92,27.72],[128.89,27.73],[128.89,27.74],[128.9,27.77],[128.88,27.82],[128.88,27.84],[128.89,27.85],[128.89,27.89],[128.9,27.9],[128.92,27.9],[128.95,27.91],[128.97,27.89],[128.98,27.84],[128.99,27.81]]],[[[129.3,28.12],[129.33,28.12],[129.35,28.11],[129.35,28.09],[129.32,28.08],[129.31,28.09],[129.3,28.1],[129.3,28.1],[129.3,28.1],[129.29,28.1],[129.29,28.09],[129.29,28.09],[129.29,28.08],[129.28,28.08],[129.28,28.08],[129.27,28.08],[129.26,28.1],[129.26,28.1],[129.25,28.1],[129.23,28.1],[129.22,28.1],[129.22,28.11],[129.22,28.13],[129.21,28.14],[129.19,28.17],[129.18,28.19],[129.2,28.2],[129.23,28.2],[129.22,28.18],[129.23,28.17],[129.27,28.17],[129.26,28.17],[129.26,28.16],[129.25,28.15],[129.25,28.14],[129.26,28.13],[129.29,28.13],[129.3,28.12]]],[[[130.03,28.37],[130.03,28.36],[130.02,28.33],[130.01,28.31],[130,28.29],[129.98,28.28],[129.96,28.28],[129.91,28.3],[129.98,28.34],[130.02,28.36],[130.03,28.37]]],[[[129.71,28.46],[129.72,28.45],[129.72,28.43],[129.71,28.43],[129.69,28.43],[129.64,28.41],[129.62,28.4],[129.62,28.39],[129.6,28.38],[129.55,28.33],[129.53,28.31],[129.49,28.28],[129.45,28.29],[129.45,28.27],[129.43,28.25],[129.43,28.24],[129.47,28.22],[129.41,28.18],[129.39,28.16],[129.35,28.16],[129.37,28.14],[129.38,28.12],[129.34,28.15],[129.28,28.19],[129.28,28.22],[129.26,28.21],[129.21,28.23],[129.16,28.24],[129.15,28.26],[129.16,28.26],[129.18,28.26],[129.24,28.26],[129.29,28.28],[129.24,28.29],[129.24,28.31],[129.26,28.33],[129.3,28.34],[129.33,28.36],[129.36,28.37],[129.4,28.37],[129.43,28.39],[129.47,28.4],[129.48,28.41],[129.5,28.4],[129.53,28.43],[129.63,28.48],[129.62,28.44],[129.64,28.44],[129.67,28.48],[129.67,28.5],[129.67,28.51],[129.7,28.49],[129.71,28.46]]],[[[129.71,29.65],[129.75,29.66],[129.75,29.65],[129.74,29.62],[129.72,29.61],[129.71,29.63],[129.71,29.64],[129.71,29.65]]],[[[129.89,29.87],[129.9,29.85],[129.93,29.83],[129.92,29.82],[129.92,29.82],[129.86,29.82],[129.85,29.84],[129.84,29.85],[129.83,29.87],[129.85,29.89],[129.88,29.88],[129.88,29.88],[129.88,29.88],[129.89,29.88],[129.89,29.87]]],[[[130.67,30.37],[130.67,30.34],[130.65,30.29],[130.6,30.25],[130.58,30.24],[130.55,30.23],[130.52,30.23],[130.49,30.23],[130.44,30.24],[130.43,30.26],[130.41,30.29],[130.39,30.34],[130.38,30.37],[130.38,30.39],[130.39,30.4],[130.42,30.4],[130.44,30.42],[130.46,30.44],[130.47,30.46],[130.49,30.46],[130.5,30.47],[130.52,30.45],[130.57,30.44],[130.6,30.41],[130.64,30.4],[130.67,30.37]]],[[[131.05,30.84],[131.06,30.84],[131.06,30.82],[131.07,30.8],[131.09,30.78],[131.07,30.77],[131.07,30.74],[131.08,30.7],[131.05,30.66],[131.06,30.64],[131.06,30.61],[131.05,30.6],[131.04,30.59],[131.04,30.57],[131.04,30.56],[131.02,30.55],[131,30.55],[130.99,30.53],[130.98,30.52],[130.98,30.5],[130.97,30.48],[130.97,30.46],[130.96,30.46],[130.97,30.45],[130.98,30.44],[130.97,30.43],[130.97,30.42],[130.98,30.4],[130.96,30.39],[130.96,30.37],[130.94,30.37],[130.92,30.37],[130.91,30.37],[130.89,30.36],[130.89,30.34],[130.87,30.34],[130.87,30.35],[130.86,30.37],[130.86,30.38],[130.87,30.4],[130.86,30.42],[130.85,30.44],[130.85,30.46],[130.85,30.47],[130.86,30.47],[130.87,30.46],[130.88,30.48],[130.9,30.5],[130.93,30.54],[130.94,30.57],[130.95,30.6],[130.95,30.61],[130.95,30.64],[130.94,30.65],[130.95,30.66],[130.94,30.67],[130.95,30.69],[130.97,30.7],[130.99,30.73],[130.99,30.74],[131,30.75],[131.01,30.77],[131.01,30.79],[131.03,30.82],[131.04,30.83],[131.05,30.84],[131.05,30.84]]],[[[130.15,32.2],[130.18,32.2],[130.19,32.2],[130.19,32.18],[130.19,32.16],[130.17,32.12],[130.17,32.11],[130.15,32.11],[130.13,32.12],[130.13,32.13],[130.13,32.15],[130.12,32.16],[130.12,32.18],[130.11,32.19],[130.11,32.21],[130.12,32.21],[130.13,32.21],[130.15,32.2]]],[[[130.41,32.51],[130.44,32.52],[130.46,32.53],[130.47,32.51],[130.43,32.49],[130.39,32.4],[130.36,32.37],[130.36,32.38],[130.36,32.39],[130.36,32.41],[130.35,32.42],[130.34,32.42],[130.32,32.41],[130.28,32.41],[130.26,32.4],[130.24,32.4],[130.22,32.42],[130.21,32.44],[130.21,32.45],[130.22,32.46],[130.23,32.46],[130.24,32.46],[130.25,32.46],[130.27,32.48],[130.29,32.5],[130.31,32.5],[130.34,32.51],[130.36,32.53],[130.37,32.53],[130.38,32.52],[130.38,32.52],[130.38,32.51],[130.39,32.51],[130.41,32.51]]],[[[130.16,32.55],[130.19,32.52],[130.2,32.48],[130.2,32.4],[130.2,32.39],[130.21,32.38],[130.21,32.37],[130.21,32.35],[130.2,32.34],[130.2,32.33],[130.19,32.32],[130.18,32.32],[130.16,32.31],[130.15,32.3],[130.13,32.27],[130.13,32.26],[130.11,32.25],[130.1,32.25],[130.07,32.22],[130.06,32.21],[130.04,32.2],[130.01,32.19],[130,32.19],[129.99,32.2],[130.01,32.25],[130,32.24],[129.99,32.24],[129.98,32.25],[129.96,32.24],[129.96,32.24],[129.96,32.25],[129.97,32.26],[130,32.28],[130.02,32.29],[130.03,32.3],[130.04,32.29],[130.05,32.3],[130.06,32.31],[130.05,32.31],[130.05,32.31],[130.03,32.31],[130.01,32.31],[129.99,32.31],[129.98,32.33],[129.98,32.36],[129.98,32.37],[129.98,32.38],[129.99,32.38],[130,32.39],[129.99,32.4],[129.99,32.42],[130.01,32.44],[130.02,32.46],[130.03,32.48],[130.03,32.5],[130,32.53],[130.02,32.53],[130.02,32.53],[130.03,32.52],[130.04,32.52],[130.06,32.52],[130.08,32.53],[130.1,32.54],[130.12,32.54],[130.14,32.55],[130.16,32.55]]],[[[128.88,32.67],[128.89,32.66],[128.9,32.65],[128.9,32.65],[128.9,32.64],[128.88,32.64],[128.86,32.64],[128.82,32.63],[128.82,32.65],[128.79,32.65],[128.79,32.65],[128.78,32.65],[128.78,32.64],[128.77,32.63],[128.78,32.63],[128.78,32.62],[128.79,32.61],[128.79,32.6],[128.79,32.59],[128.77,32.57],[128.76,32.58],[128.74,32.6],[128.71,32.6],[128.66,32.6],[128.65,32.59],[128.62,32.61],[128.6,32.61],[128.6,32.63],[128.61,32.64],[128.61,32.65],[128.62,32.66],[128.62,32.67],[128.63,32.67],[128.63,32.67],[128.64,32.64],[128.64,32.64],[128.64,32.64],[128.65,32.67],[128.65,32.68],[128.65,32.69],[128.65,32.7],[128.65,32.71],[128.65,32.71],[128.65,32.72],[128.64,32.72],[128.64,32.73],[128.64,32.73],[128.65,32.74],[128.64,32.76],[128.65,32.78],[128.66,32.78],[128.68,32.78],[128.69,32.77],[128.7,32.74],[128.71,32.75],[128.72,32.75],[128.74,32.76],[128.78,32.78],[128.78,32.79],[128.81,32.8],[128.81,32.78],[128.81,32.77],[128.81,32.77],[128.83,32.76],[128.84,32.76],[128.85,32.74],[128.84,32.7],[128.86,32.69],[128.88,32.67]]],[[[139.79,33.14],[139.81,33.12],[139.84,33.12],[139.86,33.11],[139.88,33.09],[139.87,33.08],[139.85,33.05],[139.84,33.04],[139.82,33.04],[139.8,33.05],[139.79,33.06],[139.78,33.08],[139.74,33.12],[139.74,33.13],[139.75,33.15],[139.77,33.15],[139.79,33.14]]],[[[129.1,32.99],[129.11,32.98],[129.17,33.01],[129.18,32.98],[129.18,32.97],[129.16,32.96],[129.14,32.94],[129.12,32.94],[129.1,32.92],[129.09,32.91],[129.09,32.89],[129.1,32.88],[129.1,32.87],[129.1,32.86],[129.09,32.86],[129.07,32.86],[129.06,32.85],[129.07,32.84],[129.07,32.83],[129.06,32.82],[129.05,32.82],[129.05,32.84],[129.04,32.86],[129.04,32.9],[129.05,32.91],[129.03,32.93],[129.02,32.94],[128.99,32.94],[128.98,32.95],[128.98,32.96],[129,32.97],[129.02,32.98],[129.04,32.97],[129.05,32.98],[129.04,33],[129.05,33.04],[129.07,33.04],[129.07,33.02],[129.08,33.02],[129.08,33.02],[129.08,33.04],[129.08,33.06],[129.09,33.08],[129.1,33.08],[129.11,33.1],[129.1,33.11],[129.1,33.13],[129.11,33.17],[129.12,33.16],[129.12,33.14],[129.11,33.13],[129.11,33.12],[129.12,33.11],[129.12,33.11],[129.12,33.09],[129.11,33.07],[129.1,33.05],[129.1,33.04],[129.1,33.02],[129.1,32.99]]],[[[129.56,33.41],[129.56,33.37],[129.56,33.35],[129.54,33.34],[129.53,33.32],[129.54,33.32],[129.53,33.3],[129.51,33.3],[129.51,33.29],[129.5,33.28],[129.5,33.27],[129.49,33.25],[129.45,33.2],[129.41,33.18],[129.38,33.17],[129.36,33.18],[129.34,33.18],[129.34,33.19],[129.35,33.21],[129.36,33.2],[129.38,33.18],[129.4,33.19],[129.41,33.19],[129.4,33.2],[129.4,33.2],[129.38,33.2],[129.38,33.21],[129.38,33.23],[129.39,33.24],[129.42,33.24],[129.41,33.25],[129.41,33.27],[129.44,33.3],[129.44,33.33],[129.44,33.35],[129.5,33.36],[129.51,33.38],[129.52,33.38],[129.52,33.37],[129.54,33.38],[129.52,33.39],[129.53,33.4],[129.56,33.41]]],[[[132.24,33.79],[132.25,33.79],[132.27,33.77],[132.27,33.77],[132.26,33.77],[132.24,33.77],[132.2,33.78],[132.19,33.78],[132.2,33.79],[132.21,33.8],[132.23,33.8],[132.24,33.79]]],[[[129.78,33.77],[129.8,33.76],[129.8,33.75],[129.78,33.74],[129.76,33.74],[129.74,33.74],[129.72,33.72],[129.72,33.7],[129.71,33.7],[129.69,33.72],[129.68,33.73],[129.68,33.74],[129.67,33.75],[129.66,33.74],[129.65,33.76],[129.65,33.77],[129.68,33.76],[129.69,33.76],[129.69,33.77],[129.66,33.78],[129.66,33.8],[129.66,33.82],[129.68,33.81],[129.67,33.83],[129.68,33.85],[129.69,33.86],[129.69,33.87],[129.7,33.86],[129.77,33.84],[129.77,33.84],[129.76,33.82],[129.76,33.81],[129.77,33.8],[129.78,33.79],[129.8,33.79],[129.79,33.78],[129.78,33.78],[129.78,33.78],[129.78,33.77]]],[[[132.24,33.87],[132.23,33.86],[132.23,33.86],[132.22,33.86],[132.21,33.88],[132.19,33.9],[132.19,33.92],[132.2,33.94],[132.23,33.95],[132.25,33.95],[132.28,33.94],[132.3,33.93],[132.33,33.9],[132.34,33.9],[132.35,33.9],[132.37,33.92],[132.38,33.92],[132.4,33.92],[132.4,33.92],[132.41,33.92],[132.41,33.93],[132.42,33.94],[132.43,33.94],[132.45,33.94],[132.47,33.94],[132.46,33.93],[132.44,33.9],[132.43,33.9],[132.42,33.91],[132.39,33.9],[132.38,33.89],[132.38,33.89],[132.38,33.86],[132.38,33.85],[132.37,33.84],[132.36,33.85],[132.34,33.84],[132.33,33.85],[132.33,33.86],[132.33,33.87],[132.33,33.88],[132.32,33.88],[132.31,33.88],[132.3,33.88],[132.29,33.88],[132.29,33.87],[132.28,33.86],[132.27,33.86],[132.25,33.87],[132.24,33.86],[132.24,33.87]]],[[[139.49,34.06],[139.49,34.09],[139.52,34.11],[139.56,34.11],[139.58,34.09],[139.56,34.06],[139.53,34.04],[139.51,34.04],[139.49,34.06]]],[[[132.56,34.07],[132.53,34.08],[132.48,34.08],[132.46,34.09],[132.47,34.11],[132.5,34.12],[132.51,34.13],[132.5,34.16],[132.51,34.17],[132.52,34.17],[132.53,34.18],[132.54,34.18],[132.55,34.17],[132.55,34.17],[132.55,34.16],[132.55,34.16],[132.54,34.16],[132.55,34.14],[132.55,34.13],[132.55,34.12],[132.55,34.11],[132.58,34.12],[132.58,34.1],[132.57,34.08],[132.56,34.07]]],[[[133,34.21],[132.96,34.19],[132.95,34.2],[132.96,34.22],[132.97,34.22],[132.99,34.23],[132.99,34.23],[132.99,34.24],[132.99,34.25],[132.98,34.25],[132.97,34.25],[132.99,34.27],[133.01,34.29],[133.03,34.3],[133.04,34.27],[133.06,34.24],[133.05,34.22],[133.03,34.21],[133,34.21]]],[[[129.31,34.28],[129.32,34.29],[129.34,34.29],[129.35,34.29],[129.34,34.28],[129.33,34.27],[129.32,34.26],[129.32,34.24],[129.32,34.23],[129.31,34.22],[129.3,34.22],[129.3,34.21],[129.3,34.21],[129.3,34.2],[129.3,34.18],[129.3,34.17],[129.29,34.17],[129.29,34.17],[129.28,34.16],[129.28,34.15],[129.28,34.13],[129.26,34.12],[129.26,34.11],[129.25,34.11],[129.25,34.1],[129.24,34.1],[129.23,34.09],[129.22,34.09],[129.22,34.1],[129.21,34.1],[129.2,34.11],[129.19,34.11],[129.18,34.11],[129.17,34.11],[129.17,34.15],[129.18,34.17],[129.18,34.2],[129.18,34.23],[129.19,34.23],[129.19,34.25],[129.2,34.27],[129.2,34.32],[129.21,34.33],[129.23,34.33],[129.23,34.32],[129.22,34.31],[129.22,34.29],[129.23,34.29],[129.24,34.3],[129.25,34.3],[129.26,34.31],[129.28,34.31],[129.27,34.32],[129.27,34.32],[129.28,34.32],[129.29,34.32],[129.3,34.31],[129.3,34.29],[129.31,34.28]]],[[[139.27,34.4],[139.28,34.4],[139.29,34.41],[139.3,34.42],[139.3,34.4],[139.3,34.37],[139.28,34.34],[139.27,34.32],[139.25,34.34],[139.25,34.35],[139.27,34.39],[139.27,34.4]]],[[[135,34.61],[135.03,34.59],[135.03,34.58],[135.02,34.57],[135,34.55],[135,34.53],[134.98,34.51],[134.96,34.48],[134.93,34.45],[134.9,34.42],[134.9,34.38],[134.9,34.37],[134.9,34.36],[134.9,34.35],[134.92,34.34],[134.92,34.32],[134.93,34.31],[134.95,34.29],[134.96,34.27],[134.94,34.26],[134.91,34.26],[134.88,34.24],[134.86,34.24],[134.83,34.23],[134.8,34.2],[134.75,34.19],[134.73,34.19],[134.73,34.21],[134.71,34.22],[134.7,34.22],[134.71,34.24],[134.72,34.25],[134.69,34.24],[134.67,34.27],[134.66,34.29],[134.67,34.3],[134.68,34.33],[134.71,34.32],[134.72,34.33],[134.8,34.45],[134.82,34.46],[134.84,34.47],[134.85,34.48],[134.86,34.48],[134.87,34.5],[134.87,34.51],[134.88,34.53],[134.92,34.55],[134.94,34.55],[134.96,34.58],[134.98,34.6],[135,34.61]]],[[[129.45,34.62],[129.46,34.61],[129.48,34.6],[129.48,34.59],[129.47,34.58],[129.46,34.55],[129.45,34.51],[129.4,34.48],[129.38,34.45],[129.38,34.42],[129.36,34.41],[129.36,34.39],[129.38,34.39],[129.39,34.41],[129.39,34.4],[129.39,34.39],[129.38,34.38],[129.39,34.37],[129.4,34.36],[129.41,34.35],[129.4,34.34],[129.39,34.33],[129.38,34.32],[129.37,34.31],[129.34,34.3],[129.32,34.3],[129.31,34.32],[129.32,34.33],[129.35,34.33],[129.35,34.36],[129.33,34.36],[129.32,34.34],[129.31,34.34],[129.3,34.36],[129.3,34.37],[129.31,34.38],[129.3,34.38],[129.29,34.37],[129.29,34.35],[129.29,34.34],[129.27,34.36],[129.25,34.35],[129.23,34.36],[129.24,34.37],[129.26,34.37],[129.27,34.38],[129.27,34.41],[129.27,34.43],[129.28,34.44],[129.29,34.44],[129.29,34.44],[129.3,34.45],[129.31,34.46],[129.31,34.47],[129.29,34.45],[129.28,34.45],[129.28,34.46],[129.29,34.49],[129.3,34.52],[129.33,34.54],[129.33,34.54],[129.31,34.56],[129.29,34.56],[129.29,34.57],[129.3,34.59],[129.31,34.6],[129.32,34.65],[129.34,34.65],[129.36,34.65],[129.38,34.64],[129.39,34.65],[129.41,34.68],[129.43,34.68],[129.42,34.69],[129.42,34.7],[129.44,34.69],[129.45,34.7],[129.46,34.7],[129.47,34.69],[129.48,34.68],[129.49,34.68],[129.48,34.66],[129.48,34.66],[129.47,34.65],[129.48,34.65],[129.49,34.65],[129.49,34.64],[129.48,34.62],[129.47,34.62],[129.46,34.62],[129.45,34.62]]],[[[139.42,34.78],[139.44,34.77],[139.45,34.76],[139.46,34.74],[139.46,34.72],[139.46,34.69],[139.45,34.68],[139.44,34.68],[139.42,34.68],[139.36,34.7],[139.35,34.72],[139.35,34.77],[139.36,34.8],[139.4,34.79],[139.42,34.78]]],[[[133.01,36.01],[133.02,36.03],[133.05,36.02],[133.07,36.01],[133.08,35.99],[133.06,36],[133.03,35.99],[133.02,36],[133.02,36],[133.01,36.01],[133.01,36.01]]],[[[133.37,36.27],[133.38,36.26],[133.38,36.21],[133.37,36.2],[133.36,36.19],[133.35,36.2],[133.34,36.2],[133.33,36.2],[133.33,36.19],[133.34,36.18],[133.34,36.18],[133.34,36.17],[133.33,36.16],[133.32,36.16],[133.28,36.16],[133.26,36.16],[133.25,36.17],[133.2,36.2],[133.19,36.21],[133.19,36.22],[133.2,36.28],[133.21,36.3],[133.29,36.34],[133.29,36.33],[133.3,36.33],[133.31,36.32],[133.32,36.32],[133.32,36.32],[133.33,36.31],[133.33,36.3],[133.34,36.3],[133.35,36.3],[133.35,36.29],[133.36,36.29],[133.36,36.28],[133.37,36.27]]],[[[138.46,38.07],[138.49,38.07],[138.54,38.08],[138.58,38.07],[138.58,38.04],[138.57,38.02],[138.52,37.96],[138.51,37.94],[138.5,37.91],[138.49,37.89],[138.37,37.83],[138.27,37.8],[138.24,37.8],[138.23,37.8],[138.22,37.8],[138.22,37.81],[138.21,37.82],[138.22,37.83],[138.22,37.83],[138.27,37.84],[138.28,37.85],[138.29,37.86],[138.29,37.91],[138.3,37.92],[138.33,37.95],[138.34,37.97],[138.31,38],[138.25,37.98],[138.23,38.01],[138.23,38.03],[138.24,38.05],[138.24,38.07],[138.25,38.09],[138.29,38.14],[138.31,38.17],[138.33,38.18],[138.35,38.19],[138.36,38.2],[138.4,38.24],[138.43,38.26],[138.47,38.31],[138.48,38.32],[138.49,38.32],[138.51,38.32],[138.52,38.32],[138.52,38.31],[138.51,38.24],[138.49,38.18],[138.44,38.1],[138.44,38.08],[138.44,38.06],[138.44,38.05],[138.45,38.05],[138.46,38.07]]],[[[139.55,42.24],[139.56,42.23],[139.55,42.21],[139.52,42.17],[139.51,42.15],[139.51,42.12],[139.51,42.1],[139.49,42.08],[139.46,42.05],[139.45,42.05],[139.44,42.06],[139.43,42.07],[139.43,42.09],[139.43,42.09],[139.43,42.1],[139.43,42.12],[139.42,42.13],[139.41,42.14],[139.41,42.15],[139.41,42.17],[139.42,42.19],[139.44,42.21],[139.45,42.22],[139.46,42.22],[139.49,42.22],[139.5,42.22],[139.51,42.23],[139.54,42.24],[139.55,42.24]]],[[[145.31,43.59],[145.34,43.58],[145.36,43.56],[145.36,43.55],[145.35,43.55],[145.31,43.54],[145.3,43.53],[145.3,43.52],[145.28,43.52],[145.27,43.52],[145.28,43.54],[145.29,43.55],[145.32,43.56],[145.33,43.57],[145.2,43.61],[145.29,43.6],[145.31,43.59]]],[[[144.45,43.94],[144.46,43.94],[144.45,43.94],[144.45,43.94]]],[[[141.33,45.17],[141.34,45.16],[141.33,45.15],[141.32,45.14],[141.31,45.12],[141.3,45.12],[141.27,45.1],[141.25,45.1],[141.24,45.1],[141.18,45.13],[141.15,45.15],[141.13,45.17],[141.15,45.19],[141.14,45.2],[141.14,45.21],[141.13,45.21],[141.17,45.24],[141.18,45.24],[141.2,45.25],[141.24,45.24],[141.27,45.23],[141.29,45.21],[141.33,45.17]]],[[[141.05,45.45],[141.07,45.44],[141.07,45.42],[141.06,45.32],[141.05,45.29],[141.04,45.26],[141.03,45.28],[141.03,45.28],[141.04,45.29],[141.01,45.33],[141,45.35],[140.99,45.37],[141,45.42],[141,45.43],[140.97,45.46],[140.97,45.47],[140.98,45.47],[140.99,45.47],[140.99,45.46],[140.99,45.46],[141.01,45.44],[141.02,45.44],[141.04,45.45],[141.05,45.45]]],[[[140.87,27.22],[140.87,27.23],[140.87,27.24],[140.88,27.23],[140.87,27.22]]],[[[127.81,26.74],[127.81,26.71],[127.79,26.7],[127.76,26.71],[127.75,26.73],[127.77,26.73],[127.8,26.73],[127.81,26.74]]],[[[128,27.09],[128,27.09],[127.99,27.07],[127.98,27.04],[127.95,27.02],[127.93,27.01],[127.94,27.03],[127.99,27.08],[128,27.09]]],[[[130.22,30.47],[130.24,30.46],[130.26,30.45],[130.26,30.44],[130.24,30.43],[130.23,30.42],[130.21,30.42],[130.19,30.44],[130.19,30.45],[130.19,30.46],[130.17,30.45],[130.16,30.47],[130.15,30.48],[130.14,30.49],[130.17,30.49],[130.19,30.48],[130.2,30.48],[130.22,30.47]]],[[[134.37,34.55],[134.36,34.55],[134.37,34.54],[134.37,34.53],[134.37,34.51],[134.37,34.48],[134.35,34.43],[134.34,34.44],[134.33,34.44],[134.32,34.45],[134.31,34.45],[134.31,34.45],[134.32,34.45],[134.33,34.46],[134.32,34.47],[134.3,34.46],[134.28,34.45],[134.27,34.44],[134.26,34.42],[134.24,34.42],[134.25,34.45],[134.24,34.46],[134.22,34.47],[134.2,34.47],[134.19,34.47],[134.17,34.47],[134.16,34.48],[134.17,34.49],[134.17,34.5],[134.17,34.51],[134.18,34.52],[134.2,34.51],[134.23,34.52],[134.27,34.54],[134.28,34.54],[134.32,34.55],[134.35,34.55],[134.37,34.55]]],[[[141.45,24.22],[141.46,24.23],[141.47,24.23],[141.47,24.22],[141.47,24.21],[141.46,24.21],[141.46,24.22],[141.45,24.22]]],[[[153.97,24.29],[153.98,24.3],[153.99,24.29],[153.98,24.28],[153.98,24.28],[153.97,24.28],[153.97,24.29]]],[[[141.29,25.42],[141.27,25.43],[141.27,25.44],[141.27,25.45],[141.29,25.45],[141.3,25.45],[141.3,25.43],[141.3,25.42],[141.29,25.42]]],[[[131.29,25.95],[131.3,25.95],[131.32,25.95],[131.33,25.94],[131.32,25.93],[131.32,25.92],[131.31,25.92],[131.3,25.93],[131.29,25.94],[131.29,25.95]]],[[[127.22,26.6],[127.23,26.6],[127.24,26.6],[127.24,26.59],[127.24,26.58],[127.23,26.58],[127.21,26.58],[127.21,26.58],[127.21,26.59],[127.22,26.6]]],[[[128.45,27.05],[128.45,27.03],[128.45,27.02],[128.43,27.02],[128.41,27.03],[128.41,27.04],[128.4,27.04],[128.4,27.04],[128.4,27.05],[128.4,27.05],[128.41,27.05],[128.42,27.06],[128.43,27.07],[128.44,27.06],[128.45,27.05],[128.45,27.05]]],[[[142.19,27.15],[142.18,27.16],[142.19,27.17],[142.19,27.19],[142.2,27.18],[142.2,27.17],[142.2,27.16],[142.2,27.15],[142.19,27.15]]],[[[142.2,27.6],[142.18,27.61],[142.18,27.62],[142.19,27.62],[142.2,27.6]]],[[[142.08,27.72],[142.08,27.73],[142.08,27.73],[142.09,27.73],[142.08,27.72]]],[[[128.24,27.87],[128.24,27.86],[128.24,27.86],[128.24,27.85],[128.23,27.85],[128.23,27.87],[128.24,27.87]]],[[[129.59,29.45],[129.59,29.46],[129.59,29.47],[129.6,29.47],[129.6,29.47],[129.6,29.47],[129.61,29.47],[129.61,29.47],[129.62,29.46],[129.61,29.44],[129.6,29.44],[129.59,29.45]]],[[[129.53,29.9],[129.53,29.91],[129.54,29.91],[129.54,29.91],[129.55,29.9],[129.55,29.9],[129.55,29.89],[129.54,29.89],[129.53,29.89],[129.53,29.9]]],[[[129.94,29.97],[129.95,29.96],[129.95,29.96],[129.95,29.96],[129.94,29.95],[129.92,29.96],[129.91,29.96],[129.9,29.97],[129.9,29.97],[129.9,29.98],[129.9,29.98],[129.9,29.98],[129.91,29.99],[129.91,30],[129.91,30],[129.92,30],[129.93,29.99],[129.93,29.98],[129.94,29.97]]],[[[140.31,30.49],[140.32,30.49],[140.33,30.49],[140.32,30.48],[140.31,30.47],[140.3,30.48],[140.3,30.49],[140.31,30.49]]],[[[129.43,30.85],[129.43,30.85],[129.43,30.84],[129.43,30.84],[129.43,30.85]]],[[[129.95,30.84],[129.96,30.84],[129.96,30.83],[129.95,30.82],[129.94,30.81],[129.93,30.81],[129.91,30.82],[129.91,30.82],[129.91,30.83],[129.9,30.83],[129.91,30.84],[129.92,30.84],[129.93,30.85],[129.93,30.85],[129.94,30.85],[129.95,30.84]]],[[[140.04,31.44],[140.04,31.45],[140.05,31.44],[140.04,31.44]]],[[[140.04,31.44],[140.04,31.45],[140.04,31.44],[140.04,31.44],[140.04,31.44]]],[[[139.76,32.45],[139.76,32.47],[139.77,32.44],[139.76,32.45]]],[[[139.3,33.65],[139.3,33.65],[139.3,33.65],[139.3,33.65]]],[[[139.62,33.89],[139.63,33.87],[139.63,33.87],[139.62,33.86],[139.61,33.85],[139.59,33.85],[139.58,33.86],[139.58,33.88],[139.59,33.9],[139.61,33.9],[139.62,33.89],[139.62,33.89]]],[[[139.37,41.52],[139.38,41.52],[139.38,41.51],[139.37,41.5],[139.35,41.49],[139.34,41.5],[139.34,41.51],[139.34,41.52],[139.34,41.52],[139.35,41.52],[139.36,41.52],[139.37,41.52]]],[[[153.97,24.31],[153.95,24.29],[153.94,24.31],[153.95,24.32],[153.97,24.31]]],[[[125.2,24.85],[125.21,24.84],[125.22,24.82],[125.21,24.8],[125.17,24.8],[125.15,24.8],[125.14,24.82],[125.14,24.83],[125.15,24.83],[125.16,24.83],[125.16,24.84],[125.16,24.85],[125.18,24.86],[125.19,24.85],[125.2,24.85]]],[[[127.37,26.21],[127.37,26.21],[127.37,26.2],[127.37,26.19],[127.36,26.18],[127.36,26.16],[127.35,26.15],[127.35,26.16],[127.34,26.17],[127.34,26.18],[127.34,26.19],[127.35,26.21],[127.35,26.22],[127.36,26.22],[127.37,26.21]]],[[[142.11,27.73],[142.11,27.73],[142.11,27.73],[142.11,27.72],[142.11,27.73]]],[[[129.93,31.87],[129.93,31.86],[129.93,31.86],[129.93,31.85],[129.93,31.85],[129.93,31.84],[129.93,31.84],[129.93,31.83],[129.93,31.83],[129.92,31.82],[129.91,31.82],[129.9,31.82],[129.89,31.81],[129.88,31.81],[129.87,31.82],[129.86,31.82],[129.86,31.82],[129.86,31.83],[129.85,31.84],[129.85,31.84],[129.85,31.85],[129.85,31.86],[129.85,31.86],[129.84,31.85],[129.83,31.84],[129.82,31.84],[129.82,31.85],[129.82,31.85],[129.82,31.86],[129.83,31.87],[129.84,31.88],[129.86,31.88],[129.9,31.85],[129.91,31.85],[129.91,31.85],[129.91,31.86],[129.91,31.87],[129.93,31.87],[129.93,31.87]]],[[[130.24,32.3],[130.26,32.3],[130.27,32.29],[130.26,32.28],[130.25,32.27],[130.24,32.26],[130.23,32.26],[130.22,32.26],[130.22,32.25],[130.21,32.26],[130.21,32.27],[130.21,32.28],[130.22,32.29],[130.22,32.29],[130.23,32.29],[130.23,32.3],[130.23,32.3],[130.24,32.3]]],[[[130.45,32.6],[130.45,32.59],[130.45,32.58],[130.45,32.56],[130.45,32.55],[130.43,32.55],[130.42,32.55],[130.43,32.54],[130.42,32.54],[130.41,32.55],[130.41,32.56],[130.41,32.57],[130.41,32.58],[130.4,32.59],[130.4,32.59],[130.41,32.61],[130.42,32.61],[130.42,32.61],[130.42,32.61],[130.43,32.62],[130.44,32.62],[130.45,32.62],[130.45,32.61],[130.45,32.6],[130.45,32.6]]],[[[132.56,32.74],[132.57,32.73],[132.57,32.73],[132.57,32.72],[132.56,32.71],[132.55,32.7],[132.54,32.71],[132.54,32.72],[132.54,32.73],[132.54,32.75],[132.55,32.75],[132.55,32.75],[132.56,32.75],[132.56,32.74]]],[[[128.9,32.82],[128.9,32.81],[128.91,32.8],[128.91,32.79],[128.89,32.78],[128.88,32.77],[128.88,32.76],[128.87,32.76],[128.85,32.77],[128.84,32.78],[128.84,32.79],[128.84,32.82],[128.83,32.83],[128.84,32.83],[128.85,32.83],[128.86,32.83],[128.86,32.82],[128.87,32.81],[128.87,32.8],[128.87,32.8],[128.88,32.8],[128.87,32.8],[128.87,32.81],[128.87,32.82],[128.87,32.83],[128.86,32.84],[128.87,32.84],[128.89,32.82],[128.9,32.82]]],[[[128.95,32.87],[128.96,32.86],[128.96,32.84],[128.95,32.83],[128.95,32.83],[128.94,32.82],[128.95,32.82],[128.95,32.81],[128.95,32.8],[128.94,32.8],[128.94,32.81],[128.93,32.82],[128.92,32.82],[128.92,32.82],[128.92,32.82],[128.92,32.83],[128.92,32.84],[128.92,32.84],[128.91,32.84],[128.9,32.86],[128.89,32.86],[128.88,32.86],[128.88,32.86],[128.89,32.87],[128.91,32.87],[128.92,32.85],[128.93,32.85],[128.93,32.86],[128.93,32.86],[128.94,32.86],[128.94,32.87],[128.94,32.88],[128.95,32.88],[128.95,32.88],[128.95,32.87]]],[[[129.03,32.9],[129.03,32.89],[129.03,32.89],[129.03,32.86],[129.02,32.85],[129.02,32.85],[129.02,32.86],[129.01,32.86],[129.01,32.86],[129,32.87],[128.98,32.86],[128.98,32.86],[128.97,32.87],[128.97,32.87],[128.97,32.87],[128.96,32.89],[128.96,32.9],[128.97,32.9],[128.99,32.89],[129,32.89],[128.99,32.9],[128.99,32.9],[128.98,32.91],[128.98,32.91],[128.98,32.92],[128.98,32.92],[128.98,32.92],[128.98,32.93],[128.98,32.93],[128.99,32.93],[129.01,32.92],[129.02,32.92],[129.02,32.91],[129.03,32.9]]],[[[129.14,33.3],[129.14,33.28],[129.15,33.28],[129.15,33.27],[129.13,33.26],[129.13,33.25],[129.12,33.25],[129.1,33.25],[129.09,33.26],[129.09,33.26],[129.08,33.26],[129.08,33.26],[129.08,33.27],[129.09,33.28],[129.1,33.29],[129.11,33.29],[129.13,33.3],[129.14,33.3]]],[[[129.56,33.49],[129.57,33.5],[129.58,33.49],[129.57,33.48],[129.55,33.47],[129.54,33.48],[129.53,33.48],[129.52,33.48],[129.52,33.47],[129.51,33.47],[129.5,33.47],[129.51,33.48],[129.52,33.5],[129.54,33.51],[129.55,33.51],[129.55,33.5],[129.56,33.49]]],[[[132.64,34.01],[132.64,34.01],[132.64,34],[132.64,33.99],[132.64,33.98],[132.64,33.98],[132.64,33.97],[132.63,33.96],[132.62,33.95],[132.6,33.95],[132.59,33.96],[132.59,33.97],[132.6,33.98],[132.61,33.99],[132.61,33.99],[132.62,34],[132.62,34],[132.64,34.01],[132.64,34.01]]],[[[133.09,34.17],[133.1,34.18],[133.1,34.17],[133.09,34.16],[133.05,34.12],[133.03,34.11],[133.02,34.12],[133.02,34.14],[133.02,34.15],[133.03,34.15],[133.03,34.15],[133.04,34.15],[133.03,34.16],[133.03,34.18],[133.03,34.19],[133.06,34.19],[133.07,34.19],[133.08,34.18],[133.08,34.18],[133.09,34.17]]],[[[132.74,34.2],[132.76,34.19],[132.76,34.18],[132.76,34.17],[132.75,34.16],[132.74,34.16],[132.74,34.16],[132.74,34.17],[132.73,34.17],[132.72,34.17],[132.7,34.18],[132.69,34.19],[132.7,34.2],[132.71,34.2],[132.73,34.2],[132.74,34.2]]],[[[132.92,34.28],[132.93,34.28],[132.93,34.27],[132.93,34.25],[132.92,34.23],[132.92,34.22],[132.91,34.21],[132.88,34.21],[132.86,34.21],[132.85,34.22],[132.84,34.23],[132.85,34.24],[132.85,34.25],[132.86,34.25],[132.89,34.26],[132.9,34.26],[132.91,34.26],[132.92,34.28]]],[[[132.34,34.3],[132.34,34.3],[132.35,34.29],[132.34,34.28],[132.33,34.26],[132.3,34.24],[132.28,34.24],[132.27,34.24],[132.27,34.25],[132.29,34.28],[132.3,34.29],[132.31,34.3],[132.33,34.31],[132.34,34.3]]],[[[133.72,34.4],[133.72,34.38],[133.73,34.37],[133.72,34.36],[133.71,34.36],[133.71,34.35],[133.7,34.35],[133.7,34.35],[133.69,34.37],[133.69,34.38],[133.71,34.39],[133.71,34.4],[133.72,34.4]]],[[[135.21,34.43],[135.24,34.45],[135.26,34.44],[135.22,34.42],[135.21,34.42],[135.21,34.43]]],[[[134.05,34.47],[134.04,34.48],[134.04,34.48],[134.04,34.48],[134.05,34.49],[134.05,34.49],[134.07,34.5],[134.08,34.5],[134.09,34.5],[134.1,34.49],[134.1,34.49],[134.1,34.49],[134.1,34.48],[134.08,34.46],[134.08,34.46],[134.07,34.47],[134.07,34.47],[134.05,34.47]]],[[[136.89,34.5],[136.9,34.5],[136.91,34.5],[136.91,34.49],[136.9,34.49],[136.89,34.48],[136.88,34.48],[136.88,34.48],[136.87,34.49],[136.89,34.5]]],[[[136.89,34.53],[136.9,34.54],[136.91,34.54],[136.9,34.53],[136.9,34.53],[136.89,34.52],[136.87,34.51],[136.86,34.51],[136.85,34.52],[136.87,34.52],[136.89,34.53]]],[[[136.8,34.88],[136.81,34.88],[136.82,34.86],[136.83,34.85],[136.81,34.85],[136.82,34.84],[136.81,34.84],[136.8,34.88]]],[[[137.05,37.15],[137.05,37.15],[137.04,37.14],[137.05,37.13],[137.04,37.12],[137.02,37.11],[137,37.11],[136.99,37.11],[136.97,37.1],[136.96,37.1],[136.95,37.1],[136.94,37.1],[136.93,37.11],[136.92,37.13],[136.91,37.14],[136.91,37.15],[136.92,37.15],[136.92,37.14],[136.93,37.14],[136.93,37.14],[136.94,37.14],[136.95,37.14],[136.96,37.15],[136.97,37.15],[136.97,37.15],[136.98,37.15],[136.99,37.15],[137,37.14],[137.01,37.14],[137.02,37.14],[137.03,37.16],[137.04,37.16],[137.05,37.15]]],[[[123.61,25.74],[123.6,25.74],[123.6,25.74],[123.6,25.75],[123.61,25.74]]],[[[123.55,25.76],[123.53,25.76],[123.51,25.76],[123.51,25.77],[123.53,25.77],[123.54,25.77],[123.55,25.76]]],[[[123.67,25.93],[123.67,25.93],[123.67,25.93],[123.67,25.93]]]]}}]}