{"type":"FeatureCollection","name":"cliopatria_snapshot_800","properties":{"year":800,"source":"Cliopatria (Seshat Global History Databank)","license":"CC BY 4.0","licenseUrl":"https://creativecommons.org/licenses/by/4.0/","attribution":"Cliopatria / Seshat Global History Databank (CC BY 4.0). Korea polities excluded.","excluded":"korea_related","wikidataNote":"Feature properties.wikidata → https://www.wikidata.org/wiki/<id>","ohmNote":"OpenHistoricalMap planet dumps at s3://planet.openhistoricalmap.org — optional detail layer, not used in this snapshot build."},"features":[{"type":"Feature","properties":{"name":"Pyu City-States","fromYear":84,"toYear":849,"type":"POLITY","areaKm2":116186.97827394767,"wikipedia":"Pyu city-states","wikidata":"Q1627675","seshatId":null,"source":"cliopatria"},"geometry":{"type":"MultiPolygon","coordinates":[[[[96.83122253417969,22.143402099609375],[96.9501724243164,21.950544357299805],[96.8169937133789,21.5648250579834],[96.89128875732422,21.5648250579834],[96.8235092163086,21.114822387695312],[96.74927520751953,21.114822387695312],[96.78511810302734,20.857677459716797],[96.61761474609375,20.72910499572754],[96.70877075195312,20.343387603759766],[96.47687530517578,20.279102325439453],[96.57759857177734,19.95766830444336],[96.40094757080078,19.764808654785156],[96.41803741455078,19.379087448120117],[96.19442749023438,18.864791870117188],[95.84249114990234,18.479066848754883],[95.69468688964844,18.479066848754883],[95.67609405517578,18.350492477416992],[95.08500671386719,18.350492477416992],[94.85407257080078,18.800504684448242],[94.89120483398438,19.057653427124023],[94.72502899169922,19.443374633789062],[94.83631896972656,19.700523376464844],[94.61441040039062,20.214815139770508],[94.65158081054688,20.471960067749023],[94.41069030761719,20.857677459716797],[94.55200958251953,21.821969985961914],[94.7198715209961,21.950544357299805],[94.66482543945312,22.079116821289062],[95.29049682617188,23.68630027770996],[96.16556549072266,24.00774574279785],[96.59125518798828,23.879167556762695],[96.86691284179688,23.30057144165039],[96.78343963623047,22.786272048950195],[96.85790252685547,22.786272048950195],[96.84119415283203,22.20768928527832],[96.83122253417969,22.143402099609375]]],[[[96.71854400634766,23.75058937072754],[96.72948455810547,23.814878463745117],[96.80409240722656,23.814878463745117],[96.79313659667969,23.75058937072754],[96.71854400634766,23.75058937072754]]],[[[96.6548843383789,23.814878463745117],[96.6658706665039,23.879167556762695],[96.74048614501953,23.879167556762695],[96.72948455810547,23.814878463745117],[96.6548843383789,23.814878463745117]]]]}},{"type":"Feature","properties":{"name":"Kingdom of Brycheiniog","fromYear":540,"toYear":946,"type":"POLITY","areaKm2":1875.058265707145,"wikipedia":"Brycheiniog","wikidata":"Q954585","seshatId":"gb_brythonic_k","source":"cliopatria"},"geometry":{"type":"Polygon","coordinates":[[[-2.927305936813354,52.11625671386719],[-3.693760871887207,52.11625671386719],[-3.778922557830811,52.11625671386719],[-3.757387161254883,51.91512680053711],[-3.587324619293213,51.91512680053711],[-3.573238611221313,51.78114318847656],[-3.488293409347534,51.78114318847656],[-3.403348207473755,51.78114318847656],[-3.318403005599976,51.78114318847656],[-2.822042465209961,51.91512680053711],[-2.82872486114502,51.98215103149414],[-2.913799524307251,51.98215103149414],[-2.920543432235718,52.0491943359375],[-2.927305936813354,52.11625671386719]]]}},{"type":"Feature","properties":{"name":"Kingdom of Morgannwg","fromYear":540,"toYear":946,"type":"POLITY","areaKm2":1488.3815479725683,"wikipedia":"Kingdom of Morgannwg","wikidata":"Q13131807","seshatId":"gb_brythonic_k","source":"cliopatria"},"geometry":{"type":"Polygon","coordinates":[[[-3.284165143966675,51.44654083251953],[-3.70082426071167,51.37968063354492],[-3.884396553039551,51.51342010498047],[-3.891522645950317,51.580322265625],[-3.644089698791504,51.64724349975586],[-3.573238611221313,51.78114318847656],[-3.488293409347534,51.78114318847656],[-3.318403005599976,51.78114318847656],[-3.304651498794556,51.64724349975586],[-3.128170013427734,51.580322265625],[-3.114700794219971,51.44654083251953],[-3.199433088302612,51.44654083251953],[-3.284165143966675,51.44654083251953]]]}},{"type":"Feature","properties":{"name":"Mayan City-States","fromYear":555,"toYear":839,"type":"POLITY","areaKm2":378615.7322945538,"wikipedia":"Maya civilization","wikidata":"Q28567","seshatId":"mx_maya_classic","source":"cliopatria"},"geometry":{"type":"Polygon","coordinates":[[[-86.72407531738281,20.921964645385742],[-86.74839782714844,21.500539779663086],[-86.91922760009766,21.629112243652344],[-87.2164306640625,21.629112243652344],[-87.3426742553711,21.500539779663086],[-88.47954559326172,21.629112243652344],[-89.1771240234375,21.371967315673828],[-89.9826889038086,21.307680130004883],[-90.17145538330078,21.114822387695312],[-90.3199234008789,21.114822387695312],[-90.41940307617188,20.40767478942871],[-90.49354553222656,20.40767478942871],[-90.42727661132812,20.021955490112305],[-90.74271392822266,19.700523376464844],[-90.81432342529297,19.25051498413086],[-91.35189819335938,18.929079055786133],[-91.29804229736328,18.607641220092773],[-91.44587707519531,18.607641220092773],[-91.49837493896484,18.479066848754883],[-91.79398345947266,18.479066848754883],[-91.83705139160156,18.736217498779297],[-92.50244903564453,18.736217498779297],[-92.61772155761719,18.543354034423828],[-93.49372100830078,18.479066848754883],[-93.8414077758789,18.350492477416992],[-93.56580352783203,18.029054641723633],[-93.56534576416016,17.57904052734375],[-93.36576080322266,17.257600784301758],[-93.4926986694336,17.129026412963867],[-93.39855194091797,17.000450134277344],[-93.6429672241211,16.67901039123535],[-93.54938507080078,16.550434112548828],[-93.62306213378906,16.550434112548828],[-93.5935287475586,16.35757064819336],[-93.82059478759766,15.907554626464844],[-92.75463104248047,15.136098861694336],[-92.47407531738281,14.686083793640137],[-91.3497085571289,13.914630889892578],[-90.46885681152344,13.914630889892578],[-89.91790008544922,13.593193054199219],[-89.86663055419922,13.786055564880371],[-89.56566619873047,13.721768379211426],[-89.58800506591797,13.914630889892578],[-89.39053344726562,14.107494354248047],[-89.09684753417969,14.107494354248047],[-89.1856460571289,14.236069679260254],[-88.81847381591797,14.236069679260254],[-88.9074478149414,14.364645004272461],[-88.69493103027344,14.428933143615723],[-88.6290283203125,15.07181167602539],[-88.37730407714844,15.393251419067383],[-88.51224517822266,15.843266487121582],[-88.82465362548828,15.971842765808105],[-88.64032745361328,16.228994369506836],[-88.49304962158203,16.228994369506836],[-88.23552703857422,16.486146926879883],[-88.20903015136719,16.807586669921875],[-88.13533020019531,16.807586669921875],[-88.18842315673828,17.643327713012695],[-88.02729034423828,18.029054641723633],[-88.07830810546875,18.350492477416992],[-88.22607421875,18.350492477416992],[-88.2467041015625,18.479066848754883],[-87.99251556396484,18.736217498779297],[-87.96141052246094,18.543354034423828],[-88.03532409667969,18.543354034423828],[-87.91007232666016,18.2219181060791],[-87.69865417480469,18.286205291748047],[-87.7293930053711,18.479066848754883],[-87.45301055908203,19.057653427124023],[-87.49495697021484,19.314802169799805],[-87.36799621582031,19.443374633789062],[-87.38911437988281,19.571949005126953],[-87.54778289794922,19.6362361907959],[-87.29402160644531,19.893383026123047],[-87.34735107421875,20.214815139770508],[-86.71324920654297,20.857677459716797],[-86.72407531738281,20.921964645385742]]]}},{"type":"Feature","properties":{"name":"Pandya Dynasty","fromYear":592,"toYear":910,"type":"POLITY","areaKm2":77513.39761392455,"wikipedia":"Pandya dynasty","wikidata":"Q844910","seshatId":"in_pandya_emp_2","source":"cliopatria"},"geometry":{"type":"Polygon","coordinates":[[[79.32189713358214,10.81387730944359],[78.7206389105922,10.7781643915826],[78.0960378662894,10.93948332905089],[77.04239495453821,10.95160086487038],[76.52096153246927,10.53633690025429],[76.24330950544007,9.926596566834002],[76.54435672441629,8.878791186694475],[77.29459794410185,8.127648800239438],[77.5531545322657,8.06933131694545],[77.77227888637594,8.169673785387682],[78.09976861870875,8.382559072693194],[78.13921808978799,8.788856394997472],[78.29432780228059,9.003394914113855],[78.74943196424167,9.231449745845506],[79.17436894082343,9.288638935245142],[78.96732121938973,9.368205973977284],[78.92471194926868,9.574174562633127],[79.31037292763126,10.24501651407609],[79.88648624029955,10.30095600008071],[79.87245786975247,10.94995848491416],[79.32189713358214,10.81387730944359]]]}},{"type":"Feature","properties":{"name":"Zapotec Civilization","fromYear":602,"toYear":891,"type":"POLITY","areaKm2":8549.745872561878,"wikipedia":"Zapotec civilization","wikidata":"Q844750","seshatId":"mx_monte_alban_3_b_4","source":"cliopatria"},"geometry":{"type":"Polygon","coordinates":[[[-96.80126953125,16.614723205566406],[-96.6539077758789,16.614723205566406],[-96.63349151611328,16.486146926879883],[-95.97049713134766,16.486146926879883],[-95.86384582519531,16.743297576904297],[-95.7164535522461,16.743297576904297],[-95.75775146484375,17.000450134277344],[-95.90519714355469,17.000450134277344],[-96.09469604492188,17.257600784301758],[-96.68473815917969,17.257600784301758],[-96.78990173339844,17.000450134277344],[-97.01107788085938,17.000450134277344],[-96.96927642822266,16.743297576904297],[-96.81156158447266,16.67901039123535],[-96.80126953125,16.614723205566406]]]}},{"type":"Feature","properties":{"name":"Alodia","fromYear":602,"toYear":1501,"type":"POLITY","areaKm2":123780.40954186943,"wikipedia":"Alodia","wikidata":"Q449639","seshatId":"sd_alodia","source":"cliopatria"},"geometry":{"type":"Polygon","coordinates":[[[35.36795425415039,17.964767456054688],[35.50127029418945,17.643327713012695],[36.00331497192383,17.321889877319336],[36.05393600463867,16.807586669921875],[35.67131805419922,16.486146926879883],[34.71365737915039,16.486146926879883],[34.55558776855469,16.228994369506836],[34.68425369262695,15.77897834777832],[34.098121643066406,15.843266487121582],[33.86210632324219,15.457538604736328],[32.52862548828125,15.200387001037598],[32.533355712890625,15.328963279724121],[31.804903030395508,15.52182674407959],[31.5269718170166,15.971842765808105],[31.536441802978516,16.228994369506836],[31.39390754699707,16.35757064819336],[31.47713279724121,16.614723205566406],[31.20875358581543,17.321889877319336],[31.09493637084961,18.2219181060791],[31.097347259521484,18.286205291748047],[31.53569793701172,18.157629013061523],[33.23981475830078,18.286205291748047],[34.115421295166016,18.029054641723633],[34.48465347290039,18.029054641723633],[34.62678146362305,17.90047836303711],[35.29411697387695,17.964767456054688],[35.36795425415039,17.964767456054688]]]}},{"type":"Feature","properties":{"name":"Kingdom of Axum","fromYear":602,"toYear":805,"type":"POLITY","areaKm2":97003.90299438157,"wikipedia":"Kingdom of Aksum","wikidata":"Q139377","seshatId":"et_aksum_emp_3","source":"cliopatria"},"geometry":{"type":"MultiPolygon","coordinates":[[[[40.81897735595703,14.81466007232666],[41.39474105834961,14.55750846862793],[41.664764404296875,14.043206214904785],[42.378360748291016,13.593193054199219],[42.43741226196289,13.271754264831543],[42.217369079589844,13.271754264831543],[41.91841125488281,13.143178939819336],[41.91289520263672,13.014603614807129],[41.47023010253906,12.950316429138184],[41.3182258605957,12.821741104125977],[38.97229766845703,12.821741104125977],[38.39573287963867,13.07889175415039],[38.26165008544922,13.40032958984375],[38.114933013916016,13.40032958984375],[38.19594955444336,13.593193054199219],[37.999244689941406,14.171781539916992],[38.16780471801758,14.686083793640137],[38.62569046020508,15.07181167602539],[38.55794143676758,15.200387001037598],[38.77561569213867,15.136098861694336],[38.934417724609375,15.393251419067383],[39.15208435058594,15.328963279724121],[39.605472564697266,15.586114883422852],[39.73439025878906,15.200387001037598],[39.807918548583984,15.200387001037598],[39.82310485839844,15.52182674407959],[39.97023010253906,15.52182674407959],[40.310516357421875,14.943235397338867],[40.68106460571289,15.007523536682129],[40.821998596191406,14.878947257995605],[40.81897735595703,14.81466007232666]]],[[[38.39945983886719,14.943235397338867],[38.325958251953125,14.943235397338867],[38.32878875732422,15.007523536682129],[38.40229797363281,15.007523536682129],[38.39945983886719,14.943235397338867]]]]}},{"type":"Feature","properties":{"name":"Anurādhapura","fromYear":617,"toYear":1014,"type":"POLITY","areaKm2":73532.27500724063,"wikipedia":"Anurādhapura","wikidata":"Q5724","seshatId":"sl_anuradhapura_4","source":"cliopatria"},"geometry":{"type":"Polygon","coordinates":[[[81.2590103149414,8.643052101135254],[80.98698425292969,8.964489936828613],[80.99517059326172,9.09306526184082],[80.8531723022461,9.157352447509766],[80.86146545410156,9.285927772521973],[80.7195053100586,9.350214958190918],[80.72791290283203,9.478790283203125],[80.4398193359375,9.543078422546387],[80.52141571044922,9.671652793884277],[80.45260620117188,9.735940933227539],[79.87643432617188,9.86451530456543],[79.86360931396484,9.671652793884277],[80.0786361694336,9.607365608215332],[79.99295806884766,9.41450309753418],[80.04952239990234,9.157352447509766],[79.8062515258789,8.771627426147461],[79.76396942138672,8.06446361541748],[79.61796569824219,8.06446361541748],[79.60686492919922,7.871601104736328],[79.74190521240234,7.678738594055176],[79.75935363769531,6.650136470794678],[79.95211029052734,6.135835647583008],[80.23114776611328,5.878684997558594],[80.6685791015625,5.878684997558594],[81.33750915527344,6.135835647583008],[81.87792205810547,6.714424133300781],[81.91669464111328,7.421587944030762],[81.77438354492188,7.485875606536865],[81.65440368652344,7.935888767242432],[81.44681549072266,8.128751754760742],[81.39713287353516,8.514476776123047],[81.25503540039062,8.578764915466309],[81.2590103149414,8.643052101135254]]]}},{"type":"Feature","properties":{"name":"Chámpa","fromYear":641,"toYear":874,"type":"POLITY","areaKm2":77878.49000253103,"wikipedia":"Champa","wikidata":"Q216786","seshatId":null,"source":"cliopatria"},"geometry":{"type":"Polygon","coordinates":[[[107.48199462890625,16.87187385559082],[107.67310333251953,16.67901039123535],[107.65324401855469,16.550434112548828],[107.86437225341797,16.486146926879883],[107.84467315673828,16.35757064819336],[108.1392822265625,16.35757064819336],[108.33081817626953,16.16470718383789],[108.36572265625,15.907554626464844],[108.69552612304688,15.650403022766113],[108.67666625976562,15.52182674407959],[109.01643371582031,15.328963279724121],[108.97062683105469,15.007523536682129],[109.15530395507812,14.750371932983398],[109.17644500732422,14.364645004272461],[109.3543701171875,14.043206214904785],[109.33059692382812,13.271754264831543],[109.51193237304688,12.950316429138184],[109.46688079833984,12.564591407775879],[109.32029724121094,12.564591407775879],[109.22508239746094,12.37172794342041],[109.2141342163086,11.6002779006958],[109.0609359741211,11.535990715026855],[109.05421447753906,11.47170352935791],[108.62166595458984,11.535990715026855],[108.49552917480469,11.728853225708008],[108.13621520996094,11.793140411376953],[108.07671356201172,11.92171573638916],[108.09758758544922,12.114578247070312],[108.25114440917969,12.178865432739258],[108.35398864746094,13.07889175415039],[108.2381591796875,13.336042404174805],[108.27767181396484,13.657480239868164],[108.05786895751953,14.236069679260254],[108.07958221435547,14.943235397338867],[107.8950424194336,15.200387001037598],[107.67445373535156,15.200387001037598],[107.69268798828125,15.328963279724121],[107.55477142333984,15.393251419067383],[107.5639877319336,15.457538604736328],[107.29759979248047,15.650403022766113],[107.5016098022461,16.036130905151367],[107.1527328491211,16.16470718383789],[106.97059631347656,16.421857833862305],[106.68570709228516,16.486146926879883],[106.70530700683594,16.614723205566406],[106.56777954101562,16.67901039123535],[106.57764434814453,16.743297576904297],[106.54369354248047,17.000450134277344],[106.396240234375,17.000450134277344],[106.416259765625,17.129026412963867],[105.7695541381836,17.707616806030273],[105.77974700927734,17.77190399169922],[105.8740234375,17.90047836303711],[106.24317932128906,17.90047836303711],[106.29645538330078,17.77190399169922],[106.51790618896484,17.77190399169922],[106.59172058105469,17.77190399169922],[106.75170135498047,17.38617706298828],[107.10018157958984,17.257600784301758],[107.40828704833984,16.87187385559082],[107.48199462890625,16.87187385559082]]]}},{"type":"Feature","properties":{"name":"Brythons","fromYear":644,"toYear":859,"type":"POLITY","areaKm2":13277.651217967583,"wikipedia":"Celtic Britons","wikidata":"Q849967","seshatId":"gb_brythonic_k","source":"cliopatria"},"geometry":{"type":"MultiPolygon","coordinates":[[[[-4.832123279571533,51.64724349975586],[-5.078959941864014,51.580322265625],[-5.264270305633545,51.71418380737305],[-5.295889377593994,51.98215103149414],[-4.893810749053955,52.18334197998047],[-4.552989482879639,52.18334197998047],[-4.242120265960693,52.4518928527832],[-4.071356773376465,52.4518928527832],[-3.98597526550293,52.4518928527832],[-3.715342998504639,52.31757736206055],[-3.693760871887207,52.11625671386719],[-3.778922557830811,52.11625671386719],[-3.757387161254883,51.91512680053711],[-3.587324619293213,51.91512680053711],[-3.573238611221313,51.78114318847656],[-3.644089698791504,51.64724349975586],[-3.891522645950317,51.580322265625],[-3.97633957862854,51.580322265625],[-4.308269023895264,51.51342010498047],[-4.415247440338135,51.71418380737305],[-4.747263431549072,51.64724349975586],[-4.832123279571533,51.64724349975586]]],[[[-4.936679363250732,54.681121826171875],[-5.110523223876953,54.681121826171875],[-5.32801628112793,55.021148681640625],[-5.153679370880127,55.021148681640625],[-5.171102046966553,55.15733337402344],[-4.777467250823975,55.498252868652344],[-4.786076545715332,55.56651306152344],[-4.619466304779053,55.63479995727539],[-4.593943119049072,55.430015563964844],[-4.306667327880859,55.225467681884766],[-3.576861381530762,54.95309066772461],[-3.569097280502319,54.88506317138672],[-4.423340797424316,54.74907684326172],[-4.86665678024292,54.817054748535156],[-4.953676700592041,54.817054748535156],[-4.936679363250732,54.681121826171875]]]]}},{"type":"Feature","properties":{"name":"Haripuñjaya","fromYear":666,"toYear":1065,"type":"POLITY","areaKm2":143044.10062656912,"wikipedia":"Haripuñjaya","wikidata":"Q255931","seshatId":"th_haribhunjaya_k","source":"cliopatria"},"geometry":{"type":"Polygon","coordinates":[[[101.12089538574219,19.6362361907959],[100.87879180908203,19.507661819458008],[100.59262084960938,19.571949005126953],[100.48429107666016,19.8290958404541],[100.67224884033203,20.08624267578125],[100.53398132324219,20.150527954101562],[100.5538558959961,20.279102325439453],[100.42546081542969,20.40767478942871],[100.19312286376953,20.343387603759766],[100.21293640136719,20.471960067749023],[99.91633605957031,20.471960067749023],[99.60004425048828,20.343387603759766],[99.49642944335938,20.150527954101562],[99.19998931884766,20.150527954101562],[99.03221893310547,20.021955490112305],[99.00289154052734,19.8290958404541],[98.61306762695312,19.700523376464844],[98.11405181884766,19.8290958404541],[97.85322570800781,19.571949005126953],[97.78302001953125,18.607641220092773],[97.40392303466797,18.543354034423828],[97.38494110107422,18.414779663085938],[97.66152954101562,18.286205291748047],[97.77141571044922,18.029054641723633],[97.73381042480469,17.77190399169922],[98.12060546875,17.38617706298828],[98.10208129882812,17.257600784301758],[98.56305694580078,16.87187385559082],[98.57344818115234,16.421857833862305],[98.70291900634766,16.293283462524414],[98.93278503417969,16.35757064819336],[98.84132385253906,16.228994369506836],[98.83246612548828,16.16470718383789],[99.091796875,15.907554626464844],[99.91024780273438,15.971842765808105],[100.08419036865234,16.16470718383789],[100.21356964111328,16.036130905151367],[100.4344253540039,16.036130905151367],[100.55313110351562,16.35757064819336],[100.80160522460938,16.550434112548828],[100.8387222290039,16.807586669921875],[101.32820892333984,17.129026412963867],[101.33773803710938,17.193313598632812],[101.26399230957031,17.193313598632812],[101.36648559570312,17.38617706298828],[101.23820495605469,17.514753341674805],[101.016845703125,17.514753341674805],[101.24221801757812,18.029054641723633],[101.28155517578125,18.286205291748047],[101.1436538696289,18.350492477416992],[101.1733169555664,18.543354034423828],[101.34100341796875,18.67193031311035],[101.4108657836914,19.12194061279297],[101.19493865966797,19.6362361907959],[101.12089538574219,19.6362361907959]]]}},{"type":"Feature","properties":{"name":"Volga Bulgaria","fromYear":682,"toYear":1071,"type":"POLITY","areaKm2":44238.74979630367,"wikipedia":"Volga Bulgaria","wikidata":"Q185488","seshatId":null,"source":"cliopatria"},"geometry":{"type":"MultiPolygon","coordinates":[[[[51.378963470458984,55.90821838378906],[51.96921920776367,55.83982467651367],[52.03248596191406,55.77145767211914],[51.91096496582031,55.430015563964844],[51.998435974121094,55.430015563964844],[51.9022331237793,55.15733337402344],[51.569427490234375,54.95309066772461],[51.60944366455078,54.817054748535156],[51.348384857177734,54.817054748535156],[51.21492004394531,54.681121826171875],[50.387325286865234,54.545284271240234],[50.06245040893555,54.613189697265625],[49.670570373535156,54.47740173339844],[49.69272994995117,54.545284271240234],[48.324989318847656,54.613189697265625],[47.82331466674805,54.95309066772461],[47.82223129272461,55.225467681884766],[47.909549713134766,55.225467681884766],[48.32975387573242,56.25059127807617],[48.7972412109375,56.59365463256836],[49.98637390136719,56.45634460449219],[49.96261215209961,56.387733459472656],[50.29146194458008,56.319149017333984],[50.572059631347656,56.11355972290039],[51.4031982421875,55.97663879394531],[51.378963470458984,55.90821838378906]]],[[[51.16371154785156,56.04508590698242],[51.075782775878906,56.04508590698242],[51.09994125366211,56.11355972290039],[51.187923431396484,56.11355972290039],[51.16371154785156,56.04508590698242]]]]}},{"type":"Feature","properties":{"name":"Cyprus Condominium","fromYear":692,"toYear":874,"type":"POLITY","areaKm2":11437.482974276965,"wikipedia":"Cyprus","wikidata":"Q229","seshatId":null,"source":"cliopatria"},"geometry":{"type":"Polygon","coordinates":[[[34.309810638427734,35.708900451660156],[33.73737716674805,35.38706970214844],[32.886871337890625,35.38706970214844],[32.875247955322266,35.258358001708984],[32.55473709106445,35.12965774536133],[32.24578857421875,35.12965774536133],[32.229042053222656,34.93662643432617],[32.36665725708008,34.743614196777344],[33.04356002807617,34.55062484741211],[33.1320686340332,34.679283142089844],[33.523399353027344,34.743614196777344],[33.69539260864258,34.93662643432617],[34.08732223510742,35.00096893310547],[33.95713424682617,35.258358001708984],[34.5294189453125,35.58015823364258],[34.542076110839844,35.708900451660156],[34.38723373413086,35.708900451660156],[34.309810638427734,35.708900451660156]]]}},{"type":"Feature","properties":{"name":"Makuria","fromYear":692,"toYear":849,"type":"POLITY","areaKm2":212626.74904638308,"wikipedia":"Makuria","wikidata":"Q829356","seshatId":"sd_makuria_k_2","source":"cliopatria"},"geometry":{"type":"Polygon","coordinates":[[[33.84043502807617,22.143402099609375],[33.88322067260742,23.171995162963867],[33.80870819091797,23.171995162963867],[33.8225212097168,23.493436813354492],[33.67897033691406,23.622013092041016],[33.6817741394043,23.68630027770996],[33.38899612426758,23.814878463745117],[32.040863037109375,23.68630027770996],[31.670488357543945,23.75058937072754],[30.537214279174805,23.36486053466797],[30.534862518310547,23.30057144165039],[30.742036819458008,22.85055923461914],[30.72144317626953,22.271976470947266],[30.561492919921875,21.950544357299805],[30.63583755493164,21.950544357299805],[30.687862396240234,21.307680130004883],[30.762121200561523,21.307680130004883],[30.744239807128906,20.793392181396484],[30.81843376159668,20.793392181396484],[30.913742065429688,19.314802169799805],[30.987749099731445,19.314802169799805],[31.099760055541992,18.350492477416992],[31.097347259521484,18.286205291748047],[31.53569793701172,18.157629013061523],[33.23981475830078,18.286205291748047],[34.115421295166016,18.029054641723633],[34.48465347290039,18.029054641723633],[34.62678146362305,17.90047836303711],[35.29411697387695,17.964767456054688],[35.29697036743164,18.029054641723633],[35.157798767089844,18.2219181060791],[34.93901062011719,18.286205291748047],[34.87919235229492,18.607641220092773],[34.597408294677734,18.929079055786133],[34.468746185302734,19.379087448120117],[34.25754165649414,19.6362361907959],[33.81963348388672,21.629112243652344],[33.74533462524414,21.629112243652344],[33.835208892822266,22.014829635620117],[33.76346206665039,22.079116821289062],[33.83782196044922,22.079116821289062],[33.84043502807617,22.143402099609375]]]}},{"type":"Feature","properties":{"name":"Kingdom of Powys","fromYear":705,"toYear":859,"type":"POLITY","areaKm2":4315.867258870986,"wikipedia":"Kingdom of Powys","wikidata":"Q769782","seshatId":"gb_brythonic_k","source":"cliopatria"},"geometry":{"type":"Polygon","coordinates":[[[-3.98597526550293,52.4518928527832],[-3.715342998504639,52.31757736206055],[-3.693760871887207,52.11625671386719],[-2.927305936813354,52.11625671386719],[-2.869202375411987,52.38472366333008],[-3.03987717628479,52.38472366333008],[-3.139120101928711,52.51908493041992],[-3.074559926986694,52.720787048339844],[-3.274127721786499,52.99003219604492],[-3.617092370986938,52.99003219604492],[-3.695465803146362,52.92268753051758],[-3.573454856872559,52.586299896240234],[-3.744396448135376,52.586299896240234],[-3.737103223800659,52.51908493041992],[-3.822529315948486,52.51908493041992],[-3.907955646514893,52.51908493041992],[-3.900593519210815,52.4518928527832],[-3.98597526550293,52.4518928527832]]]}},{"type":"Feature","properties":{"name":"First Bulgarian Empire","fromYear":705,"toYear":805,"type":"POLITY","areaKm2":190199.12855378588,"wikipedia":"First Bulgarian Empire","wikidata":"Q203817","seshatId":"bg_bulgaria_early","source":"cliopatria"},"geometry":{"type":"Polygon","coordinates":[[[24.993898391723633,42.17123794555664],[24.914016723632812,42.17123794555664],[24.92445182800293,42.30118942260742],[24.545204162597656,42.56119155883789],[24.480533599853516,42.75628662109375],[24.079809188842773,42.75628662109375],[23.92942237854004,42.88639831542969],[23.6037654876709,42.82133865356445],[23.613454818725586,42.95146560668945],[23.12738037109375,42.88639831542969],[23.05647087097168,43.016544342041016],[22.8156795501709,43.016544342041016],[22.592878341674805,43.276947021484375],[22.195329666137695,43.342071533203125],[22.145523071289062,43.79821014404297],[21.988611221313477,43.86341094970703],[22.1676082611084,44.12431716918945],[22.104488372802734,44.38538360595703],[22.108917236328125,44.45067596435547],[22.36532974243164,44.64661407470703],[24.234304428100586,44.71194839477539],[24.325986862182617,44.842647552490234],[24.72614097595215,44.77729415893555],[26.453693389892578,45.03877639770508],[26.534912109375,45.03877639770508],[26.69735336303711,45.03877639770508],[26.79116439819336,45.169586181640625],[27.191125869750977,45.10417556762695],[27.773263931274414,45.23500442504883],[27.786672592163086,45.36587905883789],[28.037626266479492,45.431331634521484],[28.051286697387695,45.56227111816406],[28.28878402709961,45.496795654296875],[28.46567726135254,45.62776184082031],[28.657102584838867,45.889827728271484],[28.589677810668945,46.02093505859375],[28.671382904052734,46.02093505859375],[28.707326889038086,46.348915100097656],[28.632658004760742,46.414546966552734],[28.811044692993164,46.54585266113281],[28.7583065032959,46.808616638183594],[28.92251205444336,46.808616638183594],[28.959793090820312,47.13737487792969],[29.124338150024414,47.13737487792969],[29.31961441040039,47.4006233215332],[30.671463012695312,47.664100646972656],[33.633575439453125,47.598209381103516],[33.62398910522461,47.53233337402344],[34.036380767822266,47.53233337402344],[34.11886215209961,47.53233337402344],[34.079959869384766,47.26897048950195],[33.69384002685547,46.87434005737305],[32.918460845947266,46.61152267456055],[32.171756744384766,46.54585266113281],[32.180442810058594,46.61152267456055],[32.03373336791992,46.74290466308594],[31.787527084350586,46.74290466308594],[31.606428146362305,46.61152267456055],[30.87657928466797,46.677207946777344],[30.297666549682617,45.95537567138672],[30.044963836669922,45.889827728271484],[29.85890007019043,45.693260192871094],[29.614274978637695,45.693260192871094],[29.621288299560547,45.03877639770508],[29.525348663330078,44.908016204833984],[29.10519790649414,44.77729415893555],[29.024105072021484,44.77729415893555],[29.04557228088379,44.973392486572266],[28.802005767822266,44.973392486572266],[28.84072494506836,44.58129119873047],[28.576906204223633,44.38538360595703],[28.53555679321289,43.99384307861328],[28.616275787353516,43.99384307861328],[28.48109245300293,43.472347259521484],[28.159194946289062,43.472347259521484],[28.22636604309082,43.342071533203125],[28.06553840637207,43.342071533203125],[27.985124588012695,43.342071533203125],[27.73743438720703,43.276947021484375],[27.718164443969727,43.08163070678711],[27.71177101135254,43.016544342041016],[27.792034149169922,43.016544342041016],[27.78562355041504,42.95146560668945],[27.86585807800293,42.95146560668945],[27.859432220458984,42.88639831542969],[27.8530216217041,42.82133865356445],[27.84662628173828,42.75628662109375],[27.766481399536133,42.75628662109375],[27.532323837280273,42.82133865356445],[27.328767776489258,42.36617660522461],[25.798250198364258,42.236209869384766],[25.462411880493164,42.041324615478516],[25.222936630249023,42.041324615478516],[25.212387084960938,41.911441802978516],[24.973085403442383,41.911441802978516],[24.9782657623291,41.97637939453125],[25.01010075747991,42.041324615478516],[24.983463287353516,42.041324615478516],[24.98867416381836,42.10627746582031],[24.993898391723633,42.17123794555664]]]}},{"type":"Feature","properties":{"name":"Republic of Venice","fromYear":705,"toYear":859,"type":"POLITY","areaKm2":2639.522039605197,"wikipedia":"Republic of Venice","wikidata":"Q4948","seshatId":null,"source":"cliopatria"},"geometry":{"type":"MultiPolygon","coordinates":[[[[13.547340393066406,45.496795654296875],[13.628785133361816,45.496795654296875],[13.945749282836914,45.03877639770508],[13.944485664367676,44.973392486572266],[13.943220138549805,44.908016204833984],[13.86206340789795,44.908016204833984],[13.780906677246094,44.908016204833984],[13.782108306884766,44.973392486572266],[13.783308029174805,45.03877639770508],[13.702088356018066,45.03877639770508],[13.547340393066406,45.496795654296875]]],[[[12.818355560302734,45.82429504394531],[12.9815673828125,45.82429504394531],[13.060476303100586,45.62776184082031],[12.816752433776855,45.693260192871094],[12.652192115783691,45.56227111816406],[12.162785530090332,45.496795654296875],[12.080306053161621,45.36587905883789],[11.998926162719727,45.36587905883789],[12.000378608703613,45.56227111816406],[12.164421081542969,45.693260192871094],[12.736748695373535,45.82429504394531],[12.818355560302734,45.82429504394531]]]]}},{"type":"Feature","properties":{"name":"Kingdom of Gwynedd","fromYear":705,"toYear":859,"type":"POLITY","areaKm2":6363.471777266053,"wikipedia":"Kingdom of Gwynedd","wikidata":"Q816814","seshatId":"gb_brythonic_k","source":"cliopatria"},"geometry":{"type":"Polygon","coordinates":[[[-3.744396448135376,52.586299896240234],[-3.573454856872559,52.586299896240234],[-3.695465803146362,52.92268753051758],[-3.617092370986938,52.99003219604492],[-3.274127721786499,52.99003219604492],[-3.489411115646362,53.39456558227539],[-3.575427770614624,53.39456558227539],[-4.162125587463379,53.25962829589844],[-4.271347522735596,53.462066650390625],[-4.701662540435791,53.462066650390625],[-4.669717311859131,53.192195892333984],[-4.490120410919189,53.124786376953125],[-4.809510231018066,52.92268753051758],[-4.793659210205078,52.78806686401367],[-4.29533576965332,52.92268753051758],[-4.156738758087158,52.4518928527832],[-3.737103223800659,52.51908493041992],[-3.744396448135376,52.586299896240234]]]}},{"type":"Feature","properties":{"name":"Classic Veracruz Culture","fromYear":705,"toYear":1110,"type":"POLITY","areaKm2":18503.86264131689,"wikipedia":"Classic Veracruz culture","wikidata":"Q2379418","seshatId":null,"source":"cliopatria"},"geometry":{"type":"Polygon","coordinates":[[[-95.88093566894531,18.607641220092773],[-95.80701446533203,18.607641220092773],[-95.78933715820312,18.929079055786133],[-96.25057983398438,19.443374633789062],[-96.29676055908203,19.700523376464844],[-96.70980834960938,20.343387603759766],[-96.86986541748047,20.40767478942871],[-97.15462493896484,20.343387603759766],[-97.13103485107422,20.214815139770508],[-97.3533935546875,20.214815139770508],[-97.24396514892578,20.021955490112305],[-97.25946044921875,19.700523376464844],[-97.0648193359375,19.443374633789062],[-97.1041030883789,19.25051498413086],[-96.82474517822266,18.929079055786133],[-96.68274688720703,18.543354034423828],[-95.86974334716797,18.543354034423828],[-95.88093566894531,18.607641220092773]]]}},{"type":"Feature","properties":{"name":"Cornwall","fromYear":710,"toYear":935,"type":"POLITY","areaKm2":4538.456605881191,"wikipedia":"Cornwall","wikidata":"Q23148","seshatId":"gb_brythonic_k","source":"cliopatria"},"geometry":{"type":"Polygon","coordinates":[[[-5.600617408752441,50.2459831237793],[-5.279601097106934,50.37908172607422],[-5.133819580078125,50.578861236572266],[-4.881234169006348,50.578861236572266],[-4.742156982421875,50.84549331665039],[-4.657799243927002,50.84549331665039],[-4.306077480316162,50.71213912963867],[-4.270704746246338,50.37908172607422],[-4.354779243469238,50.37908172607422],[-4.928657054901123,50.2459831237793],[-5.151133060455322,49.98000717163086],[-5.745615005493164,50.04647445678711],[-5.768607616424561,50.2459831237793],[-5.68461275100708,50.2459831237793],[-5.600617408752441,50.2459831237793]]]}},{"type":"Feature","properties":{"name":"Srivijaya","fromYear":718,"toYear":859,"type":"POLITY","areaKm2":537552.6573743625,"wikipedia":"Srivijaya","wikidata":"Q234197","seshatId":null,"source":"cliopatria"},"geometry":{"type":"MultiPolygon","coordinates":[[[[108.18035888671875,-2.671565055847168],[108.12416076660156,-3.185865879058838],[107.46874237060547,-3.185865879058838],[107.45027923583984,-2.607277393341064],[107.5230941772461,-2.607277393341064],[107.52116394042969,-2.542989730834961],[108.03083801269531,-2.542989730834961],[108.18035888671875,-2.671565055847168]]],[[[101.62358856201172,-2.542989730834961],[101.69639587402344,-2.542989730834961],[101.6982192993164,-2.607277393341064],[101.62540435791016,-2.607277393341064],[101.62358856201172,-2.542989730834961]]],[[[106.58443450927734,-2.864427804946899],[106.80288696289062,-2.864427804946899],[106.80907440185547,-3.05729079246521],[106.44921112060547,-3.185865879058838],[105.78146362304688,-2.800140142440796],[105.77001953125,-2.414414644241333],[105.61727142333984,-2.157264232635498],[105.10765838623047,-2.157264232635498],[104.95699310302734,-1.964401364326477],[105.24491882324219,-1.83582615852356],[105.23716735839844,-1.514388203620911],[105.60416412353516,-1.642963409423828],[105.60112762451172,-1.514388203620911],[105.96508026123047,-1.514388203620911],[106.20686340332031,-2.414414644241333],[106.72217559814453,-2.607277393341064],[106.72411346435547,-2.671565055847168],[106.5804443359375,-2.735852479934692],[106.58443450927734,-2.864427804946899]]],[[[101.61289978027344,1.76427698135376],[101.68091583251953,1.635701775550842],[102.40647888183594,1.571414232254028],[102.39044952392578,1.121401190757751],[102.82716369628906,1.121401190757751],[103.11170959472656,0.928538501262665],[103.10741424560547,0.799963414669037],[102.96185302734375,0.799963414669037],[102.94943237304688,0.414238125085831],[103.09905242919922,0.542813181877136],[103.3173828125,0.542813181877136],[103.74205017089844,0.15708801150322],[103.75341033935547,-0.035774555057287],[103.39151000976562,-0.164349600672722],[103.61084747314453,-0.228637129068375],[103.61294555664062,-0.35721218585968],[103.32291412353516,-0.421499729156494],[103.32862854003906,-0.742937445640564],[103.6247329711914,-1.00008761882782],[104.20700073242188,-1.00008761882782],[104.35655975341797,-1.192950367927551],[104.52020263671875,-1.964401364326477],[104.81305694580078,-2.028688907623291],[104.81993865966797,-2.285839319229126],[105.47697448730469,-2.350126981735229],[105.63583374023438,-2.800140142440796],[106.00804901123047,-3.05729079246521],[105.94596099853516,-3.378728866577148],[105.73420715332031,-3.57159161567688],[105.89405059814453,-3.957317352294922],[105.75579833984375,-4.150180339813232],[105.85237121582031,-4.728769302368164],[105.77951049804688,-4.728769302368164],[105.68770599365234,-5.885946750640869],[105.39286041259766,-5.821659088134766],[105.23445892333984,-5.564508438110352],[105.17095947265625,-5.757371425628662],[104.80644989013672,-5.757371425628662],[104.5055160522461,-5.564508438110352],[104.59733581542969,-5.950234413146973],[104.302490234375,-5.885946750640869],[104.14104461669922,-5.564508438110352],[103.9952621459961,-5.564508438110352],[103.76461029052734,-5.307357788085938],[103.7587890625,-5.17878246307373],[102.63324737548828,-4.407330989837646],[102.18140411376953,-4.021605014801025],[102.09700012207031,-3.700166940689087],[101.8740463256836,-3.57159161567688],[101.93209838867188,-3.121578216552734],[101.70005798339844,-2.671565055847168],[101.76920318603516,-2.542989730834961],[101.53076171875,-1.771538615226746],[101.38671112060547,-1.83582615852356],[101.38069152832031,-1.578675746917725],[101.07856750488281,-1.064375281333923],[100.93173217773438,-1.00008761882782],[100.62911987304688,-0.35721218585968],[99.9616470336914,0.285663068294525],[99.82605743408203,0.60710072517395],[99.67847442626953,0.542813181877136],[99.76583862304688,0.992826044559479],[99.49019622802734,1.442839026451111],[99.59683990478516,2.342865228652954],[99.83098602294922,2.728590965270996],[100.11956787109375,2.664303302764893],[100.11426544189453,2.535728216171265],[100.26252746582031,2.600015640258789],[100.3926010131836,2.214290142059326],[100.53568267822266,2.150002479553223],[100.68128967285156,2.150002479553223],[100.68892669677734,2.342865228652954],[100.90734100341797,2.342865228652954],[101.25869750976562,2.021427392959595],[101.33399200439453,2.085714817047119],[101.40679168701172,2.085714817047119],[101.69799041748047,2.085714817047119],[101.6856918334961,1.76427698135376],[101.61289978027344,1.76427698135376]]],[[[104.55367279052734,0.028512962162495],[104.9207992553711,-0.228637129068375],[104.92291259765625,-0.35721218585968],[104.41241455078125,-0.292924642562866],[104.48625946044922,-0.35721218585968],[104.41913604736328,-0.67864990234375],[104.12684631347656,-0.614362359046936],[104.12237548828125,-0.35721218585968],[104.26792907714844,-0.35721218585968],[104.2668685913086,-0.292924642562866],[104.33963775634766,-0.292924642562866],[104.3353500366211,0.028512962162495],[104.55367279052734,0.028512962162495]]],[[[103.18233489990234,0.864250957965851],[103.40068054199219,0.864250957965851],[103.39641571044922,0.735675871372223],[103.3943099975586,0.671388268470764],[103.17597198486328,0.671388268470764],[103.18233489990234,0.864250957965851]]],[[[104.21234130859375,1.185688734054565],[104.57401275634766,1.121401190757751],[104.4902572631836,0.799963414669037],[104.34469604492188,0.799963414669037],[104.27623748779297,0.928538501262665],[104.20345306396484,0.928538501262665],[104.13066864013672,0.928538501262665],[104.21234130859375,1.185688734054565]]],[[[103.77337646484375,1.121401190757751],[103.9234619140625,1.249976277351379],[104.06676483154297,1.185688734054565],[104.06228637695312,1.057113647460938],[104.06007385253906,0.992826044559479],[103.76675415039062,0.928538501262665],[103.77337646484375,1.121401190757751]]],[[[100.46891784667969,7.678738594055176],[100.3825912475586,7.485875606536865],[100.52853393554688,7.485875606536865],[100.50678253173828,7.164437294006348],[100.65270233154297,7.164437294006348],[100.85457611083984,6.907287120819092],[101.51110076904297,6.907287120819092],[101.84274291992188,6.392985820770264],[102.34117889404297,6.200123310089111],[102.40226745605469,6.007260322570801],[103.16619873046875,5.364383697509766],[103.48124694824219,4.464356899261475],[103.36668395996094,3.628617763519287],[103.4043960571289,2.857166290283203],[103.82755279541016,2.535728216171265],[103.96255493164062,2.27857780456543],[103.95481872558594,2.085714817047119],[104.23108673095703,1.699989318847656],[104.14411163330078,1.314263939857483],[103.27066040039062,1.314263939857483],[103.27527618408203,1.442839026451111],[103.06398010253906,1.635701775550842],[102.63202667236328,1.76427698135376],[102.35320281982422,2.085714817047119],[101.9917221069336,2.150002479553223],[101.71080780029297,2.407152891159058],[101.71607971191406,2.535728216171265],[101.42749786376953,2.600015640258789],[101.2171630859375,2.7928786277771],[101.23393249511719,3.178604364395142],[100.81448364257812,3.564330101013184],[100.48112487792969,4.207206249237061],[100.5107650756836,4.785795211791992],[100.23651123046875,5.10723352432251],[100.2840347290039,5.942972660064697],[100.01564025878906,6.328698635101318],[100.027587890625,6.521561145782471],[99.6103286743164,6.842999458312988],[99.62703704833984,7.100150108337402],[99.48112487792969,7.100150108337402],[99.49390411376953,7.293012619018555],[99.27500915527344,7.293012619018555],[99.22378540039062,7.614450931549072],[98.936279296875,7.678738594055176],[98.95419311523438,7.935888767242432],[98.67129516601562,8.06446361541748],[98.61675262451172,8.321614265441895],[98.4707260131836,8.321614265441895],[98.38385009765625,8.128751754760742],[98.43426513671875,7.807313442230225],[98.21086883544922,7.743025779724121],[98.242431640625,8.193038940429688],[98.11031341552734,8.385902404785156],[98.12919616699219,8.643052101135254],[98.33967590332031,9.478790283203125],[98.55890655517578,9.478790283203125],[98.72587585449219,9.735940933227539],[99.17505645751953,9.86451530456543],[99.34225463867188,9.221640586853027],[99.64473724365234,9.350214958190918],[99.93186950683594,9.285927772521973],[99.95985412597656,8.707340240478516],[100.08655548095703,8.450189590454102],[100.15957641601562,8.450189590454102],[100.30083465576172,8.385902404785156],[100.33651733398438,7.871601104736328],[100.46891784667969,7.678738594055176]]],[[[99.8658676147461,6.264410972595215],[99.64710235595703,6.264410972595215],[99.6510238647461,6.328698635101318],[99.58204650878906,6.392985820770264],[99.88172912597656,6.521561145782471],[99.8658676147461,6.264410972595215]]]]}},{"type":"Feature","properties":{"name":"Lavo Kingdom","fromYear":718,"toYear":805,"type":"POLITY","areaKm2":126451.4490707353,"wikipedia":"Lavo Kingdom","wikidata":"Q1332305","seshatId":"th_lavo_k_1","source":"cliopatria"},"geometry":{"type":"Polygon","coordinates":[[[101.60604858398438,15.457538604736328],[101.67092895507812,15.393251419067383],[101.52383422851562,15.393251419067383],[101.50662231445312,15.26467514038086],[101.61975860595703,15.007523536682129],[101.55403900146484,14.493220329284668],[101.97077178955078,14.300357818603516],[101.87371826171875,14.107494354248047],[101.86593627929688,14.043206214904785],[101.68081665039062,13.07889175415039],[101.81324768066406,12.950316429138184],[101.78524780273438,12.69316577911377],[101.71195220947266,12.69316577911377],[101.5516128540039,12.564591407775879],[100.82551574707031,12.628878593444824],[100.99075317382812,13.464617729187012],[100.63125610351562,13.528904914855957],[100.10314178466797,13.40032958984375],[100.11993408203125,12.886029243469238],[100.02605438232422,12.69316577911377],[99.89310455322266,12.821741104125977],[99.59986877441406,12.821741104125977],[99.19452667236328,13.143178939819336],[99.17839050292969,13.657480239868164],[99.06112670898438,13.914630889892578],[98.40312957763672,14.55750846862793],[98.4188461303711,14.686083793640137],[98.16484832763672,15.007523536682129],[98.19756317138672,15.26467514038086],[98.5903091430664,15.457538604736328],[98.59400939941406,16.036130905151367],[98.75883483886719,16.16470718383789],[98.83246612548828,16.16470718383789],[99.091796875,15.907554626464844],[99.91024780273438,15.971842765808105],[100.08419036865234,16.16470718383789],[100.21356964111328,16.036130905151367],[100.4344253540039,16.036130905151367],[100.55313110351562,16.35757064819336],[100.80160522460938,16.550434112548828],[100.8387222290039,16.807586669921875],[101.32820892333984,17.129026412963867],[101.40194702148438,17.129026412963867],[101.61363220214844,17.06473731994629],[102.00146484375,17.193313598632812],[102.32228088378906,16.87187385559082],[101.6147689819336,15.52182674407959],[101.60604858398438,15.457538604736328]]]}},{"type":"Feature","properties":{"name":"Turk Shahis","fromYear":718,"toYear":849,"type":"POLITY","areaKm2":304553.1401768364,"wikipedia":"Kabul Shahi","wikidata":"Q654380","seshatId":null,"source":"cliopatria"},"geometry":{"type":"Polygon","coordinates":[[[71.37123107910156,36.2239875793457],[72.18833923339844,36.67487716674805],[72.26608276367188,36.67487716674805],[72.3352279663086,36.932613372802734],[71.89447021484375,36.73930740356445],[71.58341979980469,36.73930740356445],[71.47911071777344,36.932613372802734],[70.24481964111328,36.67487716674805],[69.00096130371094,36.67487716674805],[68.59612274169922,36.61045455932617],[68.48634338378906,36.48161697387695],[67.80307006835938,36.5460319519043],[67.0726089477539,36.417205810546875],[66.90264892578125,36.03080368041992],[66.71727752685547,35.902034759521484],[66.36996459960938,35.065311431884766],[65.9326400756836,34.48630142211914],[64.74481201171875,33.971771240234375],[64.35743713378906,33.5859489440918],[64.25321197509766,33.07160949707031],[64.32982635498047,33.07160949707031],[64.27862548828125,32.81447219848633],[64.35517120361328,32.81447219848633],[64.2155532836914,32.493072509765625],[64.20536041259766,32.043148040771484],[64.28169250488281,32.043148040771484],[64.24940490722656,31.464719772338867],[64.32557678222656,31.464719772338867],[64.46001434326172,30.950578689575195],[64.58895874023438,30.822044372558594],[65.62966918945312,30.69350814819336],[66.34252166748047,30.436433792114258],[67.165771484375,30.372163772583008],[67.17755126953125,30.436433792114258],[67.56344604492188,31.271915435791016],[68.33734893798828,31.336183547973633],[69.08743286132812,31.65752601623535],[69.292724609375,31.91460609436035],[69.33792877197266,32.493072509765625],[69.54618072509766,32.75019073486328],[69.53977966308594,33.07160949707031],[70.2580337524414,33.20018768310547],[70.31597137451172,33.45735549926758],[70.17707824707031,33.52165222167969],[70.20632934570312,33.65024948120117],[69.92847442626953,33.77885055541992],[69.98755645751953,34.03607940673828],[70.72654724121094,33.90746307373047],[71.18670654296875,34.22901916503906],[71.1557388305664,34.42197799682617],[71.01707458496094,34.48630142211914],[71.04795837402344,34.614952087402344],[71.51179504394531,34.93662643432617],[71.6846694946289,35.32271194458008],[71.60736846923828,35.32271194458008],[71.65575408935547,35.51579284667969],[71.5172119140625,35.58015823364258],[71.5497055053711,35.708900451660156],[71.22772979736328,35.9664192199707],[71.35466003417969,36.15959167480469],[71.37123107910156,36.2239875793457]]]}},{"type":"Feature","properties":{"name":"Galuh Kingdom","fromYear":741,"toYear":824,"type":"POLITY","areaKm2":35753.686349790376,"wikipedia":"Galuh Kingdom","wikidata":"Q5519387","seshatId":null,"source":"cliopatria"},"geometry":{"type":"Polygon","coordinates":[[[108.8724365234375,-6.78597354888916],[108.50399017333984,-6.721685886383057],[108.25991821289062,-6.271672248840332],[107.5272445678711,-6.207384586334229],[107.37120056152344,-6.014522075653076],[106.85420227050781,-5.885946750640869],[106.85749816894531,-5.950234413146973],[107.00664520263672,-6.014522075653076],[107.01681518554688,-6.207384586334229],[107.24601745605469,-6.400247573852539],[107.26770782470703,-6.78597354888916],[107.4940185546875,-6.914548873901367],[107.497802734375,-6.978836059570312],[107.3143081665039,-7.557425022125244],[107.38728332519531,-7.557425022125244],[108.13792419433594,-7.878862857818604],[108.78215026855469,-7.685999870300293],[109.82108306884766,-7.943150520324707],[109.89408111572266,-7.943150520324707],[110.01444244384766,-7.557425022125244],[109.49128723144531,-7.364562034606934],[109.40232849121094,-7.10741138458252],[109.25250244140625,-7.043123722076416],[109.2409439086914,-6.850261211395264],[109.16799926757812,-6.850261211395264],[109.1642074584961,-6.78597354888916],[109.09126281738281,-6.78597354888916],[109.01832580566406,-6.78597354888916],[108.94538116455078,-6.78597354888916],[108.8724365234375,-6.78597354888916]]]}},{"type":"Feature","properties":{"name":"Mataram Kingdom","fromYear":741,"toYear":1002,"type":"POLITY","areaKm2":59609.689678324154,"wikipedia":"Mataram Kingdom","wikidata":"Q402580","seshatId":"id_medang_k","source":"cliopatria"},"geometry":{"type":"Polygon","coordinates":[[[112.61239624023438,-7.10741138458252],[112.71458435058594,-7.557425022125244],[113.01515197753906,-7.685999870300293],[112.95095825195312,-7.8145751953125],[113.12877655029297,-8.264588356018066],[112.85083770751953,-8.457450866699219],[110.64639282226562,-8.264588356018066],[109.89845275878906,-8.007437705993652],[109.89408111572266,-7.943150520324707],[110.01444244384766,-7.557425022125244],[109.49128723144531,-7.364562034606934],[109.40232849121094,-7.10741138458252],[109.25250244140625,-7.043123722076416],[109.2409439086914,-6.850261211395264],[109.31388854980469,-6.850261211395264],[110.33898162841797,-6.914548873901367],[110.53135681152344,-6.464535236358643],[110.89232635498047,-6.400247573852539],[111.05307006835938,-6.657398223876953],[111.48690795898438,-6.59311056137085],[111.64424133300781,-6.78597354888916],[111.93600463867188,-6.78597354888916],[112.16267395019531,-6.914548873901367],[112.5234603881836,-6.850261211395264],[112.60835266113281,-7.043123722076416],[112.61239624023438,-7.10741138458252]]]}},{"type":"Feature","properties":{"name":"Sunda Kingdom","fromYear":741,"toYear":824,"type":"POLITY","areaKm2":26861.072316564205,"wikipedia":"Sunda Kingdom","wikidata":"Q1469742","seshatId":null,"source":"cliopatria"},"geometry":{"type":"Polygon","coordinates":[[[107.4940185546875,-6.914548873901367],[107.26770782470703,-6.78597354888916],[107.24601745605469,-6.400247573852539],[107.01681518554688,-6.207384586334229],[107.00664520263672,-6.014522075653076],[106.85749816894531,-5.950234413146973],[106.86082458496094,-6.014522075653076],[106.64543914794922,-6.078809261322021],[106.49295806884766,-5.950234413146973],[105.90641784667969,-5.885946750640869],[105.69756317138672,-6.078809261322021],[105.64512634277344,-6.464535236358643],[105.42984771728516,-6.528822898864746],[105.37486267089844,-6.850261211395264],[105.8854751586914,-6.850261211395264],[106.3343734741211,-7.043123722076416],[106.28465270996094,-7.428849697113037],[106.43457794189453,-7.493137359619141],[107.2413330078125,-7.557425022125244],[107.3143081665039,-7.557425022125244],[107.497802734375,-6.978836059570312],[107.4940185546875,-6.914548873901367]]]}},{"type":"Feature","properties":{"name":"Kingdom of Northumbria","fromYear":750,"toYear":865,"type":"POLITY","areaKm2":43592.58574562489,"wikipedia":"Northumbria","wikidata":"Q107299","seshatId":"gb_anglo_saxon_1","source":"cliopatria"},"geometry":{"type":"Polygon","coordinates":[[[-1.112112164497375,54.681121826171875],[-1.285956144332886,54.681121826171875],[-1.398887872695923,54.95309066772461],[-1.486006855964661,54.95309066772461],[-1.633551597595215,55.56651306152344],[-2.01904296875,55.90821838378906],[-2.656256437301636,56.11355972290039],[-3.176331996917725,56.04508590698242],[-3.26426100730896,56.04508590698242],[-3.783684492111206,55.97663879394531],[-3.384954214096069,55.56651306152344],[-3.361621379852295,55.36180877685547],[-3.186784505844116,55.36180877685547],[-3.084213972091675,55.225467681884766],[-3.06163477897644,55.021148681640625],[-3.402623414993286,54.95309066772461],[-3.394958257675171,54.88506317138672],[-3.648374080657959,54.817054748535156],[-3.704231739044189,54.545284271240234],[-3.617407321929932,54.545284271240234],[-3.586766958236694,54.27390670776367],[-3.319409608840942,54.20612335205078],[-3.304538726806641,54.07062530517578],[-2.96582555770874,54.138362884521484],[-3.196035623550415,53.86756134033203],[-3.095205545425415,53.732303619384766],[-3.159731149673462,53.52959060668945],[-3.152528285980225,53.462066650390625],[-2.880269289016724,53.32708740234375],[-2.53638768196106,53.32708740234375],[-1.702297329902649,53.597137451171875],[-1.332802772521973,53.32708740234375],[-1.16086208820343,53.32708740234375],[-1.093101859092712,53.52959060668945],[-0.748663604259491,53.52959060668945],[-0.680205345153809,53.732303619384766],[0.015318141318858,53.664710998535156],[0.009794717654586,53.732303619384766],[-0.393139123916626,54.4095458984375],[-0.671433329582214,54.613189697265625],[-1.105798840522766,54.613189697265625],[-1.112112164497375,54.681121826171875]]]}},{"type":"Feature","properties":{"name":"Strathclyde","fromYear":750,"toYear":869,"type":"POLITY","areaKm2":9447.54229995161,"wikipedia":"Strathclyde","wikidata":"Q124661","seshatId":"gb_brythonic_k","source":"cliopatria"},"geometry":{"type":"Polygon","coordinates":[[[-3.402623414993286,54.95309066772461],[-3.06163477897644,55.021148681640625],[-3.084213972091675,55.225467681884766],[-3.186784505844116,55.36180877685547],[-3.361621379852295,55.36180877685547],[-3.384954214096069,55.56651306152344],[-3.783684492111206,55.97663879394531],[-3.959438800811768,55.97663879394531],[-4.248361110687256,56.182064056396484],[-4.864589691162109,56.182064056396484],[-4.846980571746826,56.04508590698242],[-4.838211059570312,55.97663879394531],[-5.005115509033203,55.90821838378906],[-4.978706836700439,55.70311737060547],[-4.794708251953125,55.63479995727539],[-4.786076545715332,55.56651306152344],[-4.619466304779053,55.63479995727539],[-4.593943119049072,55.430015563964844],[-4.306667327880859,55.225467681884766],[-3.576861381530762,54.95309066772461],[-3.489742517471313,54.95309066772461],[-3.402623414993286,54.95309066772461]]]}},{"type":"Feature","properties":{"name":"Dál Riata","fromYear":750,"toYear":839,"type":"POLITY","areaKm2":59788.71330150042,"wikipedia":"Dál Riata","wikidata":"Q111471","seshatId":"gb_dal_riata","source":"cliopatria"},"geometry":{"type":"MultiPolygon","coordinates":[[[[-6.187198638916016,55.56651306152344],[-6.362338542938232,55.56651306152344],[-6.381457328796387,55.70311737060547],[-6.556801319122314,55.70311737060547],[-6.585977554321289,55.90821838378906],[-5.89273738861084,55.97663879394531],[-5.874032020568848,55.83982467651367],[-6.127885818481445,55.77145767211914],[-6.118441581726074,55.70311737060547],[-6.187198638916016,55.56651306152344]]],[[[-1.852917313575745,57.696231842041016],[-1.823600172996521,57.41988754272461],[-2.075707674026489,57.28189468383789],[-2.208682298660278,56.86860656738281],[-2.532599925994873,56.59365463256836],[-2.789952516555786,56.524986267089844],[-2.671310901641846,56.25059127807617],[-3.27212119102478,56.11355972290039],[-3.26426100730896,56.04508590698242],[-3.783684492111206,55.97663879394531],[-3.959438800811768,55.97663879394531],[-4.248361110687256,56.182064056396484],[-4.864589691162109,56.182064056396484],[-4.846980571746826,56.04508590698242],[-4.934909343719482,56.04508590698242],[-4.996289253234863,55.83982467651367],[-5.444243907928467,55.90821838378906],[-5.426101684570312,55.77145767211914],[-5.162932395935059,55.77145767211914],[-5.118756771087646,55.430015563964844],[-5.381163120269775,55.430015563964844],[-5.574207305908203,55.56651306152344],[-5.547083854675293,55.36180877685547],[-5.887563228607178,55.29362487792969],[-5.855425834655762,55.70311737060547],[-5.689270496368408,55.77145767211914],[-5.814198017120361,56.04508590698242],[-5.656883716583252,56.182064056396484],[-5.684883117675781,56.387733459472656],[-6.116209983825684,56.319149017333984],[-6.341366291046143,56.662349700927734],[-5.987764835357666,56.662349700927734],[-5.908953666687012,56.731075286865234],[-5.957282066345215,57.07511901855469],[-5.700699329376221,57.14401626586914],[-5.729594707489014,57.35087585449219],[-5.917263507843018,57.41988754272461],[-5.887243270874023,57.8345832824707],[-5.728240966796875,57.97305679321289],[-5.459936618804932,57.97305679321289],[-5.418947219848633,58.31977081298828],[-5.239514827728271,58.31977081298828],[-5.258847236633301,58.45867156982422],[-5.169017314910889,58.45867156982422],[-5.198037147521973,58.66725540161133],[-4.019067287445068,58.59769821166992],[-3.676762819290161,58.73685073852539],[-3.136410236358643,58.73685073852539],[-3.021383285522461,58.528167724609375],[-3.428223133087158,58.180992126464844],[-4.118414402008057,57.97305679321289],[-3.930825471878052,57.903804779052734],[-3.994018077850342,57.696231842041016],[-3.726380348205566,57.696231842041016],[-3.734920263290405,57.7653923034668],[-1.852917313575745,57.696231842041016]]],[[[-5.996408939361572,57.35087585449219],[-5.967024803161621,57.14401626586914],[-6.410901069641113,57.14401626586914],[-6.618975639343262,57.35087585449219],[-6.796852111816406,57.35087585449219],[-6.738846778869629,57.55800247192383],[-6.471539974212646,57.55800247192383],[-6.502223968505859,57.7653923034668],[-6.323688507080078,57.7653923034668],[-6.214268684387207,57.62710189819336],[-6.204233169555664,57.55800247192383],[-5.996408939361572,57.35087585449219]]],[[[-3.531404256820679,59.015533447265625],[-3.441113948822021,59.015533447265625],[-3.376785039901733,59.22488784790039],[-3.195853710174561,59.22488784790039],[-3.088408470153809,59.08528518676758],[-2.809081315994263,59.015533447265625],[-2.792584657669067,58.876129150390625],[-2.972933053970337,58.876129150390625],[-3.063107252120972,58.876129150390625],[-3.415184020996094,58.80647277832031],[-3.531404256820679,59.015533447265625]]],[[[-2.842337846755981,59.294734954833984],[-2.578956842422485,59.36461639404297],[-2.562593460083008,59.22488784790039],[-2.653059244155884,59.22488784790039],[-2.644851207733154,59.15507125854492],[-2.825665473937988,59.15507125854492],[-2.842337846755981,59.294734954833984]]]]}},{"type":"Feature","properties":{"name":"Kamarupa Kingdom","fromYear":751,"toYear":824,"type":"POLITY","areaKm2":91250.86365946494,"wikipedia":"Kamarupa","wikidata":"Q1194765","seshatId":"in_kamarupa_k","source":"cliopatria"},"geometry":{"type":"Polygon","coordinates":[[[89.51115407459375,25.637411148880034],[89.57087238775183,25.523696869127658],[90.05525426114501,25.34392853009993],[92.95491013337542,25.163892647720797],[94.2289008140808,25.703196295350487],[94.81944857753275,26.30551662854554],[95.32373655531197,26.61441095727138],[94.60711679741522,27.65368548322278],[94.34170207226825,27.724191572411957],[93.51228105618404,27.123445182594207],[92.81556740267328,27.111633254442058],[92.16530132606326,26.857375828175993],[90.90458138161524,26.697432904858818],[90.65243739272563,26.774470585596877],[90.4401056126081,26.48382606997248],[89.67040290968193,25.94807482568662],[89.51115407459375,25.637411148880034]]]}},{"type":"Feature","properties":{"name":"Kingdom of Asturias","fromYear":755,"toYear":824,"type":"POLITY","areaKm2":78715.89830817188,"wikipedia":"Kingdom of Asturias","wikidata":"Q231392","seshatId":"es_asturias_k","source":"cliopatria"},"geometry":{"type":"Polygon","coordinates":[[[-5.726631164550781,43.53750228881836],[-7.175715446472168,43.53750228881836],[-7.343485832214355,43.6026611328125],[-7.276463031768799,43.73301696777344],[-8.243616104125977,43.73301696777344],[-8.39044189453125,43.6026611328125],[-8.369025230407715,43.407203674316406],[-8.851689338684082,43.407203674316406],[-9.158673286437988,43.276947021484375],[-9.30460262298584,43.146724700927734],[-9.275152206420898,42.88639831542969],[-9.100251197814941,42.75628662109375],[-9.078654289245605,42.56119155883789],[-8.65738296508789,42.36617660522461],[-8.956093788146973,42.17123794555664],[-8.886794090270996,41.521995544433594],[-8.415881156921387,41.586883544921875],[-8.356306076049805,41.781593322753906],[-7.24668025970459,41.84651184082031],[-7.179584980010986,41.97637939453125],[-6.61488151550293,41.911441802978516],[-6.387685298919678,42.041324615478516],[-4.956400394439697,42.10627746582031],[-4.019167900085449,42.36617660522461],[-3.714848279953003,42.56119155883789],[-3.079372882843018,42.62621307373047],[-2.999286651611328,42.62621307373047],[-2.934040546417236,42.82133865356445],[-3.014215230941772,42.82133865356445],[-3.029263496398926,43.016544342041016],[-3.194893360137939,43.08163070678711],[-3.140162944793701,43.407203674316406],[-3.220606803894043,43.407203674316406],[-4.990375518798828,43.407203674316406],[-5.646126270294189,43.53750228881836],[-5.726631164550781,43.53750228881836]]]}},{"type":"Feature","properties":{"name":"Duchy of Naples","fromYear":763,"toYear":839,"type":"POLITY","areaKm2":962.5111266352937,"wikipedia":"Duchy of Naples","wikidata":"Q1051600","seshatId":null,"source":"cliopatria"},"geometry":{"type":"Polygon","coordinates":[[[14.419217109680176,40.74397277832031],[14.421854972839355,40.873565673828125],[14.02643871307373,40.93837356567383],[14.02763557434082,41.00318908691406],[14.503893852233887,41.00318908691406],[14.579122543334961,40.80876541137695],[14.737711906433105,40.80876541137695],[14.734869956970215,40.6791877746582],[14.65562915802002,40.6791877746582],[14.576388359069824,40.6791877746582],[14.497147560119629,40.6791877746582],[14.417906761169434,40.6791877746582],[14.419217109680176,40.74397277832031]]]}},{"type":"Feature","properties":{"name":"Principality of Serbia","fromYear":768,"toYear":849,"type":"POLITY","areaKm2":24332.250310445193,"wikipedia":"Principality of Serbia","wikidata":"Q1311990","seshatId":null,"source":"cliopatria"},"geometry":{"type":"Polygon","coordinates":[[[20.152700424194336,42.75628662109375],[20.400434494018555,42.88639831542969],[20.331148147583008,43.08163070678711],[20.495450973510742,43.146724700927734],[20.50290298461914,43.276947021484375],[20.349496841430664,43.407203674316406],[20.356884002685547,43.53750228881836],[20.192237854003906,43.472347259521484],[20.122600555419922,43.6678352355957],[19.884435653686523,43.73301696777344],[19.817901611328125,43.99384307861328],[19.579181671142578,44.05907440185547],[18.591854095458984,43.6678352355957],[18.171775817871094,43.276947021484375],[18.323806762695312,43.08163070678711],[18.143457412719727,42.62621307373047],[18.615074157714844,42.43117141723633],[18.70105743408203,42.56119155883789],[19.015066146850586,42.43117141723633],[20.13855743408203,42.496177673339844],[20.149150848388672,42.691246032714844],[20.152700424194336,42.75628662109375]]]}},{"type":"Feature","properties":{"name":"Tang Dynasty","fromYear":768,"toYear":829,"type":"POLITY","areaKm2":3093452.018121853,"wikipedia":"Tang dynasty","wikidata":"Q9683","seshatId":"cn_tang_dyn_2","source":"cliopatria"},"geometry":{"type":"MultiPolygon","coordinates":[[[[109.86219787597656,18.350492477416992],[109.84064483642578,18.2219181060791],[109.24968719482422,18.2219181060791],[109.12333679199219,18.350492477416992],[108.76459503173828,18.414779663085938],[108.63818359375,18.543354034423828],[108.70427703857422,19.379087448120117],[109.20277404785156,19.700523376464844],[109.2463607788086,19.95766830444336],[110.15737915039062,20.08624267578125],[110.59095001220703,20.021955490112305],[110.613037109375,20.150527954101562],[110.90947723388672,20.150527954101562],[111.08741760253906,19.893383026123047],[111.03193664550781,19.571949005126953],[110.88386535644531,19.571949005126953],[110.85066986083984,19.379087448120117],[110.68057250976562,19.25051498413086],[110.50775909423828,18.67193031311035],[110.1902847290039,18.543354034423828],[110.1794204711914,18.479066848754883],[109.86219787597656,18.350492477416992]]],[[[117.9001693725586,40.80876541137695],[117.82709503173828,40.6791877746582],[117.91288757324219,40.54964065551758],[118.0712661743164,40.54964065551758],[118.2003402709961,40.355369567871094],[118.99825286865234,40.225894927978516],[119.545166015625,40.355369567871094],[119.75958251953125,40.031734466552734],[119.91753387451172,40.031734466552734],[119.38044738769531,39.77294921875],[119.21530151367188,39.320335388183594],[118.98941802978516,39.19107437133789],[118.0568618774414,39.06184005737305],[118.04566192626953,39.19107437133789],[117.88837432861328,39.19107437133789],[117.57643127441406,38.738853454589844],[117.6549072265625,38.738853454589844],[117.60245513916016,38.48057174682617],[118.05360412597656,38.28691864013672],[118.06742095947266,38.157840728759766],[118.58300018310547,38.09331130981445],[118.64759826660156,38.22237777709961],[118.80416870117188,38.22237777709961],[118.77176666259766,38.157840728759766],[119.4571304321289,37.96426773071289],[119.3928451538086,37.835243225097656],[119.23655700683594,37.835243225097656],[118.98403930664062,37.3193473815918],[119.13996124267578,37.3193473815918],[119.15568542480469,37.1904182434082],[119.70111083984375,37.1904182434082],[119.82661437988281,37.44829177856445],[120.20220184326172,37.5772590637207],[120.18807220458984,37.706241607666016],[120.75377655029297,37.89975357055664],[121.11202239990234,37.835243225097656],[121.17103576660156,37.641746520996094],[121.48333740234375,37.641746520996094],[121.49687957763672,37.51277160644531],[122.15351867675781,37.5772590637207],[122.1211166381836,37.51277160644531],[122.71288299560547,37.44829177856445],[122.47421264648438,37.12596130371094],[122.56636810302734,36.9970588684082],[122.39389038085938,36.80373764038086],[121.91207885742188,36.932613372802734],[121.21208190917969,36.61045455932617],[120.97892761230469,36.61045455932617],[120.96481323242188,36.417205810546875],[120.73184967041016,36.417205810546875],[120.65852355957031,36.09519577026367],[120.31848907470703,36.03080368041992],[119.98648071289062,35.644527435302734],[119.61874389648438,35.51579284667969],[119.22760772705078,34.80794906616211],[119.45901489257812,34.80794906616211],[119.43090057373047,34.743614196777344],[119.71125030517578,34.679283142089844],[119.73230743408203,34.55062484741211],[120.3418197631836,34.3576545715332],[120.48936462402344,34.164703369140625],[120.55045318603516,33.5859489440918],[120.92630004882812,33.20018768310547],[120.91920471191406,32.62162780761719],[121.40264892578125,32.493072509765625],[121.50330352783203,32.171695709228516],[121.9613265991211,31.978878021240234],[121.93677520751953,31.7217960357666],[121.83556365966797,31.65752601623535],[121.96309661865234,31.593257904052734],[121.91353607177734,31.464719772338867],[121.58425903320312,31.40045166015625],[121.73657989501953,31.40045166015625],[121.99526977539062,31.079113006591797],[121.89926147460938,30.822044372558594],[121.51921844482422,30.822044372558594],[121.19719696044922,30.564971923828125],[121.04530334472656,30.564971923828125],[120.67976379394531,30.179353713989258],[120.80880737304688,30.115081787109375],[121.10469055175781,30.307893753051758],[121.48409271240234,30.307893753051758],[121.6202392578125,30.050809860229492],[122.02978515625,29.922264099121094],[121.864501953125,29.665164947509766],[122.01595306396484,29.665164947509766],[121.93843078613281,29.21521759033203],[121.71156311035156,29.21521759033203],[121.74463653564453,29.536611557006836],[121.57134246826172,29.472333908081055],[121.64702606201172,29.472333908081055],[121.53888702392578,29.150936126708984],[121.74431610107422,29.08665657043457],[121.7143325805664,28.765243530273438],[121.52177429199219,28.636676788330078],[121.65211486816406,28.572391510009766],[121.64590454101562,28.315250396728516],[121.15326690673828,28.186676025390625],[121.1933822631836,28.315250396728516],[121.11795806884766,28.315250396728516],[121.03816223144531,28.058101654052734],[120.86773681640625,27.993812561035156],[120.71461486816406,27.736658096313477],[120.65725708007812,27.54378890991211],[120.73251342773438,27.54378890991211],[120.54503631591797,27.158044815063477],[120.39466857910156,27.158044815063477],[120.24666595458984,26.900876998901367],[120.09639739990234,26.900876998901367],[120.06058502197266,26.772293090820312],[120.21080017089844,26.772293090820312],[120.1576919555664,26.57941436767578],[119.83992767333984,26.515121459960938],[119.93810272216797,26.32224464416504],[119.5870132446289,26.129364013671875],[119.77836608886719,26.000778198242188],[119.52989959716797,25.615020751953125],[119.90438079833984,25.615020751953125],[119.87213897705078,25.48643684387207],[119.46599578857422,25.357851028442383],[119.42289733886719,25.48643684387207],[119.27314758300781,25.48643684387207],[119.39114379882812,25.357851028442383],[119.34419250488281,25.164974212646484],[119.02947998046875,25.100683212280273],[119.07367706298828,24.97209930419922],[118.8191146850586,24.843517303466797],[118.75972747802734,24.586353302001953],[118.14736938476562,24.522062301635742],[118.07573699951172,24.200613021850586],[117.72126770019531,23.943456649780273],[117.69377136230469,23.814878463745117],[117.46995544433594,23.814878463745117],[117.1788330078125,23.493436813354492],[116.8938980102539,23.557723999023438],[116.7796401977539,23.36486053466797],[116.81497955322266,23.171995162963867],[116.59144592285156,23.171995162963867],[116.54004669189453,22.914846420288086],[115.69562530517578,22.786272048950195],[115.67061614990234,22.657697677612305],[115.37285614013672,22.657697677612305],[115.17442321777344,22.786272048950195],[114.90156555175781,22.529123306274414],[114.75272369384766,22.529123306274414],[114.64081573486328,22.72198486328125],[114.53111267089844,22.143402099609375],[114.37039184570312,22.079116821289062],[113.99858856201172,22.079116821289062],[113.99634552001953,22.46483612060547],[113.78524017333984,22.529123306274414],[113.7474365234375,22.72198486328125],[113.59854125976562,22.72198486328125],[113.69869995117188,22.46483612060547],[113.63867950439453,22.143402099609375],[113.41557312011719,22.143402099609375],[113.31752014160156,22.014829635620117],[113.10626220703125,22.079116821289062],[113.07096862792969,21.88625717163086],[112.77362823486328,21.88625717163086],[112.44146728515625,21.693397521972656],[111.85850524902344,21.7576847076416],[111.6640625,21.500539779663086],[110.98419189453125,21.43625259399414],[110.73885345458984,21.307680130004883],[110.71642303466797,21.179107666015625],[110.41944885253906,21.179107666015625],[110.48252868652344,21.114822387695312],[110.36384582519531,20.857677459716797],[110.61627197265625,20.60053253173828],[110.48687744140625,20.279102325439453],[109.88289642333984,20.214815139770508],[109.9267807006836,20.471960067749023],[109.7894515991211,20.53624725341797],[109.7702407836914,20.857677459716797],[109.69603729248047,20.857677459716797],[109.87005615234375,21.43625259399414],[109.80696105957031,21.500539779663086],[109.11621856689453,21.371967315673828],[109.08638000488281,21.629112243652344],[108.65169525146484,21.693397521972656],[108.55519104003906,21.5648250579834],[107.79033660888672,21.43625259399414],[107.41735076904297,20.986249923706055],[106.9613265991211,20.921964645385742],[106.8337173461914,20.60053253173828],[106.68537902832031,20.60053253173828],[106.53694915771484,20.150527954101562],[105.9654769897461,19.8290958404541],[105.73389434814453,18.864791870117188],[106.05134582519531,18.543354034423828],[106.030517578125,18.414779663085938],[106.17830657958984,18.414779663085938],[106.29487609863281,18.2219181060791],[106.56956481933594,18.093341827392578],[106.5281982421875,17.836191177368164],[106.51790618896484,17.77190399169922],[106.29645538330078,17.77190399169922],[106.24317932128906,17.90047836303711],[105.8740234375,17.90047836303711],[105.77974700927734,17.77190399169922],[105.70592498779297,17.77190399169922],[105.66277313232422,17.964767456054688],[105.143798828125,18.414779663085938],[105.18512725830078,18.67193031311035],[105.03726959228516,18.67193031311035],[105.14230346679688,18.864791870117188],[104.97236633300781,19.186227798461914],[104.99213409423828,19.764808654785156],[104.8648452758789,19.893383026123047],[104.98062133789062,20.150527954101562],[104.4395751953125,20.471960067749023],[104.61909484863281,20.664819717407227],[104.90534973144531,20.60053253173828],[104.87299346923828,20.857677459716797],[105.1061019897461,20.921964645385742],[104.90447235107422,21.050535202026367],[104.91499328613281,21.114822387695312],[105.24369812011719,21.307680130004883],[105.84846496582031,21.371967315673828],[106.10354614257812,21.5648250579834],[106.62358856201172,21.5648250579834],[106.90117645263672,21.88625717163086],[108.08357238769531,22.271976470947266],[108.36397552490234,22.59341049194336],[108.28504180908203,22.97913360595703],[107.94806671142578,23.171995162963867],[107.846923828125,23.429147720336914],[107.9730453491211,24.457773208618164],[108.25234985351562,25.422143936157227],[108.177490234375,25.422143936157227],[108.30946350097656,26.32224464416504],[107.96507263183594,26.450830459594727],[107.908935546875,26.836584091186523],[106.9048080444336,27.029460906982422],[106.60956573486328,27.35091781616211],[106.45912170410156,27.35091781616211],[106.1817855834961,27.736658096313477],[106.25995635986328,28.315250396728516],[106.12654876708984,28.379535675048828],[106.1793212890625,28.572391510009766],[105.52306365966797,28.379535675048828],[105.42035675048828,27.993812561035156],[105.2194595336914,27.800947189331055],[104.60049438476562,27.736658096313477],[104.31570434570312,27.800947189331055],[104.63507843017578,28.44382095336914],[104.14144134521484,28.572391510009766],[103.89775848388672,28.508106231689453],[103.87129211425781,28.12238883972168],[103.54629516601562,27.736658096313477],[103.32039642333984,27.736658096313477],[103.26849365234375,27.222335815429688],[103.34368896484375,27.222335815429688],[103.41675567626953,26.57941436767578],[103.49182891845703,26.57941436767578],[103.28289031982422,26.32224464416504],[102.90777587890625,26.32224464416504],[102.63970184326172,26.129364013671875],[102.18977355957031,26.129364013671875],[102.14054107666016,26.57941436767578],[101.65910339355469,26.772293090820312],[101.62870788574219,26.96516990661621],[101.6957778930664,27.865236282348633],[101.36564636230469,28.636676788330078],[101.19561004638672,29.40805435180664],[101.0620346069336,29.472333908081055],[101.05811309814453,29.729440689086914],[100.98237609863281,29.729440689086914],[101.0553207397461,29.986536026000977],[100.95915222167969,30.179353713989258],[101.01528930664062,30.372163772583008],[100.93939971923828,30.372163772583008],[100.99618530273438,30.564971923828125],[100.92024230957031,30.564971923828125],[101.13798522949219,31.528987884521484],[101.68687438964844,32.75019073486328],[102.55159759521484,33.26447677612305],[103.0340576171875,33.32876968383789],[103.3320083618164,33.52165222167969],[103.4928207397461,33.971771240234375],[103.38555145263672,34.10039138793945],[103.52665710449219,34.48630142211914],[103.44961547851562,34.48630142211914],[103.66561889648438,35.065311431884766],[103.89337158203125,35.258358001708984],[104.635986328125,35.58015823364258],[104.94551086425781,35.58015823364258],[105.74381256103516,35.837650299072266],[106.13167572021484,36.2239875793457],[105.87490844726562,36.5460319519043],[105.92794799804688,36.67487716674805],[105.74796295166016,36.80373764038086],[105.85546875,37.06150817871094],[105.70317840576172,37.254878997802734],[105.4693603515625,37.254878997802734],[105.16124725341797,37.44829177856445],[104.77120971679688,37.44829177856445],[104.8258285522461,37.5772590637207],[104.6190414428711,37.641746520996094],[105.4329605102539,37.89975357055664],[106.16472625732422,37.96426773071289],[106.37799835205078,38.09331130981445],[107.39369201660156,39.449623107910156],[107.43923950195312,39.70827102661133],[107.64434051513672,39.9670295715332],[108.50997924804688,40.74397277832031],[109.78978729248047,41.06801223754883],[110.8668212890625,41.00318908691406],[110.83231353759766,40.93837356567383],[111.30841064453125,40.93837356567383],[111.27384948730469,40.873565673828125],[112.97473907470703,40.93837356567383],[113.05408477783203,40.93837356567383],[114.30828094482422,41.19768524169922],[114.474609375,41.06801223754883],[114.6191635131836,41.32738494873047],[115.24910736083984,41.45711898803711],[116.63911437988281,41.521995544433594],[116.60179138183594,41.45711898803711],[117.59864044189453,41.39224624633789],[117.60334014892578,41.26253128051758],[117.76231384277344,41.26253128051758],[117.84668731689453,41.132843017578125],[117.77256774902344,41.00318908691406],[117.8575668334961,40.873565673828125],[117.82086944580078,40.80876541137695],[117.9001693725586,40.80876541137695]]],[[[122.2725830078125,30.179353713989258],[122.27982330322266,29.986536026000977],[121.97661590576172,29.986536026000977],[122.02213287353516,30.115081787109375],[122.04503631591797,30.179353713989258],[122.2725830078125,30.179353713989258]]],[[[114.34439086914062,41.26253128051758],[114.58285522460938,41.26253128051758],[114.51057434082031,41.132843017578125],[114.474609375,41.06801223754883],[114.34439086914062,41.26253128051758]]]]}},{"type":"Feature","properties":{"name":"Karkota Dynasty","fromYear":772,"toYear":849,"type":"POLITY","areaKm2":122977.13929880498,"wikipedia":"Karkota dynasty","wikidata":"Q466433","seshatId":"in_karkota_dyn","source":"cliopatria"},"geometry":{"type":"Polygon","coordinates":[[[73.01562890671083,35.15940041033561],[72.90946301665208,34.60419672688187],[72.83647396723664,33.88015469907049],[72.99572280232482,33.70369377267472],[73.9112073775456,33.19066336473888],[74.35990050681339,32.77828623143959],[74.68755524640339,32.5966087670576],[75.31975873576837,33.03275369614575],[75.65527718493676,33.06505252737923],[76.2452277335399,32.40301028906886],[76.55862993144908,32.61104337944035],[76.7977887400549,33.84158495755703],[76.69162284999612,35.24615034476569],[76.08589707252858,35.592139886173925],[75.84229572952584,35.64616124678116],[74.8469905102248,36.31732437475001],[74.68774167513662,36.70663624355918],[74.1370061204567,36.77576014459299],[73.88486213156712,36.97745739259756],[73.25450215934312,36.98275801928945],[73.29431436811512,36.49355718940584],[73.154971637413,36.14605056860258],[73.27440826372911,35.89918803090186],[73.3009497362438,35.33822056138265],[73.17352309197975,35.258358001708984],[73.01562890671083,35.15940041033561]]]}},{"type":"Feature","properties":{"name":"Kashmir","fromYear":772,"toYear":849,"type":"POLITY","areaKm2":69466.21427207184,"wikipedia":"Kashmir","wikidata":"Q43100","seshatId":null,"source":"cliopatria"},"geometry":{"type":"Polygon","coordinates":[[[76.10009765625,35.644527435302734],[76.67723846435547,35.77327346801758],[76.71930694580078,35.644527435302734],[76.99356842041016,35.51579284667969],[77.98138427734375,35.45143127441406],[78.10040283203125,35.32271194458008],[78.06494903564453,35.194007873535156],[78.22614288330078,34.93662643432617],[78.0446548461914,34.55062484741211],[78.12171173095703,34.55062484741211],[78.04521942138672,33.971771240234375],[78.12210083007812,33.971771240234375],[78.15882110595703,33.52165222167969],[78.36701202392578,33.13589859008789],[78.31831359863281,32.94303894042969],[78.52821350097656,32.557350158691406],[78.46499633789062,32.30024337768555],[78.7987060546875,31.78606605529785],[78.75285339355469,31.593257904052734],[78.67665100097656,31.593257904052734],[77.30365753173828,31.91460609436035],[77.04389953613281,32.107421875],[76.52459716796875,32.171695709228516],[76.4021987915039,32.30024337768555],[75.33260345458984,32.30024337768555],[75.20977020263672,32.428794860839844],[74.76611328125,32.493072509765625],[74.71889307134651,32.6182281248554],[75.31975873576837,33.03275369614575],[75.65527718493676,33.06505252737923],[76.2452277335399,32.40301028906886],[76.55862993144908,32.61104337944035],[76.7977887400549,33.84158495755703],[76.69162284999612,35.24615034476569],[76.08589707252858,35.592139886173925],[76.10009765625,35.644527435302734]]]}},{"type":"Feature","properties":{"name":"Breton Kingdoms","fromYear":775,"toYear":813,"type":"POLITY","areaKm2":24213.009495619055,"wikipedia":"Bretons","wikidata":"Q309197","seshatId":null,"source":"cliopatria"},"geometry":{"type":"Polygon","coordinates":[[[-1.652703642845154,48.257774353027344],[-1.668919563293457,48.455936431884766],[-1.508333325386047,48.52202224731445],[-1.602181315422058,48.654239654541016],[-1.685264110565186,48.654239654541016],[-2.521934509277344,48.72037124633789],[-2.759404182434082,48.5881233215332],[-3.122164011001587,48.91886520385742],[-3.455082654953003,48.91886520385742],[-3.85184383392334,48.72037124633789],[-4.599917888641357,48.72037124633789],[-4.911745548248291,48.52202224731445],[-4.891265392303467,48.323814392089844],[-4.642560005187988,48.323814392089844],[-4.546383857727051,48.191749572753906],[-4.705362796783447,48.1257438659668],[-4.692053318023682,47.993770599365234],[-4.424368858337402,47.79592514038086],[-3.934937715530396,47.86185836791992],[-3.757235288619995,47.730003356933594],[-3.344320774078369,47.730003356933594],[-3.155531167984009,47.46647262573242],[-2.919772386550903,47.598209381103516],[-2.837259292602539,47.598209381103516],[-2.447182655334473,47.86185836791992],[-1.796727180480957,47.993770599365234],[-1.647326707839966,48.191749572753906],[-1.652703642845154,48.257774353027344]]]}},{"type":"Feature","properties":{"name":"Rustamid dynasty","fromYear":778,"toYear":899,"type":"POLITY","areaKm2":469780.60312139255,"wikipedia":"Rustamid dynasty","wikidata":"Q940123","seshatId":"dz_rustamid_imamate","source":"cliopatria"},"geometry":{"type":"Polygon","coordinates":[[[-0.024095568921844,35.40523366127871],[-0.186480036193415,35.04458479417886],[0.797139201956407,33.078263600691],[1.617855693711789,32.65439307345095],[7.81617505253827,31.10607937834317],[12.76505274688114,30.0755206347178],[16.16035683756909,30.07871920980245],[15.15767361808557,30.57749525437086],[14.21253858350374,31.68450354383103],[13.3703149431718,32.04847571626846],[12.37209354051437,31.90182368044994],[11.85527187467926,32.04783993506138],[11.49695085312477,32.32183413276228],[11.05317668815647,32.41926665628741],[10.13702421601588,32.89983980401059],[9.81793673596584,32.76993852531687],[9.659881212615906,33.12784459584299],[9.204492103064544,33.53365927200401],[9.255531221510081,34.04858361112431],[8.491831169513846,34.30102260295867],[6.15402363290772,34.70533957604001],[5.3437406528019,34.58364079997762],[5.528226527862392,35.61638959172178],[5.320181622107814,35.70702895210329],[5.318179934198469,36.10023138017536],[5.466208380068538,36.42628448044285],[5.384798712130754,36.7058548992779],[3.853907931738954,36.90684186985131],[3.422602762680405,36.73700992406768],[2.966347260891269,36.75462242401687],[2.7146462798377,36.58541983614332],[1.34158572152955,36.48792990884474],[0.64879061425777,36.30439581113376],[0.101946398274511,35.78889031189865],[-0.024095568921844,35.40523366127871]]]}},{"type":"Feature","properties":{"name":"Khazaria","fromYear":778,"toYear":813,"type":"POLITY","areaKm2":748737.0264145317,"wikipedia":"Khazars","wikidata":"Q173282","seshatId":"ru_khazar_emp","source":"cliopatria"},"geometry":{"type":"MultiPolygon","coordinates":[[[[34.98639678955078,45.62776184082031],[35.01994323730469,45.300437927246094],[36.42308807373047,45.431331634521484],[36.37263107299805,45.10417556762695],[35.87525939941406,45.03877639770508],[35.732418060302734,45.169586181640625],[35.40727996826172,45.169586181640625],[35.297096252441406,44.973392486572266],[34.87226867675781,44.842647552490234],[34.79114532470703,44.842647552490234],[34.72877502441406,44.973392486572266],[34.07926940917969,44.973392486572266],[34.088409423828125,45.03877639770508],[33.60108947753906,45.03877639770508],[33.465389251708984,45.23500442504883],[33.221439361572266,45.23500442504883],[32.60533905029297,45.496795654296875],[33.70957565307617,45.82429504394531],[33.73704528808594,46.02093505859375],[34.15492630004883,46.08650588989258],[34.544586181640625,45.95537567138672],[34.74187088012695,45.62776184082031],[34.82337951660156,45.62776184082031],[34.98639678955078,45.62776184082031]]],[[[47.48066329956055,45.36587905883789],[47.332332611083984,45.431331634521484],[47.289119720458984,45.23500442504883],[47.09792709350586,45.10417556762695],[47.04105758666992,44.842647552490234],[46.688507080078125,44.71194839477539],[46.63267517089844,44.45067596435547],[47.00926971435547,44.32010269165039],[47.34308624267578,43.99384307861328],[47.33984375,43.6026611328125],[47.459136962890625,43.407203674316406],[47.376399993896484,43.016544342041016],[47.656158447265625,42.82133865356445],[47.68162155151367,42.56119155883789],[48.21248245239258,42.041324615478516],[48.19894790649414,41.97637939453125],[48.09225845336914,41.84651184082031],[48.1719970703125,41.84651184082031],[48.18490982055664,41.521995544433594],[47.89371109008789,41.26253128051758],[47.5628776550293,41.19768524169922],[47.27063751220703,41.32738494873047],[46.7366943359375,41.84651184082031],[46.350799560546875,41.911441802978516],[46.29668426513672,42.041324615478516],[45.75059127807617,42.10627746582031],[45.66733932495117,42.496177673339844],[45.22532653808594,42.691246032714844],[44.82474899291992,42.691246032714844],[44.83738327026367,42.75628662109375],[44.75723648071289,42.75628662109375],[44.744632720947266,42.691246032714844],[44.356510162353516,42.75628662109375],[43.851112365722656,42.62621307373047],[43.65967559814453,42.88639831542969],[43.419063568115234,42.88639831542969],[42.98605728149414,43.146724700927734],[42.50411605834961,43.146724700927734],[41.7125244140625,43.211830139160156],[41.34539031982422,43.407203674316406],[41.10405731201172,43.407203674316406],[41.115562438964844,43.472347259521484],[40.40254592895508,43.53750228881836],[40.26399612426758,43.6678352355957],[40.28654479980469,43.79821014404297],[40.033470153808594,43.73301696777344],[39.351905822753906,43.99384307861328],[39.36290740966797,44.05907440185547],[38.21527862548828,44.45067596435547],[38.014862060546875,44.71194839477539],[37.52848815917969,44.71194839477539],[37.25600814819336,45.03877639770508],[36.778892517089844,45.10417556762695],[36.81986618041992,45.36587905883789],[36.738487243652344,45.36587905883789],[36.911563873291016,45.431331634521484],[36.972293853759766,45.300437927246094],[37.704429626464844,45.300437927246094],[37.67619323730469,45.62776184082031],[37.860713958740234,45.75876998901367],[37.89311981201172,45.95537567138672],[38.334564208984375,46.1520881652832],[38.36785888671875,46.348915100097656],[37.89856719970703,46.480194091796875],[37.83858108520508,46.61152267456055],[38.494598388671875,46.61152267456055],[38.62202453613281,46.87434005737305],[38.78630065917969,46.87434005737305],[38.89152145385742,47.005828857421875],[39.12647247314453,46.94007873535156],[39.26741409301758,47.26897048950195],[39.1968879699707,47.33478927612305],[38.6794548034668,47.20316696166992],[37.51609802246094,47.13737487792969],[37.16523361206055,47.005828857421875],[37.2257080078125,46.87434005737305],[36.90787887573242,46.94007873535156],[36.80437088012695,46.808616638183594],[35.634639739990234,46.677207946777344],[35.24697494506836,46.283294677734375],[34.75596237182617,46.283294677734375],[34.736690521240234,46.1520881652832],[34.0825309753418,46.1520881652832],[34.019439697265625,46.283294677734375],[33.610260009765625,46.283294677734375],[33.59191131591797,46.1520881652832],[32.946651458740234,46.21768569946289],[32.84713363647461,46.08650588989258],[32.683658599853516,46.08650588989258],[32.0639533996582,46.348915100097656],[31.81834602355957,46.348915100097656],[31.835351943969727,46.480194091796875],[32.16309356689453,46.480194091796875],[32.171756744384766,46.54585266113281],[32.918460845947266,46.61152267456055],[33.69384002685547,46.87434005737305],[34.079959869384766,47.26897048950195],[34.11886215209961,47.53233337402344],[34.20133972167969,47.53233337402344],[34.633766174316406,47.664100646972656],[34.778690338134766,47.53233337402344],[35.026123046875,47.53233337402344],[35.19115447998047,48.059749603271484],[35.11882400512695,48.1257438659668],[35.20161819458008,48.1257438659668],[35.3481330871582,48.52202224731445],[36.37448501586914,49.18375015258789],[37.07720947265625,49.38258361816406],[37.68986892700195,49.98000717163086],[37.63133239746094,50.11296081542969],[37.89592742919922,50.17946243286133],[38.48361587524414,50.17946243286133],[38.94742965698242,49.98000717163086],[39.29618835449219,50.04647445678711],[40.93132019042969,49.84712600708008],[41.44818878173828,49.91355895996094],[41.74016189575195,49.71431350708008],[42.395015716552734,49.64793395996094],[43.56603240966797,49.64793395996094],[44.538734436035156,49.51522445678711],[46.81156921386719,49.58156967163086],[47.513641357421875,49.38258361816406],[48.09773635864258,48.72037124633789],[48.64629364013672,48.5881233215332],[48.7791862487793,48.455936431884766],[50.121551513671875,48.191749572753906],[51.19834518432617,48.191749572753906],[51.28117370605469,48.191749572753906],[53.60042190551758,48.191749572753906],[53.79353713989258,47.993770599365234],[53.958984375,47.993770599365234],[54.004859924316406,47.86185836791992],[54.170166015625,47.86185836791992],[54.29856872558594,47.730003356933594],[54.26187515258789,47.598209381103516],[54.4085693359375,47.53233337402344],[54.37205123901367,47.4006233215332],[54.518619537353516,47.33478927612305],[54.43858337402344,46.74290466308594],[54.520652770996094,46.74290466308594],[54.286781311035156,45.56227111816406],[54.20530319213867,45.56227111816406],[53.87939453125,45.56227111816406],[53.66555404663086,45.36587905883789],[53.42141342163086,45.36587905883789],[53.06462860107422,45.56227111816406],[53.067134857177734,45.889827728271484],[53.247371673583984,45.95537567138672],[53.34987258911133,46.348915100097656],[53.26800537109375,46.348915100097656],[53.27227020263672,46.677207946777344],[53.19023513793945,46.677207946777344],[53.242305755615234,46.87434005737305],[53.112831115722656,47.005828857421875],[51.862857818603516,46.94007873535156],[51.81448745727539,47.07159423828125],[51.58463668823242,47.13737487792969],[50.84418869018555,47.13737487792969],[50.3016242980957,46.94007873535156],[49.990848541259766,46.677207946777344],[49.303199768066406,46.54585266113281],[49.06181335449219,46.21768569946289],[48.6375732421875,46.1520881652832],[48.59209442138672,45.95537567138672],[48.34708023071289,45.95537567138672],[48.05744171142578,45.75876998901367],[47.56800079345703,45.75876998901367],[47.457275390625,45.62776184082031],[47.53878402709961,45.62776184082031],[47.52421569824219,45.56227111816406],[47.48066329956055,45.36587905883789]]],[[[53.08402633666992,45.95537567138672],[53.100955963134766,46.02093505859375],[53.18265914916992,46.02093505859375],[53.16569900512695,45.95537567138672],[53.08402633666992,45.95537567138672]]]]}},{"type":"Feature","properties":{"name":"Georgia","fromYear":783,"toYear":874,"type":"POLITY","areaKm2":24443.42100450693,"wikipedia":"Georgia","wikidata":"Q4962","seshatId":null,"source":"cliopatria"},"geometry":{"type":"MultiPolygon","coordinates":[[[[41.34539031982422,43.407203674316406],[41.7125244140625,43.211830139160156],[42.50411605834961,43.146724700927734],[42.60515594482422,42.82133865356445],[42.75360870361328,42.75628662109375],[42.71809768676758,42.56119155883789],[42.9345703125,42.43117141723633],[42.61305236816406,41.521995544433594],[41.726497650146484,41.45711898803711],[41.73747634887695,41.521995544433594],[41.57828140258789,41.521995544433594],[41.81525421142578,41.97637939453125],[41.73545837402344,41.97637939453125],[41.75791549682617,42.10627746582031],[41.598209381103516,42.10627746582031],[41.700584411621094,42.236209869384766],[41.48331832885742,42.36617660522461],[41.608699798583984,42.62621307373047],[41.11582565307617,43.016544342041016],[40.81732177734375,43.146724700927734],[40.41570281982422,43.146724700927734],[40.219173431396484,43.407203674316406],[39.977840423583984,43.407203674316406],[39.34092330932617,43.92862319946289],[39.351905822753906,43.99384307861328],[40.033470153808594,43.73301696777344],[40.28654479980469,43.79821014404297],[40.26399612426758,43.6678352355957],[40.40254592895508,43.53750228881836],[41.115562438964844,43.472347259521484],[41.10405731201172,43.407203674316406],[41.34539031982422,43.407203674316406]]],[[[39.28215789794922,44.05907440185547],[39.36290740966797,44.05907440185547],[39.351905822753906,43.99384307861328],[39.27118682861328,43.99384307861328],[39.190467834472656,43.99384307861328],[39.2014045715332,44.05907440185547],[39.28215789794922,44.05907440185547]]],[[[39.12065505981445,44.05907440185547],[39.13158416748047,44.12431716918945],[39.212364196777344,44.12431716918945],[39.2014045715332,44.05907440185547],[39.12065505981445,44.05907440185547]]],[[[39.050804138183594,44.12431716918945],[39.06172180175781,44.18956756591797],[39.14253234863281,44.18956756591797],[39.13158416748047,44.12431716918945],[39.050804138183594,44.12431716918945]]]]}},{"type":"Feature","properties":{"name":"Oghuz Turks","fromYear":783,"toYear":859,"type":"POLITY","areaKm2":450019.3393619045,"wikipedia":"Oghuz Khagan","wikidata":"Q2118293","seshatId":"kz_oghuz_state","source":"cliopatria"},"geometry":{"type":"Polygon","coordinates":[[[64.81868743896484,45.62776184082031],[64.97525787353516,46.348915100097656],[64.89339447021484,46.348915100097656],[64.94342041015625,46.74290466308594],[64.82353973388672,46.87434005737305],[64.8680191040039,47.005828857421875],[64.78581237792969,47.005828857421875],[64.83045196533203,47.13737487792969],[64.74818420410156,47.13737487792969],[64.75563049316406,47.4006233215332],[64.53087615966797,47.46647262573242],[64.43360137939453,47.664100646972656],[64.26850891113281,47.664100646972656],[64.23114776611328,47.79592514038086],[63.863162994384766,47.92780685424805],[61.817726135253906,47.993770599365234],[56.382442474365234,47.79592514038086],[54.518619537353516,47.33478927612305],[54.43858337402344,46.74290466308594],[54.520652770996094,46.74290466308594],[54.286781311035156,45.56227111816406],[54.269561767578125,45.496795654296875],[54.21808624267578,45.300437927246094],[54.363616943359375,45.23500442504883],[54.29523849487305,44.973392486572266],[53.80810546875,44.973392486572266],[53.8757209777832,45.23500442504883],[52.086769104003906,45.23500442504883],[51.87519073486328,45.36587905883789],[51.468292236328125,45.36587905883789],[51.0634765625,45.03877639770508],[51.016197204589844,44.842647552490234],[51.47117233276367,44.71194839477539],[51.42369842529297,44.5159797668457],[50.85692596435547,44.5159797668457],[50.40192413330078,44.64661407470703],[50.224510192871094,44.58129119873047],[50.19388198852539,44.45067596435547],[50.87572479248047,44.25482940673828],[51.07164001464844,44.05907440185547],[51.040714263916016,43.92862319946289],[51.31692886352539,43.73301696777344],[51.30513381958008,43.342071533203125],[51.43531036376953,43.211830139160156],[51.772151947021484,43.276947021484375],[51.936058044433594,42.95146560668945],[52.41746520996094,42.95146560668945],[52.78733444213867,42.82133865356445],[52.679012298583984,42.36617660522461],[52.44319534301758,42.041324615478516],[52.52302169799805,42.041324615478516],[52.49290466308594,41.911441802978516],[52.721988677978516,41.521995544433594],[52.80158615112305,41.521995544433594],[52.811973571777344,41.911441802978516],[53.19236373901367,42.17123794555664],[53.91130447387695,42.17123794555664],[54.090518951416016,41.586883544921875],[54.729549407958984,41.26253128051758],[54.66834259033203,41.00318908691406],[54.40007400512695,40.873565673828125],[54.38508224487305,40.80876541137695],[56.82743835449219,40.74397277832031],[57.464874267578125,41.39224624633789],[57.56444549560547,41.781593322753906],[57.95698165893555,42.36617660522461],[58.05148696899414,43.016544342041016],[58.337066650390625,43.472347259521484],[58.3550910949707,43.53750228881836],[58.18568420410156,43.79821014404297],[57.96183395385742,43.86341094970703],[58.070743560791016,44.25482940673828],[57.98990249633789,44.25482940673828],[58.04472351074219,44.45067596435547],[57.96378707885742,44.45067596435547],[58.266788482666016,45.23500442504883],[58.485809326171875,45.431331634521484],[58.637691497802734,45.95537567138672],[59.310482025146484,46.02093505859375],[59.49004364013672,46.348915100097656],[59.83735275268555,46.414546966552734],[60.12153244018555,46.808616638183594],[60.53204345703125,46.808616638183594],[60.572898864746094,46.94007873535156],[60.98374938964844,46.94007873535156],[61.00410842895508,46.74290466308594],[61.188865661621094,46.808616638183594],[61.230262756347656,46.94007873535156],[61.70235824584961,46.87434005737305],[61.251182556152344,45.95537567138672],[61.332855224609375,45.95537567138672],[61.25232696533203,45.693260192871094],[61.33386993408203,45.693260192871094],[61.33523941040039,45.431331634521484],[61.72218704223633,45.36587905883789],[61.582332611083984,44.908016204833984],[61.01693344116211,44.64661407470703],[60.76163101196289,44.05907440185547],[61.53017807006836,43.92862319946289],[61.5720100402832,43.79821014404297],[62.4786491394043,43.86341094970703],[63.38608932495117,44.18956756591797],[64.56715393066406,45.10417556762695],[64.79727172851562,45.56227111816406],[64.81868743896484,45.62776184082031]]]}},{"type":"Feature","properties":{"name":"(Brythonic Kingdoms)","fromYear":788,"toYear":805,"type":"POLITY","areaKm2":42632.922509063705,"wikipedia":"Celtic Britons","wikidata":"Q849967","seshatId":"gb_brythonic_k","source":"cliopatria"},"geometry":{"type":"MultiPolygon","coordinates":[[[[-4.881234169006348,50.578861236572266],[-4.742156982421875,50.84549331665039],[-4.657799243927002,50.84549331665039],[-4.306077480316162,50.71213912963867],[-4.270704746246338,50.37908172607422],[-4.354779243469238,50.37908172607422],[-4.928657054901123,50.2459831237793],[-5.151133060455322,49.98000717163086],[-5.745615005493164,50.04647445678711],[-5.768607616424561,50.2459831237793],[-5.68461275100708,50.2459831237793],[-5.600617408752441,50.2459831237793],[-5.279601097106934,50.37908172607422],[-5.133819580078125,50.578861236572266],[-4.881234169006348,50.578861236572266]]],[[[-3.891522645950317,51.580322265625],[-3.97633957862854,51.580322265625],[-4.308269023895264,51.51342010498047],[-4.415247440338135,51.71418380737305],[-4.747263431549072,51.64724349975586],[-4.832123279571533,51.64724349975586],[-5.078959941864014,51.580322265625],[-5.264270305633545,51.71418380737305],[-5.295889377593994,51.98215103149414],[-4.893810749053955,52.18334197998047],[-4.552989482879639,52.18334197998047],[-4.242120265960693,52.4518928527832],[-4.156738758087158,52.4518928527832],[-4.29533576965332,52.92268753051758],[-4.793659210205078,52.78806686401367],[-4.809510231018066,52.92268753051758],[-4.490120410919189,53.124786376953125],[-4.669717311859131,53.192195892333984],[-4.701662540435791,53.462066650390625],[-4.271347522735596,53.462066650390625],[-4.162125587463379,53.25962829589844],[-3.575427770614624,53.39456558227539],[-3.489411115646362,53.39456558227539],[-3.274127721786499,52.99003219604492],[-3.074559926986694,52.720787048339844],[-3.139120101928711,52.51908493041992],[-3.03987717628479,52.38472366333008],[-2.869202375411987,52.38472366333008],[-2.927305936813354,52.11625671386719],[-2.920543432235718,52.0491943359375],[-2.913799524307251,51.98215103149414],[-2.82872486114502,51.98215103149414],[-2.822042465209961,51.91512680053711],[-2.625775098800659,51.64724349975586],[-2.951877117156982,51.51342010498047],[-3.036651611328125,51.51342010498047],[-3.121426105499268,51.51342010498047],[-3.128170013427734,51.580322265625],[-3.114700794219971,51.44654083251953],[-3.199433088302612,51.44654083251953],[-3.284165143966675,51.44654083251953],[-3.70082426071167,51.37968063354492],[-3.884396553039551,51.51342010498047],[-3.891522645950317,51.580322265625]],[[-4.071356773376465,52.4518928527832],[-3.98597526550293,52.4518928527832],[-3.900593519210815,52.4518928527832],[-3.905009875614072,52.49219970297237],[-4.156738758087158,52.4518928527832],[-4.071356773376465,52.4518928527832]],[[-3.311517715454102,51.71418380737305],[-3.318403005599976,51.78114318847656],[-3.304651498794556,51.64724349975586],[-3.311517715454102,51.71418380737305]],[[-3.216388561861045,51.61377446669935],[-3.219791889190674,51.64724349975586],[-3.304651498794556,51.64724349975586],[-3.216388561861045,51.61377446669935]]],[[[-5.153679370880127,55.021148681640625],[-5.171102046966553,55.15733337402344],[-4.777467250823975,55.498252868652344],[-4.786076545715332,55.56651306152344],[-4.794708251953125,55.63479995727539],[-4.978706836700439,55.70311737060547],[-5.005115509033203,55.90821838378906],[-4.838211059570312,55.97663879394531],[-4.846980571746826,56.04508590698242],[-4.864589691162109,56.182064056396484],[-4.248361110687256,56.182064056396484],[-3.959438800811768,55.97663879394531],[-3.783684492111206,55.97663879394531],[-3.384954214096069,55.56651306152344],[-3.361621379852295,55.36180877685547],[-3.186784505844116,55.36180877685547],[-3.084213972091675,55.225467681884766],[-3.06163477897644,55.021148681640625],[-3.402623414993286,54.95309066772461],[-3.489742517471313,54.95309066772461],[-3.576861381530762,54.95309066772461],[-3.569097280502319,54.88506317138672],[-4.423340797424316,54.74907684326172],[-4.86665678024292,54.817054748535156],[-4.953676700592041,54.817054748535156],[-4.936679363250732,54.681121826171875],[-5.110523223876953,54.681121826171875],[-5.32801628112793,55.021148681640625],[-5.153679370880127,55.021148681640625]]]]}},{"type":"Feature","properties":{"name":"Kingdom of Gwent","fromYear":788,"toYear":805,"type":"POLITY","areaKm2":1354.7959864883826,"wikipedia":"Kingdom of Gwent","wikidata":"Q2594661","seshatId":"gb_brythonic_k","source":"cliopatria"},"geometry":{"type":"Polygon","coordinates":[[[-2.951877117156982,51.51342010498047],[-2.625775098800659,51.64724349975586],[-2.822042465209961,51.91512680053711],[-3.318403005599976,51.78114318847656],[-3.311517715454102,51.71418380737305],[-3.304651498794556,51.64724349975586],[-3.219791889190674,51.64724349975586],[-3.212986946105957,51.580322265625],[-3.128170013427734,51.580322265625],[-3.121426105499268,51.51342010498047],[-3.036651611328125,51.51342010498047],[-2.951877117156982,51.51342010498047]]]}},{"type":"Feature","properties":{"name":"Byzantine Empire","fromYear":788,"toYear":805,"type":"POLITY","areaKm2":703237.6946264629,"wikipedia":"Byzantine Empire","wikidata":"Q112039853","seshatId":"tr_byzantine_emp_1","source":"cliopatria"},"geometry":{"type":"MultiPolygon","coordinates":[[[[14.339592933654785,36.03080368041992],[14.417119026184082,36.03080368041992],[14.571182250976562,35.9664192199707],[14.568227767944336,35.77327346801758],[14.33681869506836,35.837650299072266],[14.339592933654785,36.03080368041992]]],[[[22.887205123901367,36.417205810546875],[22.964859008789062,36.417205810546875],[23.116798400878906,36.3527946472168],[23.10675048828125,36.15959167480469],[22.87404441833496,36.15959167480469],[22.887205123901367,36.417205810546875]]],[[[20.621307373046875,37.89975357055664],[20.69947624206543,37.89975357055664],[20.933977127075195,37.89975357055664],[20.922147750854492,37.641746520996094],[20.612695693969727,37.706241607666016],[20.621307373046875,37.89975357055664]]],[[[16.491945266723633,38.416015625],[15.932764053344727,37.96426773071289],[15.698192596435547,37.96426773071289],[15.62426471710205,38.157840728759766],[15.389483451843262,38.157840728759766],[15.066489219665527,37.641746520996094],[15.059245109558105,37.254878997802734],[15.213889122009277,37.1904182434082],[15.049844741821289,36.73930740356445],[14.661029815673828,36.73930740356445],[14.27791690826416,37.12596130371094],[13.578389167785645,37.254878997802734],[13.192005157470703,37.5772590637207],[12.490468978881836,37.706241607666016],[12.49189567565918,37.89975357055664],[12.649824142456055,38.09331130981445],[13.040358543395996,38.028785705566406],[13.119925498962402,38.157840728759766],[13.354706764221191,38.157840728759766],[13.665236473083496,37.96426773071289],[14.05618953704834,37.96426773071289],[15.862062454223633,38.28691864013672],[15.949724197387695,38.67427444458008],[16.265209197998047,38.738853454589844],[16.270299911499023,38.93262481689453],[16.116540908813477,39.06184005737305],[16.048002243041992,39.449623107910156],[15.895502090454102,39.64360046386719],[15.897183418273926,39.70827102661133],[16.44911766052246,39.70827102661133],[16.44725799560547,39.64360046386719],[16.83742332458496,39.51427459716797],[16.916194915771484,39.51427459716797],[17.069679260253906,39.38497543334961],[17.138301849365234,39.06184005737305],[16.502395629882812,38.80344009399414],[16.491945266723633,38.416015625]]],[[[20.328466415405273,38.351463317871094],[20.488054275512695,38.416015625],[20.566410064697266,38.416015625],[20.795446395874023,38.28691864013672],[20.7864933013916,38.09331130981445],[20.319902420043945,38.157840728759766],[20.328466415405273,38.351463317871094]]],[[[23.56732749938965,38.80344009399414],[23.563383102416992,38.738853454589844],[23.484909057617188,38.738853454589844],[23.488826751708984,38.80344009399414],[23.56732749938965,38.80344009399414]]],[[[20.151897430419922,39.64360046386719],[20.148855209350586,39.57893371582031],[20.070056915283203,39.57893371582031],[20.073074340820312,39.64360046386719],[20.151897430419922,39.64360046386719]]],[[[9.74737548828125,39.64360046386719],[9.668553352355957,39.64360046386719],[9.592622756958008,39.1264533996582],[9.120378494262695,39.19107437133789],[8.96590518951416,38.8680305480957],[8.730334281921387,38.8680305480957],[8.336196899414062,38.997230529785156],[8.411824226379395,39.25570297241211],[8.333152770996094,39.25570297241211],[8.330102920532227,39.51427459716797],[8.40887451171875,39.51427459716797],[8.48337459564209,39.90232849121094],[8.324762344360352,39.9670295715332],[8.400031089782715,40.29063034057617],[8.32094955444336,40.29063034057617],[8.318660736083984,40.4848747253418],[8.159523010253906,40.54964065551758],[8.154606819152832,40.93837356567383],[8.552037239074707,40.873565673828125],[9.024832725524902,41.26253128051758],[9.10431957244873,41.26253128051758],[9.50210952758789,41.19768524169922],[9.821690559387207,40.74397277832031],[9.823226928710938,40.355369567871094],[9.665326118469238,40.29063034057617],[9.74737548828125,39.64360046386719]]],[[[17.41753578186035,40.355369567871094],[17.345230102539062,40.54964065551758],[17.825260162353516,40.6791877746582],[18.211158752441406,40.42012023925781],[18.20861053466797,40.355369567871094],[18.43811798095703,40.16116714477539],[18.34894371032715,39.90232849121094],[18.11216926574707,39.90232849121094],[17.813072204589844,40.355369567871094],[17.41753578186035,40.355369567871094]]],[[[19.997268676757812,41.32738494873047],[19.917755126953125,41.32738494873047],[19.92104148864746,41.39224624633789],[20.00058364868164,41.39224624633789],[19.997268676757812,41.32738494873047]]],[[[19.93429946899414,41.65177917480469],[19.854646682739258,41.65177917480469],[19.857959747314453,41.71668243408203],[19.937641143798828,41.71668243408203],[19.93429946899414,41.65177917480469]]],[[[18.068927764892578,42.75628662109375],[17.98878288269043,42.75628662109375],[17.83389663696289,42.88639831542969],[18.07451057434082,42.88639831542969],[18.146263122558594,42.691246032714844],[18.068927764892578,42.75628662109375]]],[[[17.513078689575195,42.88639831542969],[17.593284606933594,42.88639831542969],[17.590667724609375,42.82133865356445],[17.588058471679688,42.75628662109375],[17.50791358947754,42.75628662109375],[17.510494232177734,42.82133865356445],[17.513078689575195,42.88639831542969]]],[[[16.802907943725586,43.211830139160156],[17.12432289123535,43.211830139160156],[17.119401931762695,43.08163070678711],[16.717933654785156,43.08163070678711],[16.722553253173828,43.211830139160156],[16.802907943725586,43.211830139160156]]],[[[16.729515075683594,43.407203674316406],[16.731842041015625,43.472347259521484],[16.81231689453125,43.472347259521484],[16.80995750427246,43.407203674316406],[16.80760383605957,43.342071533203125],[16.727190017700195,43.342071533203125],[16.729515075683594,43.407203674316406]]],[[[15.931157112121582,43.6026611328125],[15.933189392089844,43.6678352355957],[16.658279418945312,43.6678352355957],[16.653669357299805,43.53750228881836],[16.573163986206055,43.53750228881836],[16.253297805786133,43.6026611328125],[16.168521881103516,43.472347259521484],[15.927099227905273,43.472347259521484],[16.01169204711914,43.6026611328125],[15.931157112121582,43.6026611328125]]],[[[15.387516975402832,44.32010269165039],[15.38385009765625,44.18956756591797],[15.22045612335205,44.12431716918945],[15.2222261428833,44.18956756591797],[15.223997116088867,44.25482940673828],[15.14315414428711,44.25482940673828],[15.144895553588867,44.32010269165039],[15.146636962890625,44.38538360595703],[15.387516975402832,44.32010269165039]]],[[[15.067441940307617,44.45067596435547],[15.148378372192383,44.45067596435547],[15.146636962890625,44.38538360595703],[15.065731048583984,44.38538360595703],[15.067441940307617,44.45067596435547]]],[[[14.988184928894043,44.5159797668457],[15.06915283203125,44.5159797668457],[15.067441940307617,44.45067596435547],[14.986505508422852,44.45067596435547],[14.988184928894043,44.5159797668457]]],[[[24.149879455566406,35.38706970214844],[24.30097007751465,35.32271194458008],[25.69233512878418,35.32271194458008],[25.680648803710938,35.12965774536133],[26.22533416748047,35.194007873535156],[26.140073776245117,35.065311431884766],[24.823745727539062,35.00096893310547],[24.7574462890625,35.194007873535156],[24.52567481994629,35.194007873535156],[24.44841766357422,35.194007873535156],[23.679210662841797,35.258358001708984],[23.615402221679688,35.51579284667969],[24.156919479370117,35.51579284667969],[24.149879455566406,35.38706970214844]]],[[[27.692523956298828,36.28839111328125],[28.01713752746582,36.48161697387695],[28.09481430053711,36.48161697387695],[28.250165939331055,36.48161697387695],[28.139331817626953,36.03080368041992],[27.742563247680664,35.902034759521484],[27.692523956298828,36.28839111328125]]],[[[27.116777420043945,36.932613372802734],[27.18541717529297,36.80373764038086],[26.865324020385742,36.67487716674805],[27.038949966430664,36.932613372802734],[27.116777420043945,36.932613372802734]]],[[[25.339021682739258,37.12596130371094],[25.416915893554688,37.12596130371094],[25.57270622253418,37.12596130371094],[25.56435775756836,36.9970588684082],[25.330806732177734,36.9970588684082],[25.339021682739258,37.12596130371094]]],[[[24.28331756591797,37.706241607666016],[24.36141586303711,37.706241607666016],[24.43158721923828,37.5772590637207],[24.27158546447754,37.51277160644531],[24.201318740844727,37.641746520996094],[24.28331756591797,37.706241607666016]]],[[[24.986202239990234,37.706241607666016],[25.064300537109375,37.706241607666016],[25.220497131347656,37.706241607666016],[25.285974502563477,37.51277160644531],[25.0518856048584,37.51277160644531],[24.986202239990234,37.706241607666016]]],[[[26.079580307006836,37.706241607666016],[26.157678604125977,37.706241607666016],[26.313875198364258,37.706241607666016],[26.304851531982422,37.5772590637207],[25.988245010375977,37.51277160644531],[26.079580307006836,37.706241607666016]]],[[[24.772438049316406,38.028785705566406],[25.068470001220703,37.7707405090332],[24.830005645751953,37.706241607666016],[24.681930541992188,37.835243225097656],[24.694225311279297,38.028785705566406],[24.772438049316406,38.028785705566406]]],[[[25.820756912231445,38.48057174682617],[25.912982940673828,38.67427444458008],[25.99143409729004,38.67427444458008],[26.217344284057617,38.54513168334961],[26.111188888549805,38.157840728759766],[25.876405715942383,38.157840728759766],[25.89913558959961,38.48057174682617],[25.820756912231445,38.48057174682617]]],[[[24.364974975585938,38.997230529785156],[24.443546295166016,38.997230529785156],[24.674930572509766,38.93262481689453],[24.662033081054688,38.738853454589844],[24.35651969909668,38.8680305480957],[24.364974975585938,38.997230529785156]]],[[[26.09356689453125,38.997230529785156],[26.103172302246094,39.1264533996582],[25.793418884277344,39.19107437133789],[26.043895721435547,39.38497543334961],[26.122615814208984,39.38497543334961],[26.511207580566406,39.320335388183594],[26.643573760986328,38.997230529785156],[26.24588966369629,38.93262481689453],[26.09356689453125,38.997230529785156]]],[[[31.534175872802734,41.39224624633789],[32.02653121948242,41.521995544433594],[32.04172897338867,41.65177917480469],[32.1933708190918,41.586883544921875],[32.694705963134766,41.781593322753906],[32.630775451660156,41.911441802978516],[34.78450012207031,41.911441802978516],[34.881736755371094,42.041324615478516],[35.121212005615234,42.041324615478516],[35.08602523803711,41.781593322753906],[35.30754852294922,41.65177917480469],[35.953800201416016,41.71668243408203],[36.20920181274414,41.26253128051758],[36.77476501464844,41.32738494873047],[37.06510925292969,41.132843017578125],[37.23323440551758,41.19768524169922],[37.21474075317383,41.06801223754883],[37.770565032958984,41.06801223754883],[37.83116149902344,40.93837356567383],[38.15805435180664,41.00318908691406],[38.29773712158203,40.873565673828125],[38.78335189819336,40.93837356567383],[39.0508918762207,41.132843017578125],[39.735538482666016,40.93837356567383],[40.370330810546875,40.93837356567383],[40.390892028808594,41.06801223754883],[40.53934860229492,41.00318908691406],[41.04725646972656,41.19768524169922],[41.15876007080078,41.39224624633789],[41.307071685791016,41.32738494873047],[41.40821838378906,41.45711898803711],[41.73747634887695,41.521995544433594],[41.726497650146484,41.45711898803711],[41.08447265625,40.93837356567383],[40.57756042480469,40.74397277832031],[39.589115142822266,39.9670295715332],[38.841835021972656,39.70827102661133],[38.298851013183594,39.77294921875],[38.15900421142578,39.90232849121094],[38.080078125,39.90232849121094],[37.764381408691406,39.90232849121094],[37.34373092651367,39.70827102661133],[36.820404052734375,39.320335388183594],[36.803916931152344,39.19107437133789],[36.55985641479492,39.1264533996582],[36.543701171875,38.997230529785156],[35.74471664428711,38.22237777709961],[35.72979736328125,38.09331130981445],[35.80803680419922,38.09331130981445],[35.69296646118164,37.7707405090332],[35.53672409057617,37.7707405090332],[35.35895919799805,37.5772590637207],[35.351837158203125,37.51277160644531],[35.03270721435547,37.44829177856445],[34.77800369262695,37.254878997802734],[34.65944290161133,36.8681755065918],[34.581634521484375,36.8681755065918],[34.2507209777832,36.67487716674805],[33.97906494140625,36.28839111328125],[33.2744140625,36.2239875793457],[32.713401794433594,36.03080368041992],[32.558349609375,36.03080368041992],[32.498512268066406,36.2239875793457],[32.06806182861328,36.61045455932617],[31.08603858947754,36.932613372802734],[30.619068145751953,36.932613372802734],[30.49193572998047,36.3527946472168],[30.02613639831543,36.3527946472168],[29.938032150268555,36.2239875793457],[29.239721298217773,36.2239875793457],[29.124916076660156,36.73930740356445],[28.736103057861328,36.73930740356445],[28.590524673461914,36.8681755065918],[28.357105255126953,36.8681755065918],[28.186922073364258,36.67487716674805],[28.03143882751465,36.67487716674805],[28.138330459594727,37.06150817871094],[28.065349578857422,37.12596130371094],[27.597978591918945,37.12596130371094],[27.53919219970703,37.38381576538086],[27.22254180908203,37.3193473815918],[27.309988021850586,37.44829177856445],[27.16343116760254,37.5772590637207],[27.2558650970459,37.7707405090332],[27.177743911743164,37.7707405090332],[27.27528190612793,38.028785705566406],[26.888994216918945,38.09331130981445],[26.820327758789062,38.22237777709961],[26.42890739440918,38.22237777709961],[26.38368797302246,38.67427444458008],[26.535762786865234,38.60969924926758],[26.594974517822266,38.351463317871094],[27.06496238708496,38.351463317871094],[27.079774856567383,38.54513168334961],[26.849470138549805,38.60969924926758],[26.95786476135254,38.997230529785156],[26.879291534423828,38.997230529785156],[26.894468307495117,39.19107437133789],[26.742225646972656,39.25570297241211],[26.84657859802246,39.57893371582031],[26.132457733154297,39.51427459716797],[26.2723331451416,40.29063034057617],[26.604726791381836,40.4848747253418],[26.683887481689453,40.4848747253418],[26.673099517822266,40.355369567871094],[27.46982192993164,40.42012023925781],[27.537628173828125,40.29063034057617],[27.695789337158203,40.29063034057617],[27.792133331298828,40.4848747253418],[27.950454711914062,40.4848747253418],[27.938817977905273,40.355369567871094],[29.046321868896484,40.355369567871094],[28.900379180908203,40.4848747253418],[28.91274642944336,40.614410400390625],[29.3944091796875,40.6791877746582],[29.493009567260742,40.873565673828125],[29.24864959716797,40.80876541137695],[29.10276222229004,40.93837356567383],[29.115554809570312,41.06801223754883],[27.527481079101562,41.06801223754883],[27.017187118530273,40.6791877746582],[26.921367645263672,40.4848747253418],[26.76849937438965,40.54964065551758],[26.93239974975586,40.614410400390625],[26.853185653686523,40.614410400390625],[26.773971557617188,40.614410400390625],[26.779464721679688,40.6791877746582],[26.700223922729492,40.6791877746582],[26.620983123779297,40.6791877746582],[26.547176361083984,40.74397277832031],[26.140260696411133,40.614410400390625],[26.082168579101562,40.873565673828125],[25.849451065063477,40.93837356567383],[24.34656524658203,41.00318908691406],[24.010608673095703,40.74397277832031],[23.698017120361328,40.80876541137695],[23.684629440307617,40.614410400390625],[23.83857536315918,40.54964065551758],[23.73737335205078,40.225894927978516],[22.959190368652344,40.42012023925781],[22.89249038696289,40.614410400390625],[22.57158088684082,40.54964065551758],[22.543659210205078,40.0964469909668],[22.701663970947266,40.0964469909668],[22.610868453979492,39.90232849121094],[23.135168075561523,39.449623107910156],[22.816326141357422,39.38497543334961],[22.797286987304688,39.06184005737305],[22.95830535888672,39.1264533996582],[23.492761611938477,38.8680305480957],[23.331829071044922,38.80344009399414],[23.025423049926758,38.93262481689453],[22.935583114624023,38.738853454589844],[23.16720199584961,38.67427444458008],[23.312631607055664,38.48057174682617],[23.626148223876953,38.48057174682617],[23.563383102416992,38.738853454589844],[24.030162811279297,38.67427444458008],[24.178871154785156,38.54513168334961],[24.158668518066406,38.22237777709961],[24.002099990844727,38.22237777709961],[23.9786319732666,37.835243225097656],[23.44280242919922,38.028785705566406],[23.208162307739258,38.028785705566406],[23.20083236694336,37.89975357055664],[23.044498443603516,37.89975357055664],[23.108261108398438,37.641746520996094],[23.342487335205078,37.641746520996094],[23.402393341064453,37.3193473815918],[23.168506622314453,37.3193473815918],[23.175601959228516,37.44829177856445],[22.94858741760254,37.5772590637207],[22.71442985534668,37.5772590637207],[22.700735092163086,37.3193473815918],[22.853219985961914,37.254878997802734],[23.056013107299805,36.67487716674805],[22.83283233642578,36.8681755065918],[22.59941291809082,36.8681755065918],[22.51182746887207,36.67487716674805],[22.35634422302246,36.67487716674805],[22.21999168395996,37.06150817871094],[21.90850067138672,37.06150817871094],[21.899152755737305,36.8681755065918],[21.743539810180664,36.8681755065918],[21.681032180786133,37.1904182434082],[21.60311508178711,37.1904182434082],[21.696598052978516,37.51277160644531],[21.243581771850586,37.835243225097656],[21.415550231933594,38.157840728759766],[21.728593826293945,38.157840728759766],[21.738431930541992,38.351463317871094],[21.19325065612793,38.416015625],[20.973709106445312,38.738853454589844],[20.74135398864746,38.80344009399414],[20.91095733642578,39.06184005737305],[20.29724884033203,39.38497543334961],[20.15495491027832,39.70827102661133],[19.918411254882812,39.70827102661133],[19.912464141845703,39.57893371582031],[19.75778579711914,39.64360046386719],[19.76365852355957,39.77294921875],[20.00027847290039,39.77294921875],[20.009418487548828,39.9670295715332],[19.62952995300293,40.29063034057617],[19.47136878967285,40.29063034057617],[19.48629379272461,40.614410400390625],[19.2486515045166,40.614410400390625],[19.254547119140625,40.74397277832031],[19.498455047607422,40.873565673828125],[19.422176361083984,40.93837356567383],[19.529659271240234,41.521995544433594],[19.456375122070312,41.65177917480469],[19.854646682739258,41.65177917480469],[19.844770431518555,41.45711898803711],[19.924339294433594,41.45711898803711],[19.838239669799805,41.32738494873047],[19.99396514892578,41.26253128051758],[19.898269653320312,40.93837356567383],[20.056968688964844,40.93837356567383],[20.12649154663086,40.74397277832031],[20.681365966796875,40.74397277832031],[20.92624855041504,40.873565673828125],[21.319175720214844,40.80876541137695],[21.969215393066406,41.06801223754883],[22.05660057067871,41.19768524169922],[22.612812042236328,41.19768524169922],[22.78455352783203,41.39224624633789],[24.633893966674805,41.65177917480469],[24.648962020874023,41.84651184082031],[24.967918395996094,41.84651184082031],[24.973085403442383,41.911441802978516],[25.212387084960938,41.911441802978516],[25.222936630249023,42.041324615478516],[25.462411880493164,42.041324615478516],[25.798250198364258,42.236209869384766],[27.328767776489258,42.36617660522461],[27.532323837280273,42.82133865356445],[27.766481399536133,42.75628662109375],[27.686336517333984,42.75628662109375],[27.673709869384766,42.62621307373047],[27.513538360595703,42.62621307373047],[27.494890213012695,42.43117141723633],[27.936981201171875,42.041324615478516],[27.979368209838867,41.65177917480469],[28.21833038330078,41.65177917480469],[28.352495193481445,41.39224624633789],[28.969518661499023,41.19768524169922],[28.96312141418457,41.132843017578125],[30.47923469543457,41.19768524169922],[30.62422752380371,41.06801223754883],[31.1800537109375,41.06801223754883],[31.534175872802734,41.39224624633789]]],[[[25.145954132080078,40.031734466552734],[25.46186065673828,40.031734466552734],[25.447328567504883,39.8376350402832],[24.973936080932617,39.8376350402832],[25.066978454589844,40.031734466552734],[25.145954132080078,40.031734466552734]]],[[[25.7978458404541,40.29063034057617],[26.03508949279785,40.29063034057617],[26.024850845336914,40.16116714477539],[25.703752517700195,40.0964469909668],[25.718765258789062,40.29063034057617],[25.7978458404541,40.29063034057617]]],[[[24.490964889526367,40.80876541137695],[24.57025909423828,40.80876541137695],[24.808143615722656,40.80876541137695],[24.793624877929688,40.614410400390625],[24.551259994506836,40.54964065551758],[24.490964889526367,40.80876541137695]]],[[[27.71177101135254,43.016544342041016],[27.718164443969727,43.08163070678711],[27.73743438720703,43.276947021484375],[27.985124588012695,43.342071533203125],[27.97858428955078,43.276947021484375],[27.71177101135254,43.016544342041016]]],[[[33.76353073120117,45.03877639770508],[33.844749450683594,45.03877639770508],[33.92597198486328,45.03877639770508],[34.0071907043457,45.03877639770508],[34.088409423828125,45.03877639770508],[34.07926940917969,44.973392486572266],[34.72877502441406,44.973392486572266],[34.79114532470703,44.842647552490234],[34.710018157958984,44.842647552490234],[33.763771057128906,44.45067596435547],[33.68283462524414,44.45067596435547],[33.601898193359375,44.45067596435547],[33.52096176147461,44.45067596435547],[33.46652603149414,44.64661407470703],[33.54755401611328,44.64661407470703],[33.60108947753906,45.03877639770508],[33.682308197021484,45.03877639770508],[33.76353073120117,45.03877639770508]]]]}},{"type":"Feature","properties":{"name":"Duchy of Gascony","fromYear":793,"toYear":805,"type":"POLITY","areaKm2":16246.51743127666,"wikipedia":"Duchy of Gascony","wikidata":"Q2295939","seshatId":null,"source":"cliopatria"},"geometry":{"type":"Polygon","coordinates":[[[0.127878397703171,42.56119155883789],[0.036286983639002,42.75628662109375],[-0.528801321983337,42.82133865356445],[-1.026964664459229,43.08163070678711],[-1.428432941436768,43.08163070678711],[-1.441840410232544,43.276947021484375],[-1.687574744224548,43.342071533203125],[-1.767988562583923,43.342071533203125],[-3.05971884727478,43.407203674316406],[-3.140162944793701,43.407203674316406],[-3.194893360137939,43.08163070678711],[-3.029263496398926,43.016544342041016],[-3.014215230941772,42.82133865356445],[-2.934040546417236,42.82133865356445],[-2.999286651611328,42.62621307373047],[-2.919200420379639,42.62621307373047],[-2.27851128578186,42.62621307373047],[-2.198425054550171,42.62621307373047],[-2.127629995346069,42.75628662109375],[-1.726904630661011,42.75628662109375],[-0.016884818673134,42.30118942260742],[0.127878397703171,42.56119155883789]]]}},{"type":"Feature","properties":{"name":"Obotrites","fromYear":793,"toYear":805,"type":"POLITY","areaKm2":11600.781304031834,"wikipedia":"Obotrites","wikidata":"Q156108","seshatId":null,"source":"cliopatria"},"geometry":{"type":"MultiPolygon","coordinates":[[[[11.303637504577637,53.192195892333984],[11.046463012695312,53.25962829589844],[10.87574291229248,53.462066650390625],[10.877296447753906,53.732303619384766],[11.224658012390137,54.00291442871094],[11.311097145080566,54.00291442871094],[11.397537231445312,54.00291442871094],[11.398930549621582,54.138362884521484],[11.920124053955078,54.27390670776367],[12.006754875183105,54.27390670776367],[12.174370765686035,53.93522644042969],[12.173257827758789,53.86756134033203],[12.344743728637695,53.799922943115234],[12.338814735412598,53.462066650390625],[12.423662185668945,53.39456558227539],[11.90478515625,53.192195892333984],[11.988746643066406,53.057395935058594],[11.38951587677002,53.192195892333984],[11.303637504577637,53.192195892333984]]],[[[10.534491539001465,54.4095458984375],[11.054854393005371,54.4095458984375],[11.053302764892578,54.20612335205078],[10.792823791503906,54.07062530517578],[10.792462348937988,54.00291442871094],[10.10092830657959,54.07062530517578],[10.100910186767578,54.138362884521484],[10.100845336914062,54.47740173339844],[10.534724235534668,54.47740173339844],[10.534491539001465,54.4095458984375]]]]}},{"type":"Feature","properties":{"name":"Papal States","fromYear":793,"toYear":805,"type":"POLITY","areaKm2":15157.642771064811,"wikipedia":"Papal States","wikidata":"Q170174","seshatId":"it_st_peter_rep_1","source":"cliopatria"},"geometry":{"type":"MultiPolygon","coordinates":[[[[13.327016830444336,41.911441802978516],[13.804443359375,41.84651184082031],[13.96146297454834,41.71668243408203],[14.03740406036377,41.521995544433594],[13.874675750732422,41.32738494873047],[13.397590637207031,41.32738494873047],[13.318076133728027,41.32738494873047],[13.000019073486328,41.32738494873047],[12.922186851501465,41.45711898803711],[12.604641914367676,41.521995544433594],[12.130502700805664,41.911441802978516],[12.131669044494629,42.041324615478516],[11.733430862426758,42.17123794555664],[11.73387622833252,42.236209869384766],[12.053521156311035,42.236209869384766],[12.134614944458008,42.36617660522461],[12.13580322265625,42.496177673339844],[11.976285934448242,42.56119155883789],[12.059759140014648,42.95146560668945],[11.82194709777832,43.342071533203125],[12.224648475646973,43.407203674316406],[12.141195297241211,43.08163070678711],[12.301782608032227,43.08163070678711],[12.375204086303711,42.43117141723633],[12.615199089050293,42.43117141723633],[13.00974178314209,42.041324615478516],[13.328027725219727,41.97637939453125],[13.327016830444336,41.911441802978516]]],[[[10.85624885559082,42.95146560668945],[10.776015281677246,42.95146560668945],[10.695780754089355,42.95146560668945],[10.695845603942871,43.016544342041016],[10.615581512451172,43.016544342041016],[10.615615844726562,43.08163070678711],[10.535322189331055,43.08163070678711],[10.535325050354004,43.146724700927734],[11.177671432495117,43.08163070678711],[11.17718505859375,42.95146560668945],[10.936327934265137,42.88639831542969],[10.856123924255371,42.88639831542969],[10.85624885559082,42.95146560668945]]]]}},{"type":"Feature","properties":{"name":"Pala Empire","fromYear":793,"toYear":805,"type":"POLITY","areaKm2":483773.2155701498,"wikipedia":"Pala Empire","wikidata":"Q668412","seshatId":"in_pala_emp","source":"cliopatria"},"geometry":{"type":"MultiPolygon","coordinates":[[[[91.18846893310547,22.20768928527832],[91.0304183959961,22.143402099609375],[91.0583724975586,22.33626365661621],[91.28156280517578,22.33626365661621],[91.2628402709961,22.20768928527832],[91.18846893310547,22.20768928527832]]],[[[92.33797454833984,24.329193115234375],[92.03970336914062,23.879167556762695],[91.86341094970703,23.236284255981445],[91.24492645263672,22.59341049194336],[90.93775177001953,22.529123306274414],[90.86321258544922,22.014829635620117],[90.6309814453125,21.950544357299805],[90.64935302734375,22.079116821289062],[90.42626953125,22.079116821289062],[90.23202514648438,21.7576847076416],[89.89663696289062,22.014829635620117],[89.86945343017578,21.821969985961914],[89.71179962158203,21.7576847076416],[89.11725616455078,21.7576847076416],[89.09945678710938,21.629112243652344],[88.72795104980469,21.629112243652344],[88.71597290039062,22.079116821289062],[88.64161682128906,22.079116821289062],[88.51387023925781,21.693397521972656],[88.19908142089844,21.5648250579834],[88.20438385009766,22.143402099609375],[87.99917602539062,22.271976470947266],[87.88645935058594,22.529123306274414],[87.59782409667969,22.59341049194336],[87.54158020019531,22.72198486328125],[85.92020416259766,23.36486053466797],[85.86429595947266,23.493436813354492],[84.8861083984375,23.943456649780273],[83.32047271728516,24.457773208618164],[83.060791015625,24.714935302734375],[82.83655548095703,24.714935302734375],[81.86968231201172,25.229267120361328],[80.93750762939453,25.48643684387207],[80.03643035888672,25.936485290527344],[79.96147918701172,25.936485290527344],[78.98601531982422,26.386537551879883],[78.80424499511719,26.643707275390625],[78.50390625,26.643707275390625],[78.1612548828125,26.836584091186523],[78.1759033203125,27.35091781616211],[78.68557739257812,27.6723690032959],[78.7608642578125,27.6723690032959],[79.0225830078125,27.865236282348633],[79.64960479736328,27.993812561035156],[81.0059585571289,27.993812561035156],[81.8975601196289,27.92952537536621],[82.31180572509766,27.736658096313477],[82.92684173583984,27.800947189331055],[83.65448760986328,27.6723690032959],[83.85501861572266,27.54378890991211],[84.2440185546875,27.608078002929688],[85.03369903564453,27.41520881652832],[85.4345703125,27.158044815063477],[86.02345275878906,27.093751907348633],[87.22594451904297,26.70800018310547],[88.5526123046875,26.57941436767578],[88.72834014892578,26.32224464416504],[89.11579132080078,26.386537551879883],[89.2047348022461,26.06507110595703],[89.3426284790039,26.000778198242188],[89.91917378995085,26.129364013671875],[89.67040290968193,25.94807482568662],[89.51115407459375,25.637411148880034],[89.57087238775183,25.523696869127658],[90.05525426114501,25.34392853009993],[92.48589169537152,25.175793059546628],[92.48392486572266,25.164974212646484],[92.33797454833984,24.329193115234375]]]]}},{"type":"Feature","properties":{"name":"Duchy of Benevento","fromYear":793,"toYear":839,"type":"POLITY","areaKm2":42794.819387099735,"wikipedia":"Duchy of Benevento","wikidata":"Q267816","seshatId":null,"source":"cliopatria"},"geometry":{"type":"Polygon","coordinates":[[[16.861696243286133,40.29063034057617],[16.624452590942383,40.29063034057617],[16.697484970092773,40.0964469909668],[16.45665168762207,39.9670295715332],[16.450986862182617,39.77294921875],[16.44911766052246,39.70827102661133],[15.897183418273926,39.70827102661133],[15.898874282836914,39.77294921875],[15.665508270263672,39.90232849121094],[15.747773170471191,40.031734466552734],[15.431868553161621,40.031734466552734],[14.963752746582031,40.29063034057617],[14.971100807189941,40.614410400390625],[14.81411075592041,40.6791877746582],[14.734869956970215,40.6791877746582],[14.737711906433105,40.80876541137695],[14.579122543334961,40.80876541137695],[14.503893852233887,41.00318908691406],[14.02763557434082,41.00318908691406],[13.948259353637695,41.00318908691406],[13.950616836547852,41.132843017578125],[13.791753768920898,41.132843017578125],[13.714534759521484,41.26253128051758],[13.396588325500488,41.26253128051758],[13.397590637207031,41.32738494873047],[13.874675750732422,41.32738494873047],[14.03740406036377,41.521995544433594],[13.96146297454834,41.71668243408203],[14.120827674865723,41.71668243408203],[14.365377426147461,41.97637939453125],[14.687567710876465,42.10627746582031],[14.76742172241211,42.10627746582031],[14.9239501953125,41.97637939453125],[15.165011405944824,42.041324615478516],[15.241438865661621,41.911441802978516],[16.11888313293457,41.911441802978516],[16.114879608154297,41.781593322753906],[15.87384033203125,41.71668243408203],[15.943941116333008,41.39224624633789],[16.732860565185547,41.19768524169922],[17.669193267822266,40.74397277832031],[17.503604888916016,40.54964065551758],[16.867990493774414,40.4848747253418],[16.945016860961914,40.42012023925781],[16.863784790039062,40.355369567871094],[16.861696243286133,40.29063034057617]]]}},{"type":"Feature","properties":{"name":"Yenisei Kyrgyz","fromYear":793,"toYear":839,"type":"POLITY","areaKm2":167264.22709607647,"wikipedia":"Yenisei Kyrgyz","wikidata":"Q83142","seshatId":null,"source":"cliopatria"},"geometry":{"type":"Polygon","coordinates":[[[98.77336120605469,54.341712951660156],[98.82280731201172,54.4095458984375],[98.40117645263672,54.545284271240234],[98.45075988769531,54.613189697265625],[96.82202911376953,54.88506317138672],[96.87127685546875,54.95309066772461],[96.60991668701172,54.95309066772461],[96.6591567993164,55.021148681640625],[94.38408660888672,54.88506317138672],[93.1982421875,54.681121826171875],[92.14012908935547,54.27390670776367],[91.47919464111328,53.799922943115234],[91.43480682373047,53.732303619384766],[91.52105712890625,53.732303619384766],[90.86997985839844,52.85536575317383],[89.90263366699219,51.98215103149414],[89.86211395263672,51.91512680053711],[90.1172103881836,51.91512680053711],[90.07669830322266,51.84812545776367],[90.24667358398438,51.84812545776367],[90.20621490478516,51.78114318847656],[90.63094329833984,51.78114318847656],[90.59040069580078,51.71418380737305],[90.76020812988281,51.71418380737305],[90.7197265625,51.64724349975586],[91.1440200805664,51.64724349975586],[91.10346221923828,51.580322265625],[92.37571716308594,51.580322265625],[94.58428192138672,52.250450134277344],[96.38236236572266,52.51908493041992],[97.92002868652344,52.51908493041992],[97.87442779541016,52.4518928527832],[98.29542541503906,52.31757736206055],[98.25,52.250450134277344],[99.01121520996094,52.11625671386719],[99.27970886230469,52.38472366333008],[100.07284545898438,52.78806686401367],[100.54847717285156,52.85536575317383],[100.64414978027344,52.99003219604492],[100.55840301513672,52.99003219604492],[100.6064224243164,53.057395935058594],[100.3112564086914,53.124786376953125],[100.32173919677734,53.25962829589844],[100.14989471435547,53.25962829589844],[100.25784301757812,53.52959060668945],[100.13436889648438,53.597137451171875],[100.18326568603516,53.664710998535156],[100.01085662841797,53.664710998535156],[100.0226058959961,53.799922943115234],[99.85001373291016,53.799922943115234],[99.89910888671875,53.86756134033203],[99.72642517089844,53.86756134033203],[99.77557373046875,53.93522644042969],[99.60279083251953,53.93522644042969],[99.65199279785156,54.00291442871094],[98.86003875732422,54.341712951660156],[98.77336120605469,54.341712951660156]]]}},{"type":"Feature","properties":{"name":"Tibetan Empire","fromYear":793,"toYear":829,"type":"POLITY","areaKm2":3856082.0187666332,"wikipedia":"Tibetan Empire","wikidata":"Q2431480","seshatId":"cn_tibet_k","source":"cliopatria"},"geometry":{"type":"Polygon","coordinates":[[[92.1469955444336,26.900876998901367],[91.9754867553711,27.158044815063477],[92.03047943115234,27.41520881652832],[91.72953796386719,27.41520881652832],[91.60681915283203,27.54378890991211],[91.63074493408203,27.993812561035156],[91.19298553466797,28.058101654052734],[90.93831634521484,27.92952537536621],[90.81615447998047,28.058101654052734],[90.36395263671875,28.058101654052734],[90.33158874511719,28.25096321105957],[90.19522094726562,28.315250396728516],[89.96895599365234,28.315250396728516],[89.62443542480469,28.12238883972168],[88.8706283569336,28.12238883972168],[88.84268188476562,27.993812561035156],[88.5551528930664,28.058101654052734],[88.21238708496094,27.865236282348633],[87.74687194824219,27.800947189331055],[87.37030792236328,27.800947189331055],[86.82172393798828,28.058101654052734],[86.34259796142578,27.92952537536621],[86.2323226928711,28.12238883972168],[85.96589660644531,27.92952537536621],[85.745361328125,28.315250396728516],[85.1419906616211,28.315250396728516],[85.0937728881836,28.44382095336914],[85.19670867919922,28.572391510009766],[84.74384307861328,28.572391510009766],[84.69590759277344,28.700960159301758],[84.4076919555664,28.765243530273438],[84.23683166503906,29.022375106811523],[83.58460235595703,29.150936126708984],[83.26295471191406,29.40805435180664],[82.45887756347656,29.536611557006836],[81.9858169555664,29.79371452331543],[81.75855255126953,29.79371452331543],[81.37571716308594,30.115081787109375],[81.0723876953125,30.115081787109375],[80.8416519165039,30.436433792114258],[80.26356506347656,30.564971923828125],[79.97239685058594,30.950578689575195],[79.4549560546875,31.014846801757812],[79.10343933105469,31.464719772338867],[78.82906341552734,31.593257904052734],[78.75285339355469,31.593257904052734],[78.7987060546875,31.78606605529785],[78.46499633789062,32.30024337768555],[78.52821350097656,32.557350158691406],[78.31831359863281,32.94303894042969],[78.36701202392578,33.13589859008789],[78.15882110595703,33.52165222167969],[78.12210083007812,33.971771240234375],[78.04521942138672,33.971771240234375],[78.12171173095703,34.55062484741211],[78.0446548461914,34.55062484741211],[78.22614288330078,34.93662643432617],[78.06494903564453,35.194007873535156],[78.10040283203125,35.32271194458008],[77.98138427734375,35.45143127441406],[76.99356842041016,35.51579284667969],[76.71930694580078,35.644527435302734],[76.67723846435547,35.77327346801758],[76.10009765625,35.644527435302734],[76.08589707252858,35.592139886173925],[75.84229572952584,35.64616124678116],[74.8469905102248,36.31732437475001],[74.68774167513662,36.70663624355918],[74.1370061204567,36.77576014459299],[73.88486213156712,36.97745739259756],[73.25450215934312,36.98275801928945],[73.29431436811512,36.49355718940584],[73.154971637413,36.14605056860258],[73.27440826372911,35.89918803090186],[73.3009497362438,35.33822056138265],[73.17352309197975,35.258358001708984],[73.13688659667969,35.258358001708984],[72.71102905273438,35.708900451660156],[72.74433898925781,35.837650299072266],[72.46781921386719,35.9664192199707],[72.50135803222656,36.09519577026367],[72.25849151611328,36.3527946472168],[72.24893188476562,36.61045455932617],[72.26608276367188,36.67487716674805],[72.3352279663086,36.932613372802734],[71.89447021484375,36.73930740356445],[71.58341979980469,36.73930740356445],[71.47911071777344,36.932613372802734],[71.57539367675781,37.5772590637207],[71.4973373413086,37.5772590637207],[71.79216003417969,38.351463317871094],[72.31534576416016,38.80344009399414],[73.00092315673828,39.25570297241211],[73.15826416015625,39.25570297241211],[73.41546630859375,39.57893371582031],[73.57305908203125,39.57893371582031],[73.80000305175781,40.29063034057617],[73.5257339477539,40.42012023925781],[73.48890686035156,40.54964065551758],[73.33053588867188,40.54964065551758],[73.29378509521484,40.6791877746582],[73.13530731201172,40.6791877746582],[73.15658569335938,40.74397277832031],[73.07731628417969,40.74397277832031],[73.32179260253906,41.00318908691406],[74.75056457519531,41.00318908691406],[77.00894927978516,41.32738494873047],[77.29425048828125,41.45711898803711],[77.36493682861328,41.65177917480469],[77.8517074584961,42.10627746582031],[77.87600708007812,42.17123794555664],[78.24455261230469,42.30118942260742],[78.6335220336914,42.691246032714844],[78.65859985351562,42.75628662109375],[80.51930236816406,43.79821014404297],[81.62230682373047,44.12431716918945],[85.71524047851562,44.973392486572266],[89.12516784667969,44.973392486572266],[89.2261962890625,44.842647552490234],[89.63182067871094,44.842647552490234],[89.73248291015625,44.71194839477539],[90.5311508178711,44.5159797668457],[90.50025939941406,44.45067596435547],[90.87394714355469,44.38538360595703],[90.84300994873047,44.32010269165039],[91.135498046875,44.25482940673828],[91.15444946289062,44.12431716918945],[91.31600952148438,44.12431716918945],[91.38481140136719,43.92862319946289],[91.54618835449219,43.92862319946289],[91.61499786376953,43.73301696777344],[91.77619171142578,43.73301696777344],[91.84503173828125,43.53750228881836],[92.00604248046875,43.53750228881836],[92.07494354248047,43.342071533203125],[92.23577117919922,43.342071533203125],[92.35456085205078,43.08163070678711],[92.51515197753906,43.08163070678711],[92.58428955078125,42.88639831542969],[92.74470520019531,42.88639831542969],[92.81398010253906,42.691246032714844],[92.97421264648438,42.691246032714844],[93.04364013671875,42.496177673339844],[93.20369720458984,42.496177673339844],[93.60295867919922,41.97637939453125],[93.54354858398438,41.84651184082031],[94.09674835205078,41.132843017578125],[94.25560760498047,41.132843017578125],[94.48640441894531,40.93837356567383],[96.92637634277344,41.06801223754883],[96.89657592773438,41.00318908691406],[97.6304931640625,40.873565673828125],[98.03691864013672,40.54964065551758],[98.27448272705078,40.54964065551758],[98.50260162353516,40.355369567871094],[98.94775390625,40.29063034057617],[98.91836547851562,40.225894927978516],[99.28423309326172,40.16116714477539],[99.3836898803711,40.031734466552734],[100.17345428466797,40.031734466552734],[100.14405822753906,39.9670295715332],[100.38090515136719,39.9670295715332],[100.73719787597656,39.70827102661133],[101.25987243652344,39.64360046386719],[101.28044891357422,39.51427459716797],[101.43798828125,39.51427459716797],[101.53751373291016,39.38497543334961],[101.47991180419922,39.25570297241211],[101.63008880615234,39.06184005737305],[102.12320709228516,38.93262481689453],[102.11685943603516,38.738853454589844],[102.40255737304688,38.67427444458008],[102.60418701171875,38.416015625],[102.76089477539062,38.416015625],[103.37737274169922,38.028785705566406],[103.69023132324219,38.028785705566406],[103.76398468017578,37.835243225097656],[104.6190414428711,37.641746520996094],[104.8258285522461,37.5772590637207],[104.77120971679688,37.44829177856445],[105.16124725341797,37.44829177856445],[105.4693603515625,37.254878997802734],[105.70317840576172,37.254878997802734],[105.85546875,37.06150817871094],[105.74796295166016,36.80373764038086],[105.92794799804688,36.67487716674805],[105.87490844726562,36.5460319519043],[106.13167572021484,36.2239875793457],[105.74381256103516,35.837650299072266],[104.94551086425781,35.58015823364258],[104.635986328125,35.58015823364258],[103.89337158203125,35.258358001708984],[103.66561889648438,35.065311431884766],[103.44961547851562,34.48630142211914],[103.52665710449219,34.48630142211914],[103.38555145263672,34.10039138793945],[103.4928207397461,33.971771240234375],[103.3320083618164,33.52165222167969],[103.0340576171875,33.32876968383789],[102.55159759521484,33.26447677612305],[101.68687438964844,32.75019073486328],[101.13798522949219,31.528987884521484],[100.92024230957031,30.564971923828125],[100.99618530273438,30.564971923828125],[100.93939971923828,30.372163772583008],[101.01528930664062,30.372163772583008],[100.95915222167969,30.179353713989258],[101.0553207397461,29.986536026000977],[100.98237609863281,29.729440689086914],[101.05811309814453,29.729440689086914],[101.0620346069336,29.472333908081055],[101.19561004638672,29.40805435180664],[101.36564636230469,28.636676788330078],[101.6957778930664,27.865236282348633],[101.62870788574219,26.96516990661621],[101.14810180664062,26.836584091186523],[99.4058609008789,26.772293090820312],[98.77647399902344,26.643707275390625],[98.7013931274414,26.643707275390625],[97.61743927001953,26.836584091186523],[97.22383880615234,27.093751907348633],[96.99832916259766,27.093751907348633],[96.81619262695312,27.2866268157959],[96.1249008178711,27.222335815429688],[96.21247100830078,27.608078002929688],[96.07674407958984,27.6723690032959],[96.13674926757812,27.92952537536621],[95.6855239868164,28.25096321105957],[95.05180358886719,28.12238883972168],[94.57101440429688,27.6723690032959],[94.26207765472417,27.6948195686492],[93.51228105618404,27.123445182594207],[92.81556740267328,27.111633254442058],[92.22212219238281,26.900876998901367],[92.1469955444336,26.900876998901367]]]}},{"type":"Feature","properties":{"name":"Duchy of Croatia","fromYear":793,"toYear":805,"type":"POLITY","areaKm2":20759.97735540025,"wikipedia":"Duchy of Croatia","wikidata":"Q2576305","seshatId":"hr_croatia_k","source":"cliopatria"},"geometry":{"type":"MultiPolygon","coordinates":[[[[16.864870071411133,44.908016204833984],[17.105838775634766,44.842647552490234],[16.943588256835938,44.842647552490234],[16.855249404907227,44.64661407470703],[16.609848022460938,44.58129119873047],[16.605236053466797,44.45067596435547],[16.441120147705078,44.38538360595703],[16.5084228515625,43.99384307861328],[16.82415771484375,43.79821014404297],[16.734172821044922,43.53750228881836],[16.653669357299805,43.53750228881836],[16.658279418945312,43.6678352355957],[15.933189392089844,43.6678352355957],[15.935225486755371,43.73301696777344],[15.695383071899414,43.79821014404297],[15.618592262268066,43.92862319946289],[15.374701499938965,43.86341094970703],[15.459075927734375,43.99384307861328],[15.218687057495117,44.05907440185547],[15.22045612335205,44.12431716918945],[15.38385009765625,44.18956756591797],[15.387516975402832,44.32010269165039],[15.146636962890625,44.38538360595703],[15.148378372192383,44.45067596435547],[14.908865928649902,44.58129119873047],[14.91874885559082,44.973392486572266],[14.515777587890625,45.10417556762695],[14.603090286254883,45.36587905883789],[14.358949661254883,45.36587905883789],[14.277569770812988,45.36587905883789],[14.930253028869629,45.431331634521484],[15.089664459228516,45.300437927246094],[15.415056228637695,45.300437927246094],[15.57205581665039,45.10417556762695],[15.978317260742188,45.10417556762695],[16.136579513549805,44.973392486572266],[16.461332321166992,44.973392486572266],[16.537961959838867,44.842647552490234],[16.78371238708496,44.908016204833984],[16.864870071411133,44.908016204833984]]],[[[14.350428581237793,44.973392486572266],[14.51131820678711,44.908016204833984],[14.502378463745117,44.5159797668457],[14.260871887207031,44.58129119873047],[14.269240379333496,44.973392486572266],[14.350428581237793,44.973392486572266]]]]}},{"type":"Feature","properties":{"name":"Rashtrakuta Dynasty","fromYear":793,"toYear":805,"type":"POLITY","areaKm2":910483.3148703069,"wikipedia":"Rashtrakuta dynasty","wikidata":"Q856691","seshatId":"in_rashtrakuta_emp","source":"cliopatria"},"geometry":{"type":"Polygon","coordinates":[[[76.94700622558594,12.821741104125977],[75.530029296875,11.535990715026855],[74.74769592285156,12.821741104125977],[74.66364288330078,13.593193054199219],[74.4706802368164,13.914630889892578],[74.3744888305664,14.493220329284668],[73.97454071044922,14.943235397338867],[73.93107604980469,15.26467514038086],[73.79009246826172,15.328963279724121],[73.74736785888672,15.650403022766113],[73.53911590576172,15.77897834777832],[73.25418853759766,16.614723205566406],[73.30036163330078,17.06473731994629],[72.95886993408203,18.029054641723633],[72.87482452392578,19.314802169799805],[72.73371887207031,19.379087448120117],[72.7613525390625,19.6362361907959],[72.63394165039062,19.8290958404541],[72.8372573852539,20.343387603759766],[72.89940643310547,20.921964645385742],[72.56289672851562,21.24339485168457],[72.7532730102539,21.629112243652344],[72.76029968261719,21.693397521972656],[73.51766204833984,21.821969985961914],[74.52780151367188,22.20768928527832],[76.49221801757812,22.46483612060547],[77.2363510131836,22.46483612060547],[78.0121841430664,22.72198486328125],[79.67471313476562,22.914846420288086],[79.74919128417969,22.914846420288086],[79.94783782958984,22.72198486328125],[79.93147277832031,22.59341049194336],[80.28728485107422,22.46483612060547],[80.47804260253906,22.20768928527832],[81.27179718017578,22.014829635620117],[81.1492691040039,21.629112243652344],[81.1601791381836,21.114822387695312],[80.98036193847656,20.857677459716797],[81.92122650146484,20.664819717407227],[82.58880615234375,20.664819717407227],[83.29031372070312,20.343387603759766],[83.48045349121094,20.08624267578125],[85.0939712524414,19.379087448120117],[84.37962341308594,18.414779663085938],[84.0519027709961,18.157629013061523],[83.66666412353516,18.029054641723633],[83.5611572265625,17.77190399169922],[83.15304565429688,17.450464248657227],[82.4507827758789,17.129026412963867],[82.34681701660156,16.87187385559082],[82.42052459716797,16.87187385559082],[82.3832015991211,16.550434112548828],[82.06647491455078,16.35757064819336],[81.32273864746094,16.293283462524414],[81.11875915527344,15.77897834777832],[80.45646667480469,15.77897834777832],[80.20161437988281,15.457538604736328],[80.1749038696289,15.200387001037598],[80.10942041173651,15.200387001037598],[80.21469969582778,15.53077905148616],[79.6065543975283,15.57766946347153],[79.0625763869851,15.40150905867558],[78.8743374550275,15.12547100831965],[79.23544197879093,14.60328630226691],[78.95544576566107,14.32246301321029],[77.44098323786332,14.46218480994551],[76.9618066421868,12.821741104125977],[76.94700622558594,12.821741104125977]]]}},{"type":"Feature","properties":{"name":"Qarlugs","fromYear":793,"toYear":839,"type":"POLITY","areaKm2":408187.56898228277,"wikipedia":"Mongol invasion of Central Asia","wikidata":"Q2330335","seshatId":null,"source":"cliopatria"},"geometry":{"type":"Polygon","coordinates":[[[73.5584945678711,45.889827728271484],[73.71565246582031,46.08650588989258],[73.52702331542969,46.02093505859375],[73.62798309326172,46.283294677734375],[73.87349700927734,46.283294677734375],[73.95010375976562,46.480194091796875],[74.32948303222656,46.61152267456055],[74.35539245605469,46.677207946777344],[73.88894653320312,46.74290466308594],[73.91477966308594,46.808616638183594],[73.17585754394531,46.808616638183594],[72.0334243774414,46.61152267456055],[70.95574951171875,45.693260192871094],[69.93184661865234,44.18956756591797],[69.90908813476562,44.12431716918945],[69.52299499511719,43.472347259521484],[69.50080108642578,43.407203674316406],[69.58124542236328,43.407203674316406],[69.53694152832031,43.276947021484375],[70.11322021484375,43.08163070678711],[70.41775512695312,42.56119155883789],[71.24577331542969,42.17123794555664],[71.41963195800781,41.97637939453125],[71.3760757446289,41.84651184082031],[71.68785858154297,41.586883544921875],[71.64479064941406,41.45711898803711],[71.7610092163086,41.32738494873047],[72.998046875,40.74397277832031],[73.07731628417969,40.74397277832031],[73.32179260253906,41.00318908691406],[74.75056457519531,41.00318908691406],[77.00894927978516,41.32738494873047],[77.29425048828125,41.45711898803711],[77.36493682861328,41.65177917480469],[77.8517074584961,42.10627746582031],[77.77185821533203,42.10627746582031],[76.99729919433594,42.17123794555664],[76.45387268066406,42.43117141723633],[76.52626037597656,42.62621307373047],[78.57846069335938,42.75628662109375],[78.65859985351562,42.75628662109375],[80.51930236816406,43.79821014404297],[80.35716247558594,43.99384307861328],[80.38339233398438,44.25482940673828],[80.30255126953125,44.25482940673828],[80.41073608398438,44.908016204833984],[80.30282592773438,45.03877639770508],[80.38475799560547,45.23500442504883],[80.3034439086914,45.23500442504883],[80.61521911621094,46.54585266113281],[80.04412841796875,46.74290466308594],[80.0724868774414,46.808616638183594],[79.60565948486328,46.677207946777344],[79.30550384521484,46.74290466308594],[79.27751922607422,46.677207946777344],[79.0855941772461,46.61152267456055],[78.97484588623047,46.348915100097656],[78.456298828125,46.283294677734375],[77.8016128540039,46.283294677734375],[77.82868194580078,46.348915100097656],[77.36439514160156,46.414546966552734],[77.39138793945312,46.480194091796875],[75.4511947631836,46.54585266113281],[75.31684112548828,46.414546966552734],[74.88140106201172,46.348915100097656],[74.7525863647461,46.02093505859375],[74.3186264038086,45.95537567138672],[74.1169662475586,45.431331634521484],[74.25473022460938,45.36587905883789],[74.13007354736328,45.03877639770508],[73.94288635253906,44.973392486572266],[73.74162292480469,45.300437927246094],[73.32756042480469,45.496795654296875],[73.50191497802734,45.95537567138672],[73.58358764648438,45.95537567138672],[73.5584945678711,45.889827728271484]]]}},{"type":"Feature","properties":{"name":"Idrisids","fromYear":793,"toYear":910,"type":"POLITY","areaKm2":194486.07562075846,"wikipedia":"Idrisid dynasty","wikidata":"Q431575","seshatId":"ma_idrisid_dyn","source":"cliopatria"},"geometry":{"type":"Polygon","coordinates":[[[-3.496124744415283,34.80794906616211],[-4.506898403167725,34.93662643432617],[-4.449840068817139,35.258358001708984],[-4.527117729187012,35.258358001708984],[-4.913506031036377,35.258358001708984],[-5.239750862121582,35.51579284667969],[-5.338923931121826,35.837650299072266],[-5.876633644104004,35.77327346801758],[-5.999861240386963,35.32271194458008],[-6.14545202255249,35.194007873535156],[-6.132044315338135,35.00096893310547],[-6.290933609008789,35.065311431884766],[-6.200328826904297,34.87228775024414],[-6.277484893798828,34.87228775024414],[-6.332395076751709,34.55062484741211],[-6.482059955596924,34.48630142211914],[-6.473203659057617,34.3576545715332],[-6.699729919433594,34.2933349609375],[-6.613898754119873,34.164703369140625],[-6.90380334854126,33.90746307373047],[-7.062007427215576,33.971771240234375],[-7.129902839660645,33.84315490722656],[-7.726231575012207,33.5859489440918],[-7.802998065948486,33.5859489440918],[-7.793841361999512,33.45735549926758],[-7.559155464172363,33.393062591552734],[-7.366214752197266,32.81447219848633],[-7.442758560180664,32.81447219848633],[-7.421211719512939,32.493072509765625],[-7.633378505706787,32.23596954345703],[-7.620636463165283,32.043148040771484],[-7.91313362121582,31.8503360748291],[-8.048664093017578,31.593257904052734],[-7.972455501556396,31.593257904052734],[-7.651174068450928,31.336183547973633],[-6.215848922729492,31.528987884521484],[-5.69735050201416,31.78606605529785],[-5.388649463653564,31.7217960357666],[-5.395984649658203,31.8503360748291],[-5.247082233428955,31.91460609436035],[-4.269077301025391,32.171695709228516],[-3.973900079727173,32.36451721191406],[-3.817661762237549,32.30024337768555],[-3.598545074462891,32.493072509765625],[-2.543965816497803,32.81447219848633],[-1.879519820213318,33.32876968383789],[-1.572754979133606,33.32876968383789],[-1.431385397911072,33.5859489440918],[-1.277852535247803,33.5859489440918],[-0.985450148582458,33.90746307373047],[-0.831726670265198,33.90746307373047],[-0.689594328403473,34.164703369140625],[-0.53571629524231,34.164703369140625],[-0.54148930311203,34.2933349609375],[-0.093623340129852,34.614952087402344],[-0.199571594595909,35.258358001708984],[0.014875059016049,35.644527435302734],[-0.068434439599514,35.77327346801758],[0.006061335559934,35.837650299072266],[-0.458719998598099,35.837650299072266],[-0.530006587505341,35.708900451660156],[-0.917115688323975,35.708900451660156],[-1.065529465675354,35.58015823364258],[-1.223541498184204,35.644527435302734],[-1.136477708816528,35.45143127441406],[-1.358735799789429,35.258358001708984],[-2.121232748031616,35.065311431884766],[-2.198449373245239,35.065311431884766],[-2.423137426376343,34.93662643432617],[-3.117724418640137,34.93662643432617],[-3.418988704681396,34.80794906616211],[-3.496124744415283,34.80794906616211]]]}},{"type":"Feature","properties":{"name":"Ghana Empire","fromYear":793,"toYear":1084,"type":"POLITY","areaKm2":204203.0156819039,"wikipedia":"Ghana Empire","wikidata":"Q206789","seshatId":"mr_wagadu_2","source":"cliopatria"},"geometry":{"type":"Polygon","coordinates":[[[-4.859827041625977,17.257600784301758],[-5.00993013381958,17.38617706298828],[-5.601460933685303,17.450464248657227],[-5.604228496551514,17.57904052734375],[-6.11933708190918,17.514753341674805],[-6.565032482147217,17.643327713012695],[-7.891808032989502,17.57904052734375],[-8.182042121887207,17.38617706298828],[-8.531582832336426,16.614723205566406],[-8.578993797302246,15.457538604736328],[-8.345486640930176,14.81466007232666],[-8.41295051574707,14.493220329284668],[-8.267204284667969,14.55750846862793],[-8.263727188110352,14.364645004272461],[-7.89002513885498,13.97891902923584],[-7.887955188751221,13.850343704223633],[-6.706455230712891,13.336042404174805],[-5.312742710113525,13.336042404174805],[-5.094158172607422,13.464617729187012],[-4.800700664520264,13.464617729187012],[-4.363352298736572,13.721768379211426],[-4.29292631149292,13.97891902923584],[-4.073441028594971,14.043206214904785],[-4.148387432098389,14.171781539916992],[-3.858539342880249,14.493220329284668],[-3.802668333053589,15.77897834777832],[-3.876256942749023,15.77897834777832],[-3.883304834365845,16.228994369506836],[-4.186666011810303,16.743297576904297],[-4.78607177734375,17.257600784301758],[-4.859827041625977,17.257600784301758]]]}},{"type":"Feature","properties":{"name":"Kimek-Kipchak confederation","fromYear":793,"toYear":849,"type":"POLITY","areaKm2":1423776.0419575071,"wikipedia":"Kimek-Kipchak confederation","wikidata":"Q2477776","seshatId":null,"source":"cliopatria"},"geometry":{"type":"MultiPolygon","coordinates":[[[[67.98523712158203,43.92862319946289],[68.00715637207031,43.99384307861328],[68.08787536621094,43.99384307861328],[68.06592559814453,43.92862319946289],[67.98523712158203,43.92862319946289]]],[[[67.92643737792969,43.99384307861328],[67.94837188720703,44.05907440185547],[68.02912139892578,44.05907440185547],[68.00715637207031,43.99384307861328],[67.92643737792969,43.99384307861328]]],[[[71.32503509521484,53.52959060668945],[71.29197692871094,53.462066650390625],[72.1526107788086,53.462066650390625],[72.11919403076172,53.39456558227539],[72.72130584716797,53.39456558227539],[72.68766784667969,53.32708740234375],[73.2034912109375,53.32708740234375],[73.16968536376953,53.25962829589844],[73.4614028930664,53.32708740234375],[73.42745971679688,53.25962829589844],[74.6473617553711,53.124786376953125],[74.61304473876953,53.057395935058594],[74.87040710449219,53.057395935058594],[74.8360595703125,52.99003219604492],[76.37504577636719,52.31757736206055],[76.57975006103516,52.0491943359375],[77.0735092163086,51.84812545776367],[77.14219665527344,51.64724349975586],[77.3119125366211,51.64724349975586],[77.43222045898438,51.37968063354492],[77.60160064697266,51.37968063354492],[77.6709976196289,51.17921447753906],[77.84012603759766,51.17921447753906],[77.90984344482422,50.97892379760742],[78.07872009277344,50.97892379760742],[78.14876556396484,50.77880859375],[78.31739807128906,50.77880859375],[78.49111938476562,50.445655822753906],[78.65935516357422,50.445655822753906],[78.64643096923828,50.2459831237793],[78.81442260742188,50.2459831237793],[79.02178955078125,49.98000717163086],[83.79875183105469,49.64793395996094],[83.89899444580078,49.51522445678711],[84.3668212890625,49.44889450073242],[84.3333740234375,49.38258361816406],[85.30089569091797,48.98506164550781],[85.40108489990234,48.852684020996094],[85.33519744873047,48.72037124633789],[85.51888275146484,48.5881233215332],[85.47171020507812,48.323814392089844],[85.55461120605469,48.323814392089844],[85.63751220703125,48.323814392089844],[85.43233489990234,47.730003356933594],[85.17304229736328,47.53233337402344],[80.92227172851562,46.87434005737305],[80.72930908203125,46.808616638183594],[80.61521911621094,46.54585266113281],[80.04412841796875,46.74290466308594],[80.0724868774414,46.808616638183594],[79.60565948486328,46.677207946777344],[79.30550384521484,46.74290466308594],[79.33355712890625,46.808616638183594],[78.70458984375,46.87434005737305],[78.10157012939453,46.61152267456055],[77.91033172607422,46.74290466308594],[76.73442077636719,46.677207946777344],[76.76136779785156,46.74290466308594],[76.35102081298828,46.74290466308594],[76.32263946533203,46.87434005737305],[74.59777069091797,46.87434005737305],[74.43742370605469,46.677207946777344],[74.35539245605469,46.677207946777344],[73.88894653320312,46.74290466308594],[73.91477966308594,46.808616638183594],[73.17585754394531,46.808616638183594],[72.0334243774414,46.61152267456055],[70.95574951171875,45.693260192871094],[69.93184661865234,44.18956756591797],[69.85103607177734,44.18956756591797],[68.89506530761719,43.99384307861328],[68.08787536621094,43.99384307861328],[68.0511245727539,44.12431716918945],[67.86762237548828,44.05907440185547],[67.53629302978516,44.5159797668457],[66.39234924316406,44.973392486572266],[66.09490203857422,45.300437927246094],[64.90019989013672,45.62776184082031],[64.81868743896484,45.62776184082031],[64.97525787353516,46.348915100097656],[64.89339447021484,46.348915100097656],[64.94342041015625,46.74290466308594],[64.82353973388672,46.87434005737305],[64.8680191040039,47.005828857421875],[64.78581237792969,47.005828857421875],[64.83045196533203,47.13737487792969],[64.74818420410156,47.13737487792969],[64.75563049316406,47.4006233215332],[64.53087615966797,47.46647262573242],[64.43360137939453,47.664100646972656],[64.26850891113281,47.664100646972656],[64.23114776611328,47.79592514038086],[63.863162994384766,47.92780685424805],[61.817726135253906,47.993770599365234],[56.382442474365234,47.79592514038086],[54.518619537353516,47.33478927612305],[54.37205123901367,47.4006233215332],[54.4085693359375,47.53233337402344],[54.26187515258789,47.598209381103516],[54.29856872558594,47.730003356933594],[54.170166015625,47.86185836791992],[54.004859924316406,47.86185836791992],[53.958984375,47.993770599365234],[53.79353713989258,47.993770599365234],[53.60042190551758,48.191749572753906],[51.28117370605469,48.191749572753906],[51.298641204833984,48.257774353027344],[51.30377960205078,48.5881233215332],[51.458438873291016,48.852684020996094],[51.39326858520508,48.91886520385742],[51.55972671508789,48.91886520385742],[51.80910110473633,49.51522445678711],[51.57708740234375,49.58156967163086],[51.523067474365234,49.98000717163086],[51.43922805786133,49.98000717163086],[51.64899444580078,50.97892379760742],[51.940521240234375,51.37968063354492],[52.30015182495117,51.44654083251953],[52.42693328857422,51.580322265625],[52.829742431640625,51.51342010498047],[53.5730094909668,51.71418380737305],[54.614192962646484,51.78114318847656],[54.591835021972656,51.71418380737305],[55.757591247558594,51.64724349975586],[56.4062385559082,51.31283950805664],[58.11314392089844,51.112430572509766],[59.00675582885742,51.71418380737305],[59.19068908691406,51.98215103149414],[59.0454216003418,52.0491943359375],[59.120582580566406,52.250450134277344],[59.4442138671875,52.653533935546875],[60.313350677490234,53.124786376953125],[61.109066009521484,53.39456558227539],[61.25361251831055,53.32708740234375],[62.771141052246094,53.664710998535156],[63.921051025390625,53.732303619384766],[67.16749572753906,53.664710998535156],[67.25370025634766,53.664710998535156],[71.32503509521484,53.52959060668945]]],[[[61.22260665893555,53.462066650390625],[61.30867004394531,53.462066650390625],[61.281097412109375,53.39456558227539],[61.19508361816406,53.39456558227539],[61.22260665893555,53.462066650390625]]],[[[66.19413757324219,53.799922943115234],[66.28043365478516,53.799922943115234],[66.24980163574219,53.732303619384766],[66.1635513305664,53.732303619384766],[66.19413757324219,53.799922943115234]]]]}},{"type":"Feature","properties":{"name":"Barghawata Conference","fromYear":793,"toYear":1014,"type":"POLITY","areaKm2":36301.230697988045,"wikipedia":"Casablanca","wikidata":"Q7903","seshatId":null,"source":"cliopatria"},"geometry":{"type":"Polygon","coordinates":[[[-8.124872207641602,31.593257904052734],[-8.64100456237793,31.336183547973633],[-9.845621109008789,31.143381118774414],[-9.801460266113281,31.593257904052734],[-9.309136390686035,32.171695709228516],[-9.332544326782227,32.493072509765625],[-9.198505401611328,32.75019073486328],[-8.551655769348145,33.32876968383789],[-7.879764556884766,33.5859489440918],[-7.802998065948486,33.5859489440918],[-7.793841361999512,33.45735549926758],[-7.559155464172363,33.393062591552734],[-7.366214752197266,32.81447219848633],[-7.442758560180664,32.81447219848633],[-7.421211719512939,32.493072509765625],[-7.633378505706787,32.23596954345703],[-7.620636463165283,32.043148040771484],[-7.91313362121582,31.8503360748291],[-8.048664093017578,31.593257904052734],[-8.124872207641602,31.593257904052734]]]}},{"type":"Feature","properties":{"name":"Gurjara-Pratihara Dynasty","fromYear":793,"toYear":805,"type":"POLITY","areaKm2":627753.8710402149,"wikipedia":"Gurjara-Pratihara dynasty","wikidata":"Q5324","seshatId":"in_gurjara_pratihara_dyn","source":"cliopatria"},"geometry":{"type":"Polygon","coordinates":[[[78.3209228515625,27.736658096313477],[77.7185287475586,27.736658096313477],[77.44073486328125,27.865236282348633],[76.69912719726562,27.92952537536621],[75.49369049072266,27.92952537536621],[72.64125061035156,27.54378890991211],[71.54613494873047,27.2866268157959],[71.14571380615234,26.643707275390625],[70.79773712158203,26.32224464416504],[70.17903137207031,26.19365882873535],[69.85176849365234,26.000778198242188],[69.28982543945312,25.164974212646484],[68.84165954589844,23.943456649780273],[68.35022735595703,23.557723999023438],[68.3359375,23.429147720336914],[68.55245971679688,23.36486053466797],[68.80825805664062,22.97913360595703],[69.45060729980469,22.72198486328125],[69.74840545654297,22.72198486328125],[70.0673828125,22.914846420288086],[70.35816192626953,22.85055923461914],[70.18106079101562,22.59341049194336],[69.49740600585938,22.46483612060547],[69.40931701660156,22.33626365661621],[68.97650909423828,22.46483612060547],[69.01040649414062,22.079116821289062],[69.76790618896484,21.500539779663086],[70.29546356201172,20.857677459716797],[70.72064208984375,20.664819717407227],[71.32078552246094,20.72910499572754],[71.4084701538086,20.857677459716797],[72.18476104736328,21.179107666015625],[72.3214340209961,21.7576847076416],[72.17279815673828,21.7576847076416],[72.11245727539062,21.88625717163086],[72.34249877929688,21.950544357299805],[72.37797546386719,22.271976470947266],[72.52674865722656,22.271976470947266],[72.4911880493164,21.950544357299805],[72.5655288696289,21.950544357299805],[72.54438781738281,21.7576847076416],[72.68598937988281,21.693397521972656],[72.76029968261719,21.693397521972656],[73.51766204833984,21.821969985961914],[74.52780151367188,22.20768928527832],[76.49221801757812,22.46483612060547],[77.2363510131836,22.46483612060547],[78.0121841430664,22.72198486328125],[79.67471313476562,22.914846420288086],[79.68299865722656,22.97913360595703],[79.93119812011719,24.264904022216797],[79.85652160644531,24.264904022216797],[79.9500961303711,24.907808303833008],[79.87532043457031,24.907808303833008],[80.02890014648438,25.422143936157227],[79.95404052734375,25.422143936157227],[79.95098876953125,25.8721923828125],[79.96147918701172,25.936485290527344],[78.98601531982422,26.386537551879883],[78.80424499511719,26.643707275390625],[78.50390625,26.643707275390625],[78.1612548828125,26.836584091186523],[78.1759033203125,27.35091781616211],[78.68557739257812,27.6723690032959],[78.61029052734375,27.6723690032959],[78.5350112915039,27.6723690032959],[78.45972442626953,27.6723690032959],[78.38443756103516,27.6723690032959],[78.30915069580078,27.6723690032959],[78.3209228515625,27.736658096313477]]]}},{"type":"Feature","properties":{"name":"Emirate of Nekor","fromYear":793,"toYear":921,"type":"POLITY","areaKm2":7039.49789612317,"wikipedia":"Emirate of Nekor","wikidata":"Q1709337","seshatId":null,"source":"cliopatria"},"geometry":{"type":"Polygon","coordinates":[[[-3.418988704681396,34.80794906616211],[-3.117724418640137,34.93662643432617],[-2.423137426376343,34.93662643432617],[-2.198449373245239,35.065311431884766],[-2.275665998458862,35.065311431884766],[-2.819781064987183,35.12965774536133],[-2.837937116622925,35.45143127441406],[-2.992615222930908,35.45143127441406],[-2.981565713882446,35.258358001708984],[-3.132419347763062,35.194007873535156],[-4.372562885284424,35.258358001708984],[-4.449840068817139,35.258358001708984],[-4.506898403167725,34.93662643432617],[-3.496124744415283,34.80794906616211],[-3.418988704681396,34.80794906616211]]]}},{"type":"Feature","properties":{"name":"Uyghur Khaganate","fromYear":793,"toYear":839,"type":"POLITY","areaKm2":3027887.973967351,"wikipedia":"Uyghur Khaganate","wikidata":"Q831218","seshatId":"mn_uygur_khaganate","source":"cliopatria"},"geometry":{"type":"MultiPolygon","coordinates":[[[[72.998046875,40.74397277832031],[73.07731628417969,40.74397277832031],[73.15658569335938,40.74397277832031],[73.13530731201172,40.6791877746582],[73.05606842041016,40.6791877746582],[72.97682189941406,40.6791877746582],[72.998046875,40.74397277832031]]],[[[102.59770965576172,52.250450134277344],[102.55020141601562,52.18334197998047],[102.84349060058594,52.11625671386719],[102.7961196899414,52.0491943359375],[103.29706573486328,51.91512680053711],[103.20281982421875,51.78114318847656],[103.28776550292969,51.78114318847656],[103.19407653808594,51.64724349975586],[103.31710052490234,51.580322265625],[103.21658325195312,51.31283950805664],[103.30123138427734,51.31283950805664],[103.29400634765625,51.17921447753906],[103.463134765625,51.17921447753906],[103.49517059326172,50.97892379760742],[103.74848937988281,50.97892379760742],[103.70298767089844,50.912200927734375],[104.93064880371094,50.97892379760742],[107.21868133544922,51.580322265625],[108.72425842285156,51.78114318847656],[109.26890563964844,51.71418380737305],[109.4540023803711,51.84812545776367],[109.53899383544922,51.84812545776367],[109.52361297607422,51.71418380737305],[109.9984359741211,51.78114318847656],[109.98284149169922,51.64724349975586],[110.40713500976562,51.64724349975586],[110.3569107055664,51.580322265625],[112.2740478515625,51.64724349975586],[113.8614730834961,52.0491943359375],[114.99018859863281,52.18334197998047],[117.05211639404297,52.720787048339844],[118.27884674072266,52.653533935546875],[118.22235107421875,52.586299896240234],[118.3932876586914,52.586299896240234],[118.33688354492188,52.51908493041992],[118.79295349121094,52.4518928527832],[118.73664093017578,52.38472366333008],[118.90731811523438,52.38472366333008],[118.85110473632812,52.31757736206055],[119.10698699951172,52.31757736206055],[119.05081939697266,52.250450134277344],[119.45001983642578,52.11625671386719],[119.42353820800781,51.98215103149414],[119.59368133544922,51.98215103149414],[119.56759643554688,51.84812545776367],[119.7375717163086,51.84812545776367],[119.68218231201172,51.78114318847656],[119.8816909790039,51.71418380737305],[119.82654571533203,51.64724349975586],[120.13639831542969,51.71418380737305],[120.02603912353516,51.580322265625],[120.76376342773438,51.44654083251953],[120.70882415771484,51.37968063354492],[120.8233642578125,51.31283950805664],[120.71427154541016,51.17921447753906],[120.79883575439453,51.17921447753906],[120.63648986816406,50.97892379760742],[120.72093200683594,50.97892379760742],[120.45398712158203,50.64549255371094],[120.53822326660156,50.64549255371094],[120.084228515625,49.84712600708008],[120.1679916381836,49.84712600708008],[119.25978088378906,48.38986587524414],[119.34272003173828,48.38986587524414],[119.06246185302734,47.993770599365234],[119.14518737792969,47.993770599365234],[118.96100616455078,47.730003356933594],[119.04358673095703,47.730003356933594],[118.7337417602539,47.4006233215332],[118.81614685058594,47.4006233215332],[118.54730224609375,47.005828857421875],[118.62950134277344,47.005828857421875],[118.49048614501953,46.677207946777344],[118.0216064453125,46.21768569946289],[116.92962646484375,44.77729415893555],[116.44000244140625,44.38538360595703],[114.84928131103516,42.56119155883789],[114.6641845703125,42.10627746582031],[113.43423461914062,41.19768524169922],[113.00997924804688,41.00318908691406],[112.97473907470703,40.93837356567383],[111.27384948730469,40.873565673828125],[111.30841064453125,40.93837356567383],[110.83231353759766,40.93837356567383],[110.8668212890625,41.00318908691406],[109.78978729248047,41.06801223754883],[108.50997924804688,40.74397277832031],[107.64434051513672,39.9670295715332],[107.43923950195312,39.70827102661133],[107.39369201660156,39.449623107910156],[106.37799835205078,38.09331130981445],[106.16472625732422,37.96426773071289],[105.4329605102539,37.89975357055664],[104.6190414428711,37.641746520996094],[103.76398468017578,37.835243225097656],[103.69023132324219,38.028785705566406],[103.37737274169922,38.028785705566406],[102.76089477539062,38.416015625],[102.60418701171875,38.416015625],[102.40255737304688,38.67427444458008],[102.11685943603516,38.738853454589844],[102.12320709228516,38.93262481689453],[101.63008880615234,39.06184005737305],[101.47991180419922,39.25570297241211],[101.53751373291016,39.38497543334961],[101.43798828125,39.51427459716797],[101.28044891357422,39.51427459716797],[101.25987243652344,39.64360046386719],[100.73719787597656,39.70827102661133],[100.38090515136719,39.9670295715332],[100.14405822753906,39.9670295715332],[100.17345428466797,40.031734466552734],[99.3836898803711,40.031734466552734],[99.28423309326172,40.16116714477539],[98.91836547851562,40.225894927978516],[98.94775390625,40.29063034057617],[98.50260162353516,40.355369567871094],[98.27448272705078,40.54964065551758],[98.03691864013672,40.54964065551758],[97.6304931640625,40.873565673828125],[96.89657592773438,41.00318908691406],[96.92637634277344,41.06801223754883],[94.48640441894531,40.93837356567383],[94.25560760498047,41.132843017578125],[94.09674835205078,41.132843017578125],[93.54354858398438,41.84651184082031],[93.60295867919922,41.97637939453125],[93.20369720458984,42.496177673339844],[93.04364013671875,42.496177673339844],[92.97421264648438,42.691246032714844],[92.81398010253906,42.691246032714844],[92.74470520019531,42.88639831542969],[92.58428955078125,42.88639831542969],[92.51515197753906,43.08163070678711],[92.35456085205078,43.08163070678711],[92.23577117919922,43.342071533203125],[92.07494354248047,43.342071533203125],[92.00604248046875,43.53750228881836],[91.84503173828125,43.53750228881836],[91.77619171142578,43.73301696777344],[91.61499786376953,43.73301696777344],[91.54618835449219,43.92862319946289],[91.38481140136719,43.92862319946289],[91.31600952148438,44.12431716918945],[91.15444946289062,44.12431716918945],[91.135498046875,44.25482940673828],[90.84300994873047,44.32010269165039],[90.87394714355469,44.38538360595703],[90.50025939941406,44.45067596435547],[90.5311508178711,44.5159797668457],[89.73248291015625,44.71194839477539],[89.63182067871094,44.842647552490234],[89.2261962890625,44.842647552490234],[89.12516784667969,44.973392486572266],[85.71524047851562,44.973392486572266],[81.62230682373047,44.12431716918945],[80.51930236816406,43.79821014404297],[80.35716247558594,43.99384307861328],[80.38339233398438,44.25482940673828],[80.30255126953125,44.25482940673828],[80.41073608398438,44.908016204833984],[80.30282592773438,45.03877639770508],[80.38475799560547,45.23500442504883],[80.3034439086914,45.23500442504883],[80.61521911621094,46.54585266113281],[80.72930908203125,46.808616638183594],[80.92227172851562,46.87434005737305],[85.17304229736328,47.53233337402344],[85.43233489990234,47.730003356933594],[85.63751220703125,48.323814392089844],[85.66998291015625,48.38986587524414],[86.60783386230469,49.58156967163086],[88.42679595947266,50.912200927734375],[89.28882598876953,51.37968063354492],[89.40711975097656,51.580322265625],[89.82173156738281,51.84812545776367],[89.86211395263672,51.91512680053711],[90.1172103881836,51.91512680053711],[90.07669830322266,51.84812545776367],[90.24667358398438,51.84812545776367],[90.20621490478516,51.78114318847656],[90.63094329833984,51.78114318847656],[90.59040069580078,51.71418380737305],[90.76020812988281,51.71418380737305],[90.7197265625,51.64724349975586],[91.1440200805664,51.64724349975586],[91.10346221923828,51.580322265625],[92.37571716308594,51.580322265625],[94.58428192138672,52.250450134277344],[96.38236236572266,52.51908493041992],[97.92002868652344,52.51908493041992],[97.87442779541016,52.4518928527832],[98.29542541503906,52.31757736206055],[98.25,52.250450134277344],[99.01121520996094,52.11625671386719],[99.27970886230469,52.38472366333008],[100.07284545898438,52.78806686401367],[100.54847717285156,52.85536575317383],[100.64414978027344,52.99003219604492],[100.72988891601562,52.99003219604492],[101.23368072509766,52.85536575317383],[101.18571472167969,52.78806686401367],[101.44253540039062,52.78806686401367],[101.39458465576172,52.720787048339844],[101.65126037597656,52.720787048339844],[101.64102172851562,52.586299896240234],[101.72649383544922,52.586299896240234],[101.71660614013672,52.4518928527832],[101.88736724853516,52.4518928527832],[101.87773895263672,52.31757736206055],[102.26651763916016,52.38472366333008],[102.21891021728516,52.31757736206055],[102.51245880126953,52.250450134277344],[102.59770965576172,52.250450134277344]]]]}},{"type":"Feature","properties":{"name":"(Anglo-Saxon England)","fromYear":800,"toYear":805,"type":"POLITY","areaKm2":140492.4102238151,"wikipedia":"History of Anglo-Saxon England","wikidata":"Q784963","seshatId":"gb_anglo_saxon_1","source":"cliopatria"},"geometry":{"type":"Polygon","coordinates":[[[1.093834638595581,53.057395935058594],[1.622210025787354,52.85536575317383],[1.739019155502319,52.38472366333008],[1.425007224082947,51.98215103149414],[1.169783234596252,51.98215103149414],[1.183690190315247,51.78114318847656],[0.843909561634064,51.78114318847656],[0.862975299358368,51.51342010498047],[0.528783321380615,51.44654083251953],[1.380577206611633,51.37968063354492],[1.313834071159363,51.112430572509766],[0.492853790521622,50.77880859375],[-1.367843627929688,50.84549331665039],[-1.109168291091919,50.77880859375],[-1.176646590232849,50.578861236572266],[-1.513427257537842,50.578861236572266],[-1.524962306022644,50.71213912963867],[-2.607964515686035,50.578861236572266],[-2.789105415344238,50.71213912963867],[-3.12621021270752,50.71213912963867],[-3.456606388092041,50.64549255371094],[-3.584736108779907,50.2459831237793],[-4.088706493377686,50.2459831237793],[-4.186630249023438,50.37908172607422],[-4.270704746246338,50.37908172607422],[-4.306077480316162,50.71213912963867],[-4.657799243927002,50.84549331665039],[-4.665138721466064,50.912200927734375],[-4.67988109588623,51.04566955566406],[-4.426436901092529,51.04566955566406],[-4.201729774475098,51.31283950805664],[-3.094635725021362,51.24601745605469],[-3.107994079589844,51.37968063354492],[-2.945236444473267,51.44654083251953],[-2.951877117156982,51.51342010498047],[-2.625775098800659,51.64724349975586],[-2.822042465209961,51.91512680053711],[-2.82872486114502,51.98215103149414],[-2.913799524307251,51.98215103149414],[-2.920543432235718,52.0491943359375],[-2.927305936813354,52.11625671386719],[-2.869202375411987,52.38472366333008],[-3.03987717628479,52.38472366333008],[-3.139120101928711,52.51908493041992],[-3.074559926986694,52.720787048339844],[-3.274127721786499,52.99003219604492],[-3.489411115646362,53.39456558227539],[-3.403394460678101,53.39456558227539],[-3.317377805709839,53.39456558227539],[-3.324654340744019,53.462066650390625],[-3.238591194152832,53.462066650390625],[-3.152528285980225,53.462066650390625],[-3.159731149673462,53.52959060668945],[-3.095205545425415,53.732303619384766],[-3.196035623550415,53.86756134033203],[-2.96582555770874,54.138362884521484],[-3.304538726806641,54.07062530517578],[-3.319409608840942,54.20612335205078],[-3.586766958236694,54.27390670776367],[-3.617407321929932,54.545284271240234],[-3.704231739044189,54.545284271240234],[-3.648374080657959,54.817054748535156],[-3.394958257675171,54.88506317138672],[-3.402623414993286,54.95309066772461],[-3.06163477897644,55.021148681640625],[-3.084213972091675,55.225467681884766],[-3.186784505844116,55.36180877685547],[-3.361621379852295,55.36180877685547],[-3.384954214096069,55.56651306152344],[-3.783684492111206,55.97663879394531],[-3.26426100730896,56.04508590698242],[-3.176331996917725,56.04508590698242],[-2.656256437301636,56.11355972290039],[-2.01904296875,55.90821838378906],[-1.633551597595215,55.56651306152344],[-1.486006855964661,54.95309066772461],[-1.398887872695923,54.95309066772461],[-1.285956144332886,54.681121826171875],[-1.112112164497375,54.681121826171875],[-1.105798840522766,54.613189697265625],[-0.671433329582214,54.613189697265625],[-0.393139123916626,54.4095458984375],[0.009794717654586,53.732303619384766],[0.015318141318858,53.664710998535156],[0.020827349275351,53.597137451171875],[0.29531991481781,53.39456558227539],[0.316494405269623,53.124786376953125],[0.06977716833353,52.99003219604492],[0.166152358055115,52.85536575317383],[0.337453275918961,52.85536575317383],[0.493327647447586,53.057395935058594],[1.008047938346863,53.057395935058594],[1.093834638595581,53.057395935058594]]]}},{"type":"Feature","properties":{"name":"Late Pallava Empire","fromYear":800,"toYear":805,"type":"POLITY","areaKm2":104642.00465930697,"wikipedia":"Pallava dynasty","wikidata":"Q466803","seshatId":"in_pallava_emp_2","source":"cliopatria"},"geometry":{"type":"Polygon","coordinates":[[[79.79666439124316,11.85120843574267],[80.1716401493246,12.44566516664823],[80.36964340196812,13.27652278695976],[80.25982809077243,13.72507408978608],[80.15425782146089,14.28148780599798],[80.20446218093646,14.59772743867755],[80.07724532790733,15.09941374678881],[80.10942041173651,15.200387001037598],[80.21469969582778,15.53077905148616],[79.6065543975283,15.57766946347153],[79.0625763869851,15.40150905867558],[78.8743374550275,15.12547100831965],[79.23544197879093,14.60328630226691],[78.95544576566107,14.32246301321029],[77.44098323786332,14.46218480994551],[76.9618066421868,12.821741104125977],[76.96091450142971,12.81937190361922],[77.83544230718712,11.80784677537184],[79.79666439124316,11.85120843574267]]]}},{"type":"Feature","properties":{"name":"(Kingdom of the Franks)","fromYear":800,"toYear":805,"type":"POLITY","areaKm2":1281380.7652988653,"wikipedia":"Francia","wikidata":"Q146246","seshatId":null,"source":"cliopatria"},"geometry":{"type":"MultiPolygon","coordinates":[[[[14.689077377319336,42.17123794555664],[14.768959999084473,42.17123794555664],[14.76742172241211,42.10627746582031],[14.687567710876465,42.10627746582031],[14.689077377319336,42.17123794555664]]],[[[9.491888999938965,43.016544342041016],[9.49340534210205,42.75628662109375],[9.5735502243042,42.75628662109375],[9.577608108520508,41.97637939453125],[9.497812271118164,41.97637939453125],[9.49889087677002,41.781593322753906],[9.262411117553711,41.39224624633789],[9.1038236618042,41.32738494873047],[8.783942222595215,41.521995544433594],[8.782108306884766,41.71668243408203],[8.622743606567383,41.71668243408203],[8.700496673583984,41.911441802978516],[8.538846015930176,42.10627746582031],[8.534564018249512,42.496177673339844],[8.772740364074707,42.691246032714844],[9.17282485961914,42.75628662109375],[9.251097679138184,43.016544342041016],[9.331360816955566,43.016544342041016],[9.491888999938965,43.016544342041016]]],[[[10.45510196685791,42.88639831542969],[10.455166816711426,42.691246032714844],[10.21481990814209,42.691246032714844],[10.134284973144531,42.88639831542969],[10.214488983154297,42.88639831542969],[10.45510196685791,42.88639831542969]]],[[[11.732205390930176,53.124786376953125],[11.726588249206543,52.653533935546875],[11.641072273254395,52.653533935546875],[11.55083179473877,52.18334197998047],[11.804113388061523,51.98215103149414],[11.547623634338379,51.84812545776367],[11.545768737792969,51.64724349975586],[11.375528335571289,51.580322265625],[11.289310455322266,51.37968063354492],[12.131903648376465,51.04566955566406],[12.129409790039062,50.84549331665039],[12.297226905822754,50.77880859375],[12.295454025268555,50.64549255371094],[12.04199504852295,50.578861236572266],[12.039060592651367,50.312522888183594],[12.454757690429688,49.98000717163086],[12.368453979492188,49.78071212768555],[12.781194686889648,49.38258361816406],[13.196383476257324,49.2500114440918],[13.359648704528809,49.051273345947266],[13.526256561279297,49.051273345947266],[13.688922882080078,48.852684020996094],[14.020249366760254,48.786521911621094],[14.100465774536133,48.654239654541016],[14.682044982910156,48.654239654541016],[14.942421913146973,49.051273345947266],[15.60667610168457,48.98506164550781],[16.099149703979492,48.786521911621094],[16.683862686157227,48.852684020996094],[16.927988052368164,48.72037124633789],[16.919898986816406,48.52202224731445],[16.836889266967773,48.52202224731445],[16.909269332885742,48.257774353027344],[17.30965805053711,47.92780685424805],[17.634624481201172,47.79592514038086],[18.626039505004883,47.79592514038086],[18.79804801940918,47.92780685424805],[18.956510543823242,47.79592514038086],[18.95307159423828,47.730003356933594],[19.025299072265625,47.53233337402344],[19.186756134033203,47.46647262573242],[19.1728572845459,47.20316696166992],[18.83701515197754,47.07159423828125],[18.81411361694336,46.61152267456055],[19.05011558532715,46.414546966552734],[18.86043357849121,45.889827728271484],[18.77879524230957,45.889827728271484],[18.9258975982666,45.56227111816406],[18.92267417907715,45.496795654296875],[19.004117965698242,45.496795654296875],[18.997617721557617,45.36587905883789],[19.23841667175293,45.300437927246094],[19.13726234436035,44.908016204833984],[19.056106567382812,44.908016204833984],[18.80946922302246,44.842647552490234],[18.73775291442871,45.03877639770508],[17.92837142944336,45.10417556762695],[17.760351181030273,44.973392486572266],[17.519447326660156,45.03877639770508],[17.351810455322266,44.908016204833984],[16.864870071411133,44.908016204833984],[16.78371238708496,44.908016204833984],[16.537961959838867,44.842647552490234],[16.461332321166992,44.973392486572266],[16.136579513549805,44.973392486572266],[15.978317260742188,45.10417556762695],[15.57205581665039,45.10417556762695],[15.415056228637695,45.300437927246094],[15.089664459228516,45.300437927246094],[14.930253028869629,45.431331634521484],[14.277569770812988,45.36587905883789],[14.196189880371094,45.36587905883789],[14.189410209655762,45.03877639770508],[14.026969909667969,45.03877639770508],[13.945749282836914,45.03877639770508],[13.628785133361816,45.496795654296875],[13.710229873657227,45.496795654296875],[13.714865684509277,45.75876998901367],[13.144780158996582,45.82429504394531],[13.061376571655273,45.693260192871094],[12.9815673828125,45.82429504394531],[12.818355560302734,45.82429504394531],[12.736748695373535,45.82429504394531],[12.164421081542969,45.693260192871094],[12.000378608703613,45.56227111816406],[11.998926162719727,45.36587905883789],[12.161685943603516,45.36587905883789],[12.161133766174316,45.300437927246094],[12.160021781921387,45.169586181640625],[12.40256118774414,45.03877639770508],[12.399906158447266,44.77729415893555],[12.157197952270508,44.842647552490234],[12.153728485107422,44.45067596435547],[12.312999725341797,44.18956756591797],[12.873446464538574,43.79821014404297],[13.035634994506836,43.86341094970703],[13.033763885498047,43.73301696777344],[13.355091094970703,43.6678352355957],[13.672640800476074,43.407203674316406],[13.747068405151367,43.08163070678711],[13.98537540435791,42.95146560668945],[13.901384353637695,42.75628662109375],[14.056464195251465,42.496177673339844],[14.607714653015137,42.10627746582031],[14.687567710876465,42.10627746582031],[14.365377426147461,41.97637939453125],[14.120827674865723,41.71668243408203],[13.96146297454834,41.71668243408203],[13.804443359375,41.84651184082031],[13.327016830444336,41.911441802978516],[13.328027725219727,41.97637939453125],[13.00974178314209,42.041324615478516],[12.615199089050293,42.43117141723633],[12.375204086303711,42.43117141723633],[12.301782608032227,43.08163070678711],[12.141195297241211,43.08163070678711],[12.224648475646973,43.407203674316406],[11.82194709777832,43.342071533203125],[12.059759140014648,42.95146560668945],[11.976285934448242,42.56119155883789],[12.13580322265625,42.496177673339844],[12.134614944458008,42.36617660522461],[12.053521156311035,42.236209869384766],[11.73387622833252,42.236209869384766],[11.734321594238281,42.30118942260742],[11.255227088928223,42.43117141723633],[10.936172485351562,42.82133865356445],[10.936327934265137,42.88639831542969],[11.17718505859375,42.95146560668945],[11.177671432495117,43.08163070678711],[10.535325050354004,43.146724700927734],[10.535326957702637,43.211830139160156],[10.212339401245117,43.99384307861328],[9.889463424682617,43.99384307861328],[9.969700813293457,44.12431716918945],[9.7273588180542,44.12431716918945],[9.159077644348145,44.45067596435547],[8.431501388549805,44.38538360595703],[8.033902168273926,43.92862319946289],[7.150246143341064,43.73301696777344],[6.993107318878174,43.53750228881836],[6.67255163192749,43.472347259521484],[6.517646789550781,43.211830139160156],[6.278174877166748,43.146724700927734],[5.796233177185059,43.146724700927734],[5.631923198699951,43.276947021484375],[5.390771865844727,43.276947021484375],[5.386905193328857,43.407203674316406],[5.063065528869629,43.472347259521484],[4.177847862243652,43.472347259521484],[4.173032760620117,43.6026611328125],[3.850892543792725,43.6026611328125],[2.984907388687134,43.146724700927734],[3.009923458099365,42.56119155883789],[3.178062200546265,42.36617660522461],[3.116764783859253,41.911441802978516],[2.492878913879395,41.586883544921875],[2.41325306892395,41.586883544921875],[2.401751518249512,41.84651184082031],[1.993919014930725,42.041324615478516],[1.597992181777954,41.97637939453125],[1.444882154464722,41.84651184082031],[0.723737120628357,41.911441802978516],[0.557072579860687,42.041324615478516],[0.161661341786385,41.97637939453125],[-0.00548142567277,42.10627746582031],[-0.016884818673134,42.30118942260742],[0.127878397703171,42.56119155883789],[0.036286983639002,42.75628662109375],[-0.528801321983337,42.82133865356445],[-1.026964664459229,43.08163070678711],[-1.428432941436768,43.08163070678711],[-1.441840410232544,43.276947021484375],[-1.687574744224548,43.342071533203125],[-1.692170143127441,43.407203674316406],[-1.459883332252502,43.53750228881836],[-1.402047991752625,43.86341094970703],[-1.321390628814697,43.86341094970703],[-1.348801136016846,44.25482940673828],[-1.267958283424377,44.25482940673828],[-1.286344885826111,44.5159797668457],[-1.205376982688904,44.5159797668457],[-1.251859068870544,45.169586181640625],[-1.170574903488159,45.169586181640625],[-1.189373373985291,45.431331634521484],[-1.031213998794556,45.496795654296875],[-1.045281529426575,45.693260192871094],[-1.213142395019531,45.75876998901367],[-1.141096234321594,45.889827728271484],[-1.222735166549683,45.889827728271484],[-1.251809358596802,46.283294677734375],[-1.666043281555176,46.348915100097656],[-2.014399528503418,46.61152267456055],[-2.024919986724854,46.74290466308594],[-2.194406032562256,46.808616638183594],[-2.139080047607422,47.13737487792969],[-2.232228517532349,47.26897048950195],[-2.561590671539307,47.26897048950195],[-2.578423976898193,47.46647262573242],[-2.831500053405762,47.53233337402344],[-2.837259292602539,47.598209381103516],[-2.447182655334473,47.86185836791992],[-1.796727180480957,47.993770599365234],[-1.647326707839966,48.191749572753906],[-1.652703642845154,48.257774353027344],[-1.668919563293457,48.455936431884766],[-1.508333325386047,48.52202224731445],[-1.602181315422058,48.654239654541016],[-1.607621908187866,48.72037124633789],[-1.718345284461975,49.051273345947266],[-1.635041356086731,49.051273345947266],[-1.651668906211853,49.2500114440918],[-1.913302421569824,49.38258361816406],[-2.031550645828247,49.78071212768555],[-1.361783027648926,49.78071212768555],[-1.250783205032349,49.44889450073242],[0.007001183927059,49.38258361816406],[-0.012448177672923,49.64793395996094],[0.224112883210182,49.84712600708008],[1.052847385406494,49.98000717163086],[1.454967975616455,50.2459831237793],[1.424705147743225,50.71213912963867],[1.656218767166138,51.04566955566406],[2.577829360961914,51.17921447753906],[3.155481338500977,51.44654083251953],[3.74860668182373,51.44654083251953],[3.40621018409729,51.51342010498047],[3.399252653121948,51.64724349975586],[3.738690614700317,51.64724349975586],[3.647099733352661,51.78114318847656],[3.81699013710022,51.78114318847656],[3.810401916503906,51.91512680053711],[3.980464458465576,51.91512680053711],[3.974021434783936,52.0491943359375],[4.223166942596436,52.18334197998047],[4.21693229675293,52.31757736206055],[4.463808536529541,52.51908493041992],[4.454747676849365,52.720787048339844],[4.699799060821533,52.99003219604492],[4.871281623840332,52.99003219604492],[4.970867156982422,52.653533935546875],[5.390830039978027,52.85536575317383],[5.385728359222412,52.99003219604492],[5.20894193649292,53.124786376953125],[5.542333602905273,53.39456558227539],[6.226210117340088,53.52959060668945],[6.916844367980957,53.462066650390625],[6.913325786590576,53.597137451171875],[7.082295417785645,53.732303619384766],[7.944795608520508,53.732303619384766],[8.205669403076172,53.597137451171875],[8.37701416015625,53.664710998535156],[8.459527015686035,53.93522644042969],[8.892172813415527,53.86756134033203],[8.802155494689941,54.20612335205078],[8.54152774810791,54.27390670776367],[8.62565803527832,54.47740173339844],[8.885985374450684,54.47740173339844],[9.322098731994629,54.138362884521484],[10.01444149017334,54.07062530517578],[10.10092830657959,54.07062530517578],[10.792462348937988,54.00291442871094],[10.878901481628418,54.00291442871094],[10.879310607910156,54.07062530517578],[10.965797424316406,54.07062530517578],[11.052284240722656,54.07062530517578],[11.138771057128906,54.07062530517578],[11.138218879699707,54.00291442871094],[11.224658012390137,54.00291442871094],[10.877296447753906,53.732303619384766],[10.87574291229248,53.462066650390625],[11.046463012695312,53.25962829589844],[11.303637504577637,53.192195892333984],[11.38951587677002,53.192195892333984],[11.732205390930176,53.124786376953125]]]]}},{"type":"Feature","properties":{"name":"Kingdom of Mercia","fromYear":800,"toYear":805,"type":"POLITY","areaKm2":96899.82447819016,"wikipedia":"Mercia","wikidata":"Q105092","seshatId":"gb_anglo_saxon_1","source":"cliopatria"},"geometry":{"type":"Polygon","coordinates":[[[1.008047938346863,53.057395935058594],[0.493327647447586,53.057395935058594],[0.337453275918961,52.85536575317383],[0.166152358055115,52.85536575317383],[0.06977716833353,52.99003219604492],[0.316494405269623,53.124786376953125],[0.29531991481781,53.39456558227539],[0.020827349275351,53.597137451171875],[0.015318141318858,53.664710998535156],[-0.680205345153809,53.732303619384766],[-0.748663604259491,53.52959060668945],[-1.093101859092712,53.52959060668945],[-1.16086208820343,53.32708740234375],[-1.332802772521973,53.32708740234375],[-1.702297329902649,53.597137451171875],[-2.53638768196106,53.32708740234375],[-2.880269289016724,53.32708740234375],[-3.152528285980225,53.462066650390625],[-3.238591194152832,53.462066650390625],[-3.324654340744019,53.462066650390625],[-3.317377805709839,53.39456558227539],[-3.403394460678101,53.39456558227539],[-3.489411115646362,53.39456558227539],[-3.274127721786499,52.99003219604492],[-3.074559926986694,52.720787048339844],[-3.139120101928711,52.51908493041992],[-3.03987717628479,52.38472366333008],[-2.869202375411987,52.38472366333008],[-2.927305936813354,52.11625671386719],[-2.920543432235718,52.0491943359375],[-2.913799524307251,51.98215103149414],[-2.82872486114502,51.98215103149414],[-2.822042465209961,51.91512680053711],[-2.625775098800659,51.64724349975586],[-2.951877117156982,51.51342010498047],[-2.945236444473267,51.44654083251953],[-3.107994079589844,51.37968063354492],[-3.094635725021362,51.24601745605469],[-4.201729774475098,51.31283950805664],[-4.426436901092529,51.04566955566406],[-4.67988109588623,51.04566955566406],[-4.665138721466064,50.912200927734375],[-4.657799243927002,50.84549331665039],[-4.306077480316162,50.71213912963867],[-4.270704746246338,50.37908172607422],[-4.186630249023438,50.37908172607422],[-4.088706493377686,50.2459831237793],[-3.584736108779907,50.2459831237793],[-3.456606388092041,50.64549255371094],[-3.12621021270752,50.71213912963867],[-2.789105415344238,50.71213912963867],[-2.607964515686035,50.578861236572266],[-1.524962306022644,50.71213912963867],[-1.513427257537842,50.578861236572266],[-1.176646590232849,50.578861236572266],[-1.109168291091919,50.77880859375],[-1.367843627929688,50.84549331665039],[0.492853790521622,50.77880859375],[1.313834071159363,51.112430572509766],[1.380577206611633,51.37968063354492],[0.528783321380615,51.44654083251953],[0.862975299358368,51.51342010498047],[0.843909561634064,51.78114318847656],[1.183690190315247,51.78114318847656],[1.169783234596252,51.98215103149414],[1.425007224082947,51.98215103149414],[1.739019155502319,52.38472366333008],[1.622210025787354,52.85536575317383],[1.093834638595581,53.057395935058594],[1.008047938346863,53.057395935058594]]]}},{"type":"Feature","properties":{"name":"Water Chenla","fromYear":800,"toYear":805,"type":"POLITY","areaKm2":238835.4497421133,"wikipedia":"Chenla","wikidata":"Q1057118","seshatId":"kh_chenla","source":"cliopatria"},"geometry":{"type":"MultiPolygon","coordinates":[[[[103.9781494140625,10.443102836608887],[104.12442779541016,10.443102836608887],[104.0897445678711,10.057377815246582],[103.94351959228516,10.057377815246582],[103.81444549560547,10.250240325927734],[103.90501403808594,10.443102836608887],[103.9781494140625,10.443102836608887]]],[[[105.87570190429688,13.207467079162598],[106.2424087524414,13.207467079162598],[106.30070495605469,13.07889175415039],[108.2381591796875,13.336042404174805],[108.35398864746094,13.07889175415039],[108.25114440917969,12.178865432739258],[108.09758758544922,12.114578247070312],[108.07671356201172,11.92171573638916],[108.13621520996094,11.793140411376953],[108.49552917480469,11.728853225708008],[108.62166595458984,11.535990715026855],[109.05421447753906,11.47170352935791],[109.04752349853516,11.407415390014648],[108.72840118408203,11.15026569366455],[108.58203125,11.15026569366455],[108.56910705566406,11.021690368652344],[108.11732482910156,10.893115997314453],[108.02532958984375,10.7002534866333],[107.33641815185547,10.378815650939941],[107.04991149902344,10.443102836608887],[107.07432556152344,10.7002534866333],[107.00117492675781,10.7002534866333],[106.98281860351562,10.507390975952148],[106.75736236572266,10.443102836608887],[106.81851196289062,10.314528465270996],[106.66631317138672,10.250240325927734],[106.80664825439453,10.185953140258789],[106.79491424560547,10.057377815246582],[106.64287567138672,9.993090629577637],[106.69871520996094,9.800228118896484],[106.55252075195312,9.800228118896484],[106.60304260253906,9.543078422546387],[106.2320785522461,9.478790283203125],[106.14253997802734,9.285927772521973],[105.62030029296875,9.157352447509766],[105.13510131835938,8.578764915466309],[104.7649154663086,8.514476776123047],[104.7020034790039,8.643052101135254],[104.8582992553711,8.771627426147461],[104.71222686767578,8.771627426147461],[104.7926025390625,9.735940933227539],[105.03448486328125,9.993090629577637],[104.53990173339844,10.185953140258789],[104.4169692993164,10.443102836608887],[104.12442779541016,10.443102836608887],[103.91679382324219,10.571678161621094],[103.54518127441406,10.507390975952148],[103.48978424072266,10.7002534866333],[103.64208221435547,10.764540672302246],[103.59931945800781,11.085978507995605],[103.3554458618164,10.828827857971191],[103.06279754638672,10.828827857971191],[103.05123901367188,11.47170352935791],[102.84432220458984,11.6002779006958],[102.8701400756836,11.857428550720215],[102.7302017211914,11.92171573638916],[102.74337005615234,12.050291061401367],[102.60350799560547,12.114578247070312],[102.44378662109375,11.986002922058105],[102.22405242919922,11.986002922058105],[102.25727081298828,12.307440757751465],[102.11073303222656,12.307440757751465],[101.7783432006836,12.628878593444824],[101.78524780273438,12.69316577911377],[101.81324768066406,12.950316429138184],[101.68081665039062,13.07889175415039],[101.86593627929688,14.043206214904785],[102.57682037353516,13.850343704223633],[102.63490295410156,13.721768379211426],[103.35350799560547,13.593193054199219],[103.34593963623047,13.528904914855957],[103.24273681640625,13.271754264831543],[103.3894271850586,13.271754264831543],[103.50685119628906,13.014603614807129],[103.80015563964844,13.014603614807129],[103.81475067138672,13.143178939819336],[104.12290954589844,13.271754264831543],[104.15301513671875,13.528904914855957],[105.53934478759766,13.464617729187012],[105.87570190429688,13.207467079162598]]]]}},{"type":"Feature","properties":{"name":"Viking settlements","fromYear":800,"toYear":805,"type":"POLITY","areaKm2":13773.719915621929,"wikipedia":"Vikings","wikidata":"Q12567","seshatId":"no_viking_settlements","source":"cliopatria"},"geometry":{"type":"MultiPolygon","coordinates":[[[[12.786430358886719,54.27390670776367],[12.694125175476074,54.00291442871094],[12.260763168334961,53.93522644042969],[12.174370765686035,53.93522644042969],[12.006754875183105,54.27390670776367],[12.093385696411133,54.27390670776367],[12.4437894821167,54.47740173339844],[12.789399147033691,54.4095458984375],[12.702672004699707,54.4095458984375],[12.699800491333008,54.27390670776367],[12.786430358886719,54.27390670776367]]],[[[39.077659606933594,57.62710189819336],[39.32861328125,57.903804779052734],[39.68613052368164,57.903804779052734],[39.64926528930664,57.7653923034668],[39.82780075073242,57.7653923034668],[39.79092025756836,57.62710189819336],[40.03986358642578,57.55800247192383],[39.89564514160156,57.35087585449219],[39.717769622802734,57.35087585449219],[39.75221252441406,57.14401626586914],[39.48588943481445,57.14401626586914],[39.36146926879883,57.00625228881836],[39.113101959228516,57.07511901855469],[39.148521423339844,57.21294021606445],[38.970863342285156,57.21294021606445],[39.006263732910156,57.35087585449219],[38.91732406616211,57.35087585449219],[38.82838821411133,57.35087585449219],[38.89934539794922,57.62710189819336],[39.077659606933594,57.62710189819336]]],[[[31.819162368774414,60.135501861572266],[31.86298179626465,60.34645080566406],[32.12242889404297,60.276100158691406],[31.899972915649414,59.64447021484375],[31.08258628845215,59.64447021484375],[30.837535858154297,59.78459548950195],[30.99798011779785,60.135501861572266],[31.37721061706543,60.20578384399414],[31.46851348876953,60.20578384399414],[31.454191207885742,60.135501861572266],[31.819162368774414,60.135501861572266]]],[[[-1.278715848922729,60.76930236816406],[-0.827084124088287,60.83990478515625],[-0.805085599422455,60.628211975097656],[-1.164233803749084,60.557716369628906],[-1.050302863121033,60.34645080566406],[-1.141728639602661,60.34645080566406],[-1.203181028366089,60.065250396728516],[-1.674645304679871,60.20578384399414],[-1.63013768196106,60.628211975097656],[-1.36280632019043,60.69873809814453],[-1.347454905509949,60.557716369628906],[-1.255844354629517,60.557716369628906],[-1.278715848922729,60.76930236816406]]],[[[-7.018063545227051,61.618961334228516],[-6.740391254425049,61.618961334228516],[-6.717170238494873,61.47697448730469],[-6.705606937408447,61.40604019165039],[-6.994457244873047,61.47697448730469],[-7.018063545227051,61.618961334228516]]],[[[-7.324460029602051,62.331268310546875],[-6.963660717010498,62.4027214050293],[-6.765193462371826,62.331268310546875],[-6.660168170928955,62.259857177734375],[-6.694395065307617,61.90340805053711],[-6.787211894989014,61.90340805053711],[-7.275551319122314,62.045867919921875],[-7.324460029602051,62.331268310546875]]]]}},{"type":"Feature","properties":{"name":"Nanzhao","fromYear":800,"toYear":829,"type":"POLITY","areaKm2":591100.6474358933,"wikipedia":"Nanzhao","wikidata":"Q1045322","seshatId":"cn_nanzhao_k","source":"cliopatria"},"geometry":{"type":"Polygon","coordinates":[[[104.91499328613281,21.114822387695312],[105.24369812011719,21.307680130004883],[105.84846496582031,21.371967315673828],[106.10354614257812,21.5648250579834],[106.62358856201172,21.5648250579834],[106.90117645263672,21.88625717163086],[108.08357238769531,22.271976470947266],[108.36397552490234,22.59341049194336],[108.28504180908203,22.97913360595703],[107.94806671142578,23.171995162963867],[107.846923828125,23.429147720336914],[107.9730453491211,24.457773208618164],[108.25234985351562,25.422143936157227],[108.177490234375,25.422143936157227],[108.30946350097656,26.32224464416504],[107.96507263183594,26.450830459594727],[107.908935546875,26.836584091186523],[106.9048080444336,27.029460906982422],[106.60956573486328,27.35091781616211],[106.45912170410156,27.35091781616211],[106.1817855834961,27.736658096313477],[106.25995635986328,28.315250396728516],[106.12654876708984,28.379535675048828],[106.1793212890625,28.572391510009766],[105.52306365966797,28.379535675048828],[105.42035675048828,27.993812561035156],[105.2194595336914,27.800947189331055],[104.60049438476562,27.736658096313477],[104.31570434570312,27.800947189331055],[104.63507843017578,28.44382095336914],[104.14144134521484,28.572391510009766],[103.89775848388672,28.508106231689453],[103.87129211425781,28.12238883972168],[103.54629516601562,27.736658096313477],[103.32039642333984,27.736658096313477],[103.26849365234375,27.222335815429688],[103.34368896484375,27.222335815429688],[103.41675567626953,26.57941436767578],[103.49182891845703,26.57941436767578],[103.28289031982422,26.32224464416504],[102.90777587890625,26.32224464416504],[102.63970184326172,26.129364013671875],[102.18977355957031,26.129364013671875],[102.14054107666016,26.57941436767578],[101.65910339355469,26.772293090820312],[101.62870788574219,26.96516990661621],[101.14810180664062,26.836584091186523],[99.4058609008789,26.772293090820312],[98.77647399902344,26.643707275390625],[98.7623291015625,26.57941436767578],[98.68645477294922,25.8721923828125],[98.09656524658203,25.55072784423828],[98.04562377929688,25.29355812072754],[97.79612731933594,25.164974212646484],[97.73493957519531,24.843517303466797],[97.57340240478516,24.779226303100586],[97.52605438232422,24.522062301635742],[97.72685241699219,24.393482208251953],[97.69229125976562,24.200613021850586],[97.76696014404297,24.200613021850586],[97.57241821289062,23.943456649780273],[97.71048736572266,23.879167556762695],[98.11742401123047,24.07203483581543],[98.8753662109375,24.136323928833008],[98.66924285888672,23.814878463745117],[98.80723571777344,23.75058937072754],[98.87923431396484,23.30057144165039],[99.07037353515625,23.107707977294922],[99.57035827636719,22.97913360595703],[99.40005493164062,22.85055923461914],[99.32661437988281,22.400548934936523],[99.25221252441406,22.400548934936523],[99.27518463134766,22.079116821289062],[100.00850677490234,22.014829635620117],[99.96765899658203,21.7576847076416],[100.17028045654297,21.629112243652344],[100.2142333984375,21.43625259399414],[100.6598892211914,21.43625259399414],[101.0824203491211,21.7576847076416],[101.37969207763672,21.7576847076416],[101.80490112304688,21.629112243652344],[101.78429412841797,21.500539779663086],[103.28043365478516,21.5648250579834],[103.48236083984375,21.43625259399414],[103.7156753540039,21.500539779663086],[104.27833557128906,21.307680130004883],[104.66018676757812,21.371967315673828],[104.925537109375,21.179107666015625],[104.91499328613281,21.114822387695312]]]}},{"type":"Feature","properties":{"name":"Land Chenla","fromYear":800,"toYear":805,"type":"POLITY","areaKm2":182750.9705603393,"wikipedia":"Chenla","wikidata":"Q1057118","seshatId":"kh_chenla","source":"cliopatria"},"geometry":{"type":"Polygon","coordinates":[[[107.55477142333984,15.393251419067383],[107.69268798828125,15.328963279724121],[107.67445373535156,15.200387001037598],[107.8950424194336,15.200387001037598],[108.07958221435547,14.943235397338867],[108.05786895751953,14.236069679260254],[108.27767181396484,13.657480239868164],[108.2381591796875,13.336042404174805],[106.30070495605469,13.07889175415039],[106.2424087524414,13.207467079162598],[105.87570190429688,13.207467079162598],[105.53934478759766,13.464617729187012],[104.15301513671875,13.528904914855957],[103.87478637695312,13.657480239868164],[103.89022064208984,13.786055564880371],[103.59664916992188,13.786055564880371],[103.58126831054688,13.657480239868164],[103.35350799560547,13.593193054199219],[102.63490295410156,13.721768379211426],[102.57682037353516,13.850343704223633],[101.86593627929688,14.043206214904785],[101.87371826171875,14.107494354248047],[102.28133392333984,15.007523536682129],[102.93003845214844,15.457538604736328],[102.87418365478516,15.586114883422852],[103.09488677978516,15.586114883422852],[103.11279296875,15.714691162109375],[103.25995635986328,15.714691162109375],[103.51712036132812,15.971842765808105],[103.65515899658203,15.907554626464844],[104.28113555908203,16.16470718383789],[104.2999267578125,16.293283462524414],[104.37357330322266,16.293283462524414],[104.3830337524414,16.35757064819336],[104.4566879272461,16.35757064819336],[104.44721984863281,16.293283462524414],[104.88909149169922,16.293283462524414],[106.49409484863281,16.67901039123535],[106.56777954101562,16.67901039123535],[106.70530700683594,16.614723205566406],[106.68570709228516,16.486146926879883],[106.97059631347656,16.421857833862305],[107.1527328491211,16.16470718383789],[107.5016098022461,16.036130905151367],[107.29759979248047,15.650403022766113],[107.5639877319336,15.457538604736328],[107.55477142333984,15.393251419067383]]]}},{"type":"Feature","properties":{"name":"Avar Khaganate","fromYear":800,"toYear":805,"type":"POLITY","areaKm2":177735.7259854369,"wikipedia":"Pannonian Avars","wikidata":"Q68962","seshatId":"hu_avar_khaganate","source":"cliopatria"},"geometry":{"type":"Polygon","coordinates":[[[25.275529861450195,47.33478927612305],[24.89310073852539,47.664100646972656],[24.987621307373047,47.79592514038086],[24.822385787963867,47.79592514038086],[24.674827575683594,47.993770599365234],[23.682144165039062,47.993770599365234],[23.27920150756836,48.1257438659668],[22.772184371948242,47.993770599365234],[22.596696853637695,47.86185836791992],[22.674318313598633,47.79592514038086],[22.576807022094727,47.598209381103516],[22.324438095092773,47.53233337402344],[22.169015884399414,47.664100646972656],[21.994524002075195,47.53233337402344],[21.582130432128906,47.53233337402344],[21.517667770385742,47.79592514038086],[20.538646697998047,47.993770599365234],[19.8576717376709,47.664100646972656],[19.52747917175293,47.664100646972656],[19.452219009399414,47.79592514038086],[19.035654067993164,47.730003356933594],[18.95307159423828,47.730003356933594],[19.025299072265625,47.53233337402344],[19.186756134033203,47.46647262573242],[19.1728572845459,47.20316696166992],[18.83701515197754,47.07159423828125],[18.81411361694336,46.61152267456055],[19.05011558532715,46.414546966552734],[18.86043357849121,45.889827728271484],[18.77879524230957,45.889827728271484],[18.9258975982666,45.56227111816406],[19.007373809814453,45.56227111816406],[19.004117965698242,45.496795654296875],[18.997617721557617,45.36587905883789],[19.23841667175293,45.300437927246094],[19.13726234436035,44.908016204833984],[19.218420028686523,44.908016204833984],[19.624204635620117,44.908016204833984],[19.61724090576172,44.77729415893555],[20.019073486328125,44.71194839477539],[20.114822387695312,44.973392486572266],[20.369718551635742,45.169586181640625],[20.5284423828125,45.10417556762695],[20.439577102661133,44.973392486572266],[20.667572021484375,44.71194839477539],[21.40547752380371,44.842647552490234],[21.63605499267578,44.64661407470703],[21.879146575927734,44.64661407470703],[21.87044906616211,44.5159797668457],[22.02798080444336,44.45067596435547],[22.108917236328125,44.45067596435547],[22.36532974243164,44.64661407470703],[24.234304428100586,44.71194839477539],[24.325986862182617,44.842647552490234],[24.72614097595215,44.77729415893555],[26.453693389892578,45.03877639770508],[26.459856033325195,45.10417556762695],[26.472206115722656,45.23500442504883],[26.234350204467773,45.300437927246094],[26.189537048339844,45.693260192871094],[25.950939178466797,45.75876998901367],[25.89948272705078,46.08650588989258],[25.9873104095459,46.1520881652832],[25.754018783569336,46.283294677734375],[25.708343505859375,46.677207946777344],[25.41004753112793,47.005828857421875],[25.51044273376465,47.20316696166992],[25.26951789855957,47.26897048950195],[25.275529861450195,47.33478927612305]]]}},{"type":"Feature","properties":{"name":"Scandinavian minor kingdoms","fromYear":800,"toYear":805,"type":"POLITY","areaKm2":423261.01911562035,"wikipedia":"Viking Age","wikidata":"Q213649","seshatId":"sv_scandinavian_minor_k","source":"cliopatria"},"geometry":{"type":"MultiPolygon","coordinates":[[[[14.64396858215332,55.29362487792969],[14.990630149841309,55.225467681884766],[15.077948570251465,55.225467681884766],[15.069417953491211,55.021148681640625],[14.636160850524902,55.089229583740234],[14.64396858215332,55.29362487792969]]],[[[10.62817668914795,55.97663879394531],[10.627213478088379,55.77145767211914],[10.539490699768066,55.77145767211914],[10.364044189453125,55.77145767211914],[10.452422142028809,55.97663879394531],[10.62817668914795,55.97663879394531]]],[[[10.277146339416504,56.25059127807617],[10.276667594909668,55.97663879394531],[9.925338745117188,55.83982467651367],[9.925520896911621,55.70311737060547],[9.750177383422852,55.70311737060547],[9.750565528869629,55.56651306152344],[10.626581192016602,55.63479995727539],[10.625955581665039,55.498252868652344],[10.800582885742188,55.430015563964844],[10.798959732055664,55.15733337402344],[10.88622760772705,55.15733337402344],[10.796977043151855,54.817054748535156],[10.535674095153809,54.74907684326172],[10.536654472351074,55.021148681640625],[9.926376342773438,55.089229583740234],[10.013643264770508,55.021148681640625],[9.9271879196167,54.545284271240234],[8.799209594726562,54.47740173339844],[8.797733306884766,54.613189697265625],[8.534452438354492,54.817054748535156],[8.530884742736816,55.089229583740234],[8.443666458129883,55.089229583740234],[8.52729320526123,55.36180877685547],[8.350449562072754,55.498252868652344],[8.087891578674316,55.498252868652344],[8.085573196411133,55.63479995727539],[7.997951984405518,55.63479995727539],[8.077386856079102,56.11355972290039],[7.989406585693359,56.11355972290039],[7.979492664337158,56.662349700927734],[8.243602752685547,56.731075286865234],[8.152853965759277,56.86860656738281],[8.502391815185547,57.21294021606445],[9.39068603515625,57.21294021606445],[9.656455039978027,57.41988754272461],[9.655976295471191,57.55800247192383],[9.834181785583496,57.55800247192383],[9.923136711120605,57.696231842041016],[10.458671569824219,57.7653923034668],[10.545770645141602,57.28189468383789],[10.278702735900879,57.07511901855469],[10.277772903442383,56.59365463256836],[10.895707130432129,56.524986267089844],[10.805220603942871,56.182064056396484],[10.541122436523438,56.182064056396484],[10.540846824645996,56.11355972290039],[10.364885330200195,56.11355972290039],[10.36523151397705,56.25059127807617],[10.277146339416504,56.25059127807617]]],[[[17.056563638635424,68.1207046508789],[17.155208587646484,68.1207046508789],[17.1489315032959,68.04534912109375],[17.0499210357666,68.04534912109375],[17.04375457763672,67.97005462646484],[16.944828033447266,67.97005462646484],[16.938772201538086,67.89481353759766],[16.839927673339844,67.89481353759766],[16.833982467651367,67.81964111328125],[16.73522186279297,67.81964111328125],[16.741067055103287,67.89460717879842],[16.636459350585938,67.81964111328125],[16.433443562671002,67.74452209472656],[16.532028198242188,67.74452209472656],[16.526382446289062,67.66946411132812],[16.427785873413086,67.66946411132812],[16.433346959777868,67.74448635014436],[16.230592727661133,67.66946411132812],[16.318300247192383,67.51952362060547],[15.717890739440918,67.36980438232422],[13.78988265991211,65.95866394042969],[13.59634017944336,65.95866394042969],[12.902427673339844,65.44363403320312],[12.897788047790527,65.29694366455078],[12.7012939453125,65.15044403076172],[12.411541938781738,65.07727813720703],[12.503439903259277,64.93107604980469],[12.216273307800293,64.93107604980469],[12.021615982055664,64.78507995605469],[12.018424987792969,64.63926696777344],[11.729398727416992,64.49365234375],[11.726683616638184,64.34822845458984],[11.436739921569824,64.05794525146484],[11.433395385742188,63.84071350097656],[11.338749885559082,63.84071350097656],[11.33668041229248,63.69612503051758],[11.049908638000488,63.4074821472168],[11.142387390136719,63.263427734375],[10.954209327697754,63.263427734375],[10.952749252319336,63.11954879760742],[10.858798027038574,63.11954879760742],[10.856833457946777,62.904052734375],[10.76308536529541,62.904052734375],[10.85489273071289,62.68894577026367],[10.57381820678711,62.61732482910156],[10.936767578125,61.47697448730469],[11.21065616607666,61.193458557128906],[11.389244079589844,60.76930236816406],[11.932159423828125,60.34645080566406],[12.294785499572754,60.20578384399414],[12.479050636291504,60.276100158691406],[12.475739479064941,60.135501861572266],[12.656455039978027,60.065250396728516],[13.836724281311035,59.92485809326172],[14.195422172546387,59.78459548950195],[14.380191802978516,59.85470962524414],[14.647065162658691,59.714515686035156],[15.377649307250977,59.78459548950195],[15.646751403808594,59.714515686035156],[15.836201667785645,59.85470962524414],[16.56855010986328,59.92485809326172],[16.76413917541504,60.135501861572266],[17.133869171142578,60.20578384399414],[17.621078491210938,60.628211975097656],[17.987768173217773,60.628211975097656],[18.068532943725586,60.48725891113281],[18.612024307250977,60.416839599609375],[18.503421783447266,60.20578384399414],[18.777332305908203,60.20578384399414],[19.033178329467773,59.99503707885742],[19.00933265686035,59.714515686035156],[18.827571868896484,59.714515686035156],[18.628820419311523,59.504478454589844],[18.351261138916016,59.434532165527344],[18.414575576782227,59.08528518676758],[18.143529891967773,59.08528518676758],[17.947494506835938,58.876129150390625],[17.496623992919922,58.876129150390625],[17.487049102783203,58.73685073852539],[17.126813888549805,58.73685073852539],[17.02781105041504,58.59769821166992],[16.847923278808594,58.59769821166992],[16.83926010131836,58.45867156982422],[16.65959930419922,58.45867156982422],[16.830646514892578,58.31977081298828],[16.813568115234375,58.042335510253906],[16.626346588134766,57.903804779052734],[16.71156883239746,57.8345832824707],[16.703289031982422,57.696231842041016],[16.614076614379883,57.696231842041016],[16.68687629699707,57.41988754272461],[16.500974655151367,57.28189468383789],[16.477506637573242,56.86860656738281],[16.755352020263672,57.07511901855469],[16.860679626464844,57.35087585449219],[17.131839752197266,57.41988754272461],[17.12316131591797,57.28189468383789],[16.936981201171875,57.14401626586914],[16.924457550048828,56.937416076660156],[16.739154815673828,56.799827575683594],[16.62702751159668,56.387733459472656],[16.266908645629883,56.25059127807617],[16.28167724609375,56.524986267089844],[16.193382263183594,56.524986267089844],[16.090740203857422,56.25059127807617],[15.819687843322754,56.11355972290039],[14.76668930053711,56.182064056396484],[14.758404731750488,55.97663879394531],[14.228706359863281,55.90821838378906],[14.296913146972656,55.36180877685547],[12.810799598693848,55.36180877685547],[12.726422309875488,55.498252868652344],[12.903090476989746,55.56651306152344],[12.908012390136719,55.77145767211914],[12.561474800109863,55.97663879394531],[12.555678367614746,55.70311737060547],[12.202529907226562,55.56651306152344],[12.375022888183594,55.430015563964844],[12.371088027954102,55.225467681884766],[12.107980728149414,55.15733337402344],[12.101152420043945,54.74907684326172],[10.88355827331543,54.74907684326172],[10.97249698638916,55.021148681640625],[11.66806411743164,54.88506317138672],[11.670741081237793,55.089229583740234],[11.497906684875488,55.225467681884766],[10.974503517150879,55.29362487792969],[11.064117431640625,55.56651306152344],[10.889443397521973,55.63479995727539],[10.890382766723633,55.77145767211914],[11.241952896118164,55.83982467651367],[11.331932067871094,56.04508590698242],[11.595718383789062,56.04508590698242],[11.768598556518555,55.83982467651367],[11.860556602478027,56.11355972290039],[12.477840423583984,56.182064056396484],[12.480693817138672,56.319149017333984],[12.656968116760254,56.319149017333984],[12.573304176330566,56.524986267089844],[12.749893188476562,56.524986267089844],[12.75311279296875,56.662349700927734],[12.402325630187988,56.799827575683594],[12.405158996582031,56.937416076660156],[12.14184856414795,57.07511901855469],[12.058022499084473,57.35087585449219],[11.792279243469238,57.41988754272461],[11.713647842407227,58.11164855957031],[11.44500732421875,58.11164855957031],[11.44767951965332,58.31977081298828],[11.179258346557617,58.38920593261719],[11.09703254699707,59.15507125854492],[10.825811386108398,59.15507125854492],[10.555644989013672,59.36461639404297],[10.557076454162598,59.64447021484375],[10.374953269958496,59.504478454589844],[10.465357780456543,59.434532165527344],[10.373775482177734,59.15507125854492],[10.192960739135742,59.15507125854492],[10.012155532836914,58.94581604003906],[9.65099048614502,59.015533447265625],[9.561288833618164,58.876129150390625],[9.380940437316895,58.876129150390625],[9.381759643554688,58.73685073852539],[9.111583709716797,58.73685073852539],[9.112746238708496,58.59769821166992],[8.932857513427734,58.59769821166992],[8.66648006439209,58.31977081298828],[7.597545146942139,57.97305679321289],[6.611622333526611,58.042335510253906],[6.515511512756348,58.2503662109375],[5.974997520446777,58.31977081298828],[5.514988899230957,58.59769821166992],[5.497633457183838,59.015533447265625],[5.949085235595703,59.015533447265625],[6.026472091674805,59.36461639404297],[5.842586994171143,59.434532165527344],[5.848016262054443,59.294734954833984],[5.214344501495361,59.294734954833984],[5.283252716064453,59.78459548950195],[5.192312240600586,59.78459548950195],[5.18274974822998,59.99503707885742],[5.450062274932861,60.135501861572266],[5.261251449584961,60.276100158691406],[4.899204254150391,60.20578384399414],[4.888944625854492,60.416839599609375],[5.160153865814209,60.48725891113281],[4.949739456176758,61.05192565917969],[5.127170562744141,61.193458557128906],[5.034996509552002,61.193458557128906],[4.928883075714111,61.47697448730469],[5.199532508850098,61.618961334228516],[4.921859741210938,61.618961334228516],[4.91480016708374,61.7611083984375],[5.186155319213867,61.90340805053711],[5.076096057891846,62.259857177734375],[5.451878070831299,62.18848419189453],[5.44224739074707,62.4027214050293],[5.722079753875732,62.4027214050293],[5.731114864349365,62.18848419189453],[5.917273044586182,62.18848419189453],[5.908635139465332,62.4027214050293],[6.559149742126465,62.474212646484375],[6.642990112304688,62.76060485839844],[7.395575523376465,62.61732482910156],[7.391887664794922,62.76060485839844],[6.921638965606689,62.83230972290039],[6.915043354034424,63.047672271728516],[7.94775915145874,63.047672271728516],[7.944839000701904,63.191463470458984],[8.601008415222168,63.33543014526367],[8.600020408630371,63.4074821472168],[8.223114013671875,63.4074821472168],[8.22437858581543,63.33543014526367],[7.753591537475586,63.33543014526367],[7.843117713928223,63.55171203613281],[8.221847534179688,63.479576110839844],[8.501543998718262,63.69612503051758],[9.068572044372559,63.69612503051758],[8.976213455200195,63.479576110839844],[9.259605407714844,63.4074821472168],[9.352522850036621,63.623897552490234],[9.54139232635498,63.623897552490234],[9.540202140808105,63.91307830810547],[9.919048309326172,63.98548889160156],[9.919021606445312,64.13044738769531],[10.29927921295166,64.27558898925781],[10.299833297729492,64.4209213256836],[10.873260498046875,64.63926696777344],[11.159551620483398,64.63926696777344],[11.34825611114502,64.49365234375],[11.444689750671387,64.56643676757812],[11.353676795959473,64.8580551147461],[11.449325561523438,64.8580551147461],[11.451669692993164,65.004150390625],[11.740456581115723,65.07727813720703],[11.839288711547852,65.22367095947266],[12.12563419342041,65.15044403076172],[12.03625774383545,65.44363403320312],[12.132498741149902,65.44363403320312],[12.135971069335938,65.59053039550781],[12.525640487670898,65.73763275146484],[12.529778480529785,65.88493347167969],[12.336389541625977,65.88493347167969],[12.439126968383789,66.10628509521484],[12.342202186584473,66.10628509521484],[12.346120834350586,66.25411987304688],[12.637356758117676,66.25411987304688],[12.632975578308105,66.10628509521484],[12.824494361877441,66.0324478149414],[12.928592681884766,66.25411987304688],[13.122750282287598,66.25411987304688],[12.940890312194824,66.6246337890625],[13.233297348022461,66.6246337890625],[13.238768577575684,66.77322387695312],[13.629276275634766,66.77322387695312],[13.540666580200195,66.99652099609375],[13.641645431518555,67.0710678100586],[14.13137435913086,67.0710678100586],[14.436574935913086,67.29503631591797],[14.546525001525879,67.51952362060547],[14.94884204864502,67.66946411132812],[15.065190315246582,67.97005462646484],[15.36197566986084,67.97005462646484],[15.579607009887695,68.27159118652344],[15.877401351928711,68.27159118652344],[15.882658958435059,68.34712219238281],[15.092460632324219,68.42272186279297],[14.984017372131348,68.27159118652344],[14.186103820800781,68.19611358642578],[14.193711280822754,68.34712219238281],[14.400439262390137,68.49837493896484],[14.902517318725586,68.57408905029297],[14.911535263061523,68.7257080078125],[14.408551216125488,68.64987182617188],[14.520834922790527,68.87757110595703],[15.134926795959473,69.10584259033203],[15.130109786987305,69.0296859741211],[15.330366134643555,69.0296859741211],[15.315542221069336,68.8016128540039],[15.515274047851562,68.8016128540039],[15.440682411193848,69.18205261230469],[15.752424240112305,69.33467864990234],[16.154354095458984,69.33467864990234],[16.14281463623047,69.18205261230469],[15.93665599822998,69.10584259033203],[15.92017650604248,68.87757110595703],[16.61984634399414,68.87757110595703],[16.607778549194336,68.7257080078125],[17.212993621826172,68.8016128540039],[17.23280143737793,69.0296859741211],[17.332929611206055,69.0296859741211],[17.319517135620117,68.87757110595703],[17.519424438476562,68.87757110595703],[17.647384643554688,69.18205261230469],[17.03903579711914,69.10584259033203],[16.958213806152344,69.33467864990234],[16.85773277282715,69.33467864990234],[16.87064552307129,69.487548828125],[17.892112731933594,69.64068603515625],[17.977924346923828,69.487548828125],[18.581893920898438,69.487548828125],[18.58993148803711,69.5640869140625],[18.18692398071289,69.5640869140625],[18.311208724975586,69.79407501220703],[18.917354583740234,69.79407501220703],[18.79143524169922,69.5640869140625],[19.378469467163086,69.41107940673828],[19.160371780395508,69.25833129882812],[18.65043067932129,69.18205261230469],[18.426651000976562,68.95359802246094],[18.019187927246094,68.87757110595703],[17.9049072265625,68.7257080078125],[18.00468635559082,68.7257080078125],[17.99748420715332,68.64987182617188],[17.286537170410156,68.49837493896484],[17.26711082458496,68.27159118652344],[17.056563638635424,68.1207046508789]],[[17.056084051555004,68.1203609595929],[16.951412475383993,68.04534912109375],[17.0499210357666,68.04534912109375],[17.056084051555004,68.1203609595929]],[[16.950877711786507,68.04496588810848],[16.84634648063575,67.97005462646484],[16.944828033447266,67.97005462646484],[16.950877711786507,68.04496588810848]],[[16.845872629272407,67.96971504562313],[16.741355008327798,67.89481353759766],[16.839927673339844,67.89481353759766],[16.845872629272407,67.96971504562313]]],[[[16.427785873413086,67.66946411132812],[16.4222469329834,67.5944595336914],[16.323732376098633,67.5944595336914],[16.32918930053711,67.66946411132812],[16.427785873413086,67.66946411132812]]],[[[12.787290573120117,67.89481353759766],[12.79240608215332,68.04534912109375],[12.891417503356934,68.04534912109375],[12.894081115722656,68.1207046508789],[13.19136905670166,68.1207046508789],[13.185554504394531,67.97005462646484],[12.787290573120117,67.89481353759766]]],[[[14.086923599243164,68.19611358642578],[13.587753295898438,68.1207046508789],[13.584501266479492,68.04534912109375],[13.38647747039795,68.04534912109375],[13.38956069946289,68.1207046508789],[13.392661094665527,68.19611358642578],[13.700368881225586,68.42272186279297],[14.098109245300293,68.42272186279297],[14.086923599243164,68.19611358642578]]],[[[19.04520034790039,57.97305679321289],[19.03397560119629,57.8345832824707],[18.844388961791992,57.696231842041016],[18.911693572998047,57.41988754272461],[18.45128059387207,57.21294021606445],[18.342275619506836,56.937416076660156],[18.076435089111328,56.937416076660156],[18.02667236328125,57.488929748535156],[18.031593322753906,57.55800247192383],[18.230064392089844,57.8345832824707],[18.598026275634766,57.97305679321289],[19.04520034790039,57.97305679321289]]],[[[16.73522186279297,67.81964111328125],[16.729385375976562,67.74452209472656],[16.630706787109375,67.74452209472656],[16.636459350585938,67.81964111328125],[16.73522186279297,67.81964111328125]]],[[[17.777206420898438,68.42272186279297],[17.677772521972656,68.42272186279297],[17.684619903564453,68.49837493896484],[17.78413963317871,68.49837493896484],[17.88365936279297,68.49837493896484],[17.87664222717285,68.42272186279297],[17.777206420898438,68.42272186279297]]],[[[18.075511932373047,68.42272186279297],[17.890710830688477,68.57408905029297],[18.196870803833008,68.64987182617188],[18.082700729370117,68.49837493896484],[18.075511932373047,68.42272186279297]]]]}},{"type":"Feature","properties":{"name":"(Carolingian Empire)","fromYear":800,"toYear":805,"type":"POLITY","areaKm2":1281380.7652988653,"wikipedia":"Francia","wikidata":"Q146246","seshatId":"fr_carolingian_emp_1","source":"cliopatria"},"geometry":{"type":"MultiPolygon","coordinates":[[[[14.689077377319336,42.17123794555664],[14.768959999084473,42.17123794555664],[14.76742172241211,42.10627746582031],[14.687567710876465,42.10627746582031],[14.689077377319336,42.17123794555664]]],[[[9.491888999938965,43.016544342041016],[9.49340534210205,42.75628662109375],[9.5735502243042,42.75628662109375],[9.577608108520508,41.97637939453125],[9.497812271118164,41.97637939453125],[9.49889087677002,41.781593322753906],[9.262411117553711,41.39224624633789],[9.1038236618042,41.32738494873047],[8.783942222595215,41.521995544433594],[8.782108306884766,41.71668243408203],[8.622743606567383,41.71668243408203],[8.700496673583984,41.911441802978516],[8.538846015930176,42.10627746582031],[8.534564018249512,42.496177673339844],[8.772740364074707,42.691246032714844],[9.17282485961914,42.75628662109375],[9.251097679138184,43.016544342041016],[9.331360816955566,43.016544342041016],[9.491888999938965,43.016544342041016]]],[[[10.45510196685791,42.88639831542969],[10.455166816711426,42.691246032714844],[10.21481990814209,42.691246032714844],[10.134284973144531,42.88639831542969],[10.214488983154297,42.88639831542969],[10.45510196685791,42.88639831542969]]],[[[11.732205390930176,53.124786376953125],[11.726588249206543,52.653533935546875],[11.641072273254395,52.653533935546875],[11.55083179473877,52.18334197998047],[11.804113388061523,51.98215103149414],[11.547623634338379,51.84812545776367],[11.545768737792969,51.64724349975586],[11.375528335571289,51.580322265625],[11.289310455322266,51.37968063354492],[12.131903648376465,51.04566955566406],[12.129409790039062,50.84549331665039],[12.297226905822754,50.77880859375],[12.295454025268555,50.64549255371094],[12.04199504852295,50.578861236572266],[12.039060592651367,50.312522888183594],[12.454757690429688,49.98000717163086],[12.368453979492188,49.78071212768555],[12.781194686889648,49.38258361816406],[13.196383476257324,49.2500114440918],[13.359648704528809,49.051273345947266],[13.526256561279297,49.051273345947266],[13.688922882080078,48.852684020996094],[14.020249366760254,48.786521911621094],[14.100465774536133,48.654239654541016],[14.682044982910156,48.654239654541016],[14.942421913146973,49.051273345947266],[15.60667610168457,48.98506164550781],[16.099149703979492,48.786521911621094],[16.683862686157227,48.852684020996094],[16.927988052368164,48.72037124633789],[16.919898986816406,48.52202224731445],[16.836889266967773,48.52202224731445],[16.909269332885742,48.257774353027344],[17.30965805053711,47.92780685424805],[17.634624481201172,47.79592514038086],[18.626039505004883,47.79592514038086],[18.79804801940918,47.92780685424805],[18.956510543823242,47.79592514038086],[18.95307159423828,47.730003356933594],[19.025299072265625,47.53233337402344],[19.186756134033203,47.46647262573242],[19.1728572845459,47.20316696166992],[18.83701515197754,47.07159423828125],[18.81411361694336,46.61152267456055],[19.05011558532715,46.414546966552734],[18.86043357849121,45.889827728271484],[18.77879524230957,45.889827728271484],[18.9258975982666,45.56227111816406],[18.92267417907715,45.496795654296875],[19.004117965698242,45.496795654296875],[18.997617721557617,45.36587905883789],[19.23841667175293,45.300437927246094],[19.13726234436035,44.908016204833984],[19.056106567382812,44.908016204833984],[18.80946922302246,44.842647552490234],[18.73775291442871,45.03877639770508],[17.92837142944336,45.10417556762695],[17.760351181030273,44.973392486572266],[17.519447326660156,45.03877639770508],[17.351810455322266,44.908016204833984],[16.864870071411133,44.908016204833984],[16.78371238708496,44.908016204833984],[16.537961959838867,44.842647552490234],[16.461332321166992,44.973392486572266],[16.136579513549805,44.973392486572266],[15.978317260742188,45.10417556762695],[15.57205581665039,45.10417556762695],[15.415056228637695,45.300437927246094],[15.089664459228516,45.300437927246094],[14.930253028869629,45.431331634521484],[14.277569770812988,45.36587905883789],[14.196189880371094,45.36587905883789],[14.189410209655762,45.03877639770508],[14.026969909667969,45.03877639770508],[13.945749282836914,45.03877639770508],[13.628785133361816,45.496795654296875],[13.710229873657227,45.496795654296875],[13.714865684509277,45.75876998901367],[13.144780158996582,45.82429504394531],[13.061376571655273,45.693260192871094],[12.9815673828125,45.82429504394531],[12.818355560302734,45.82429504394531],[12.736748695373535,45.82429504394531],[12.164421081542969,45.693260192871094],[12.000378608703613,45.56227111816406],[11.998926162719727,45.36587905883789],[12.161685943603516,45.36587905883789],[12.161133766174316,45.300437927246094],[12.160021781921387,45.169586181640625],[12.40256118774414,45.03877639770508],[12.399906158447266,44.77729415893555],[12.157197952270508,44.842647552490234],[12.153728485107422,44.45067596435547],[12.312999725341797,44.18956756591797],[12.873446464538574,43.79821014404297],[13.035634994506836,43.86341094970703],[13.033763885498047,43.73301696777344],[13.355091094970703,43.6678352355957],[13.672640800476074,43.407203674316406],[13.747068405151367,43.08163070678711],[13.98537540435791,42.95146560668945],[13.901384353637695,42.75628662109375],[14.056464195251465,42.496177673339844],[14.607714653015137,42.10627746582031],[14.687567710876465,42.10627746582031],[14.365377426147461,41.97637939453125],[14.120827674865723,41.71668243408203],[13.96146297454834,41.71668243408203],[13.804443359375,41.84651184082031],[13.327016830444336,41.911441802978516],[13.328027725219727,41.97637939453125],[13.00974178314209,42.041324615478516],[12.615199089050293,42.43117141723633],[12.375204086303711,42.43117141723633],[12.301782608032227,43.08163070678711],[12.141195297241211,43.08163070678711],[12.224648475646973,43.407203674316406],[11.82194709777832,43.342071533203125],[12.059759140014648,42.95146560668945],[11.976285934448242,42.56119155883789],[12.13580322265625,42.496177673339844],[12.134614944458008,42.36617660522461],[12.053521156311035,42.236209869384766],[11.73387622833252,42.236209869384766],[11.734321594238281,42.30118942260742],[11.255227088928223,42.43117141723633],[10.936172485351562,42.82133865356445],[10.936327934265137,42.88639831542969],[11.17718505859375,42.95146560668945],[11.177671432495117,43.08163070678711],[10.535325050354004,43.146724700927734],[10.535326957702637,43.211830139160156],[10.212339401245117,43.99384307861328],[9.889463424682617,43.99384307861328],[9.969700813293457,44.12431716918945],[9.7273588180542,44.12431716918945],[9.159077644348145,44.45067596435547],[8.431501388549805,44.38538360595703],[8.033902168273926,43.92862319946289],[7.150246143341064,43.73301696777344],[6.993107318878174,43.53750228881836],[6.67255163192749,43.472347259521484],[6.517646789550781,43.211830139160156],[6.278174877166748,43.146724700927734],[5.796233177185059,43.146724700927734],[5.631923198699951,43.276947021484375],[5.390771865844727,43.276947021484375],[5.386905193328857,43.407203674316406],[5.063065528869629,43.472347259521484],[4.177847862243652,43.472347259521484],[4.173032760620117,43.6026611328125],[3.850892543792725,43.6026611328125],[2.984907388687134,43.146724700927734],[3.009923458099365,42.56119155883789],[3.178062200546265,42.36617660522461],[3.116764783859253,41.911441802978516],[2.492878913879395,41.586883544921875],[2.41325306892395,41.586883544921875],[2.401751518249512,41.84651184082031],[1.993919014930725,42.041324615478516],[1.597992181777954,41.97637939453125],[1.444882154464722,41.84651184082031],[0.723737120628357,41.911441802978516],[0.557072579860687,42.041324615478516],[0.161661341786385,41.97637939453125],[-0.00548142567277,42.10627746582031],[-0.016884818673134,42.30118942260742],[0.127878397703171,42.56119155883789],[0.036286983639002,42.75628662109375],[-0.528801321983337,42.82133865356445],[-1.026964664459229,43.08163070678711],[-1.428432941436768,43.08163070678711],[-1.441840410232544,43.276947021484375],[-1.687574744224548,43.342071533203125],[-1.692170143127441,43.407203674316406],[-1.459883332252502,43.53750228881836],[-1.402047991752625,43.86341094970703],[-1.321390628814697,43.86341094970703],[-1.348801136016846,44.25482940673828],[-1.267958283424377,44.25482940673828],[-1.286344885826111,44.5159797668457],[-1.205376982688904,44.5159797668457],[-1.251859068870544,45.169586181640625],[-1.170574903488159,45.169586181640625],[-1.189373373985291,45.431331634521484],[-1.031213998794556,45.496795654296875],[-1.045281529426575,45.693260192871094],[-1.213142395019531,45.75876998901367],[-1.141096234321594,45.889827728271484],[-1.222735166549683,45.889827728271484],[-1.251809358596802,46.283294677734375],[-1.666043281555176,46.348915100097656],[-2.014399528503418,46.61152267456055],[-2.024919986724854,46.74290466308594],[-2.194406032562256,46.808616638183594],[-2.139080047607422,47.13737487792969],[-2.232228517532349,47.26897048950195],[-2.561590671539307,47.26897048950195],[-2.578423976898193,47.46647262573242],[-2.831500053405762,47.53233337402344],[-2.837259292602539,47.598209381103516],[-2.447182655334473,47.86185836791992],[-1.796727180480957,47.993770599365234],[-1.647326707839966,48.191749572753906],[-1.652703642845154,48.257774353027344],[-1.668919563293457,48.455936431884766],[-1.508333325386047,48.52202224731445],[-1.602181315422058,48.654239654541016],[-1.607621908187866,48.72037124633789],[-1.718345284461975,49.051273345947266],[-1.635041356086731,49.051273345947266],[-1.651668906211853,49.2500114440918],[-1.913302421569824,49.38258361816406],[-2.031550645828247,49.78071212768555],[-1.361783027648926,49.78071212768555],[-1.250783205032349,49.44889450073242],[0.007001183927059,49.38258361816406],[-0.012448177672923,49.64793395996094],[0.224112883210182,49.84712600708008],[1.052847385406494,49.98000717163086],[1.454967975616455,50.2459831237793],[1.424705147743225,50.71213912963867],[1.656218767166138,51.04566955566406],[2.577829360961914,51.17921447753906],[3.155481338500977,51.44654083251953],[3.74860668182373,51.44654083251953],[3.40621018409729,51.51342010498047],[3.399252653121948,51.64724349975586],[3.738690614700317,51.64724349975586],[3.647099733352661,51.78114318847656],[3.81699013710022,51.78114318847656],[3.810401916503906,51.91512680053711],[3.980464458465576,51.91512680053711],[3.974021434783936,52.0491943359375],[4.223166942596436,52.18334197998047],[4.21693229675293,52.31757736206055],[4.463808536529541,52.51908493041992],[4.454747676849365,52.720787048339844],[4.699799060821533,52.99003219604492],[4.871281623840332,52.99003219604492],[4.970867156982422,52.653533935546875],[5.390830039978027,52.85536575317383],[5.385728359222412,52.99003219604492],[5.20894193649292,53.124786376953125],[5.542333602905273,53.39456558227539],[6.226210117340088,53.52959060668945],[6.916844367980957,53.462066650390625],[6.913325786590576,53.597137451171875],[7.082295417785645,53.732303619384766],[7.944795608520508,53.732303619384766],[8.205669403076172,53.597137451171875],[8.37701416015625,53.664710998535156],[8.459527015686035,53.93522644042969],[8.892172813415527,53.86756134033203],[8.802155494689941,54.20612335205078],[8.54152774810791,54.27390670776367],[8.62565803527832,54.47740173339844],[8.885985374450684,54.47740173339844],[9.322098731994629,54.138362884521484],[10.01444149017334,54.07062530517578],[10.10092830657959,54.07062530517578],[10.792462348937988,54.00291442871094],[10.878901481628418,54.00291442871094],[10.879310607910156,54.07062530517578],[10.965797424316406,54.07062530517578],[11.052284240722656,54.07062530517578],[11.138771057128906,54.07062530517578],[11.138218879699707,54.00291442871094],[11.224658012390137,54.00291442871094],[10.877296447753906,53.732303619384766],[10.87574291229248,53.462066650390625],[11.046463012695312,53.25962829589844],[11.303637504577637,53.192195892333984],[11.38951587677002,53.192195892333984],[11.732205390930176,53.124786376953125]]]]}},{"type":"Feature","properties":{"name":"Aghlabid Dynasty","fromYear":800,"toYear":829,"type":"POLITY","areaKm2":246406.56620064893,"wikipedia":"Aghlabids","wikidata":"Q207600","seshatId":"tn_aghlabid_dyn","source":"cliopatria"},"geometry":{"type":"Polygon","coordinates":[[[10.305440902709961,37.06150817871094],[10.228352546691895,36.80373764038086],[10.461837768554688,36.73930740356445],[11.006271362304688,36.9970588684082],[11.006199836730957,36.80373764038086],[10.462488174438477,36.417205810546875],[10.540250778198242,36.3527946472168],[10.463515281677246,35.902034759521484],[10.69615650177002,35.708900451660156],[10.850979804992676,35.77327346801758],[10.928420066833496,35.58015823364258],[11.08318042755127,35.58015823364258],[11.083049774169922,35.38706970214844],[11.005731582641602,35.38706970214844],[11.082771301269531,35.00096893310547],[10.85119342803955,34.93662643432617],[10.851213455200195,34.80794906616211],[10.543014526367188,34.55062484741211],[10.004497528076172,34.2933349609375],[10.081672668457031,34.22901916503906],[10.005777359008789,33.90746307373047],[10.23681354522705,33.71455001831055],[10.544031143188477,33.71455001831055],[10.697741508483887,33.52165222167969],[11.081541061401367,33.5859489440918],[11.157825469970703,33.20018768310547],[11.464441299438477,33.20018768310547],[12.228955268859863,32.81447219848633],[12.612099647521973,32.878753662109375],[12.534722328186035,32.75019073486328],[12.840824127197266,32.75019073486328],[12.841785430908203,32.878753662109375],[13.301749229431152,32.94303894042969],[13.453653335571289,32.81447219848633],[13.760527610778809,32.878753662109375],[13.759129524230957,32.75019073486328],[14.065231323242188,32.75019073486328],[14.444439888000488,32.493072509765625],[14.674704551696777,32.557350158691406],[14.749334335327148,32.428794860839844],[15.055076599121094,32.428794860839844],[15.282304763793945,32.30024337768555],[15.424593925476074,31.65752601623535],[15.575982093811035,31.593257904052734],[15.64897632598877,31.40045166015625],[16.178552627563477,31.20764923095703],[17.469486236572266,31.079113006591797],[18.222288131713867,30.757776260375977],[18.592470169067383,30.372163772583008],[18.896053314208984,30.372163772583008],[18.894386291503906,30.307893753051758],[18.805580139160156,29.79371452331543],[18.72982406616211,29.79371452331543],[18.72361183166504,29.536611557006836],[18.870336532592773,29.34377670288086],[18.714529037475586,29.150936126708984],[18.713043212890625,29.08665657043457],[18.038183212280273,29.34377670288086],[17.8179988861084,29.665164947509766],[17.44329071044922,29.857990264892578],[16.159448623657227,30.115081787109375],[15.15767361808557,30.57749525437086],[14.21253858350374,31.68450354383103],[13.3703149431718,32.04847571626846],[12.326850437490313,31.91460609436035],[10.13702421601588,32.89983980401059],[9.85610294342041,32.81447219848633],[9.701672554016113,33.13589859008789],[9.23953914642334,33.52165222167969],[9.255531221510081,34.04858361112431],[9.159027099609375,34.10039138793945],[7.614861011505127,34.55062484741211],[7.230244175939766,34.504706597019734],[6.15402363290772,34.70533957604001],[5.346794147817836,34.614952087402344],[5.528226527862392,35.61638959172178],[5.320181622107814,35.70702895210329],[5.318179934198469,36.10023138017536],[5.466208380068538,36.42628448044285],[5.329490661621094,36.73930740356445],[5.56428337097168,36.67487716674805],[5.639055728912354,36.80373764038086],[6.105763912200928,36.80373764038086],[6.103042125701904,36.932613372802734],[6.333924293518066,37.06150817871094],[6.804664611816406,36.8681755065918],[7.193697929382324,36.8681755065918],[7.346271514892578,37.06150817871094],[7.658689975738525,36.9970588684082],[7.738344192504883,36.8681755065918],[8.516410827636719,36.8681755065918],[8.903155326843262,37.12596130371094],[9.05947494506836,37.06150817871094],[9.603086471557617,37.3193473815918],[9.993423461914062,37.1904182434082],[10.226980209350586,37.254878997802734],[10.227567672729492,37.06150817871094],[10.305440902709961,37.06150817871094]]]}},{"type":"Feature","properties":{"name":"Abbasid Caliphate","fromYear":800,"toYear":813,"type":"POLITY","areaKm2":7890833.120814973,"wikipedia":"Abbasid Caliphate","wikidata":"Q12536","seshatId":"iq_abbasid_cal_1","source":"cliopatria"},"geometry":{"type":"MultiPolygon","coordinates":[[[[42.01349639892578,16.614723205566406],[42.02386474609375,16.807586669921875],[42.17127227783203,16.807586669921875],[42.23801040649414,16.67901039123535],[42.23453903198242,16.614723205566406],[42.01349639892578,16.614723205566406]]],[[[59.00082778930664,20.664819717407227],[58.97935485839844,20.40767478942871],[58.81501007080078,20.214815139770508],[58.666770935058594,20.214815139770508],[58.76761245727539,20.53624725341797],[58.772953033447266,20.60053253173828],[59.00082778930664,20.664819717407227]]],[[[50.64872360229492,25.8721923828125],[50.42986297607422,25.936485290527344],[50.460208892822266,26.257951736450195],[50.68524169921875,26.257951736450195],[50.672935485839844,26.129364013671875],[50.666831970214844,26.06507110595703],[50.64872360229492,25.8721923828125]]],[[[62.150997161865234,41.65177917480469],[62.457847595214844,41.32738494873047],[62.38573455810547,41.06801223754883],[62.52660369873047,41.00318908691406],[62.29690933227539,40.74397277832031],[62.4027099609375,40.54964065551758],[62.33325958251953,40.29063034057617],[62.47416305541992,40.225894927978516],[62.50175094604492,40.031734466552734],[62.73868179321289,40.031734466552734],[63.26470947265625,40.225894927978516],[65.35114288330078,40.614410400390625],[65.38835144042969,40.74397277832031],[65.68667602539062,40.6791877746582],[66.27928924560547,40.80876541137695],[66.69296264648438,41.132843017578125],[66.65251922607422,41.26253128051758],[66.89097595214844,41.26253128051758],[68.10958099365234,42.10627746582031],[69.42035675048828,43.407203674316406],[69.50080108642578,43.407203674316406],[69.58124542236328,43.407203674316406],[69.53694152832031,43.276947021484375],[70.11322021484375,43.08163070678711],[70.41775512695312,42.56119155883789],[71.24577331542969,42.17123794555664],[71.41963195800781,41.97637939453125],[71.3760757446289,41.84651184082031],[71.68785858154297,41.586883544921875],[71.64479064941406,41.45711898803711],[71.7610092163086,41.32738494873047],[72.998046875,40.74397277832031],[72.97682189941406,40.6791877746582],[73.05606842041016,40.6791877746582],[73.13530731201172,40.6791877746582],[73.29378509521484,40.6791877746582],[73.33053588867188,40.54964065551758],[73.48890686035156,40.54964065551758],[73.5257339477539,40.42012023925781],[73.80000305175781,40.29063034057617],[73.57305908203125,39.57893371582031],[73.41546630859375,39.57893371582031],[73.15826416015625,39.25570297241211],[73.00092315673828,39.25570297241211],[72.31534576416016,38.80344009399414],[71.79216003417969,38.351463317871094],[71.4973373413086,37.5772590637207],[71.57539367675781,37.5772590637207],[71.47911071777344,36.932613372802734],[70.24481964111328,36.67487716674805],[69.00096130371094,36.67487716674805],[68.59612274169922,36.61045455932617],[68.48634338378906,36.48161697387695],[67.80307006835938,36.5460319519043],[67.0726089477539,36.417205810546875],[66.90264892578125,36.03080368041992],[66.71727752685547,35.902034759521484],[66.36996459960938,35.065311431884766],[65.9326400756836,34.48630142211914],[64.74481201171875,33.971771240234375],[64.35743713378906,33.5859489440918],[64.25321197509766,33.07160949707031],[64.32982635498047,33.07160949707031],[64.27862548828125,32.81447219848633],[64.35517120361328,32.81447219848633],[64.2155532836914,32.493072509765625],[64.20536041259766,32.043148040771484],[64.28169250488281,32.043148040771484],[64.24940490722656,31.464719772338867],[64.32557678222656,31.464719772338867],[64.46001434326172,30.950578689575195],[64.58895874023438,30.822044372558594],[65.62966918945312,30.69350814819336],[66.34252166748047,30.436433792114258],[67.165771484375,30.372163772583008],[67.15403747558594,30.307893753051758],[68.43204498291016,30.243623733520508],[70.55875396728516,29.857990264892578],[70.39486694335938,28.958093643188477],[70.1657943725586,28.508106231689453],[69.23017120361328,27.865236282348633],[68.52191162109375,27.6723690032959],[68.0865478515625,27.2866268157959],[67.91712188720703,26.643707275390625],[67.99220275878906,26.643707275390625],[68.06137084960938,26.06507110595703],[68.19380187988281,25.936485290527344],[68.21728515625,25.55072784423828],[67.76142883300781,24.907808303833008],[67.53521728515625,24.264904022216797],[67.36372375488281,24.07203483581543],[67.28907775878906,24.07203483581543],[67.32612609863281,24.393482208251953],[67.25143432617188,24.393482208251953],[67.2146987915039,24.714935302734375],[66.63204956054688,24.843517303466797],[66.67909240722656,25.229267120361328],[66.34514617919922,25.55072784423828],[66.02147674560547,25.357851028442383],[64.8160629272461,25.29355812072754],[64.80064392089844,25.164974212646484],[64.2845230102539,25.229267120361328],[64.22502136230469,25.357851028442383],[63.62620544433594,25.357851028442383],[63.536216735839844,25.229267120361328],[62.563419342041016,25.229267120361328],[62.47393035888672,25.100683212280273],[62.18195724487305,25.164974212646484],[62.01787185668945,25.03639030456543],[61.71868133544922,25.03639030456543],[61.65822219848633,25.164974212646484],[61.12736892700195,25.100683212280273],[60.91714859008789,25.229267120361328],[60.617828369140625,25.229267120361328],[60.63211441040039,25.357851028442383],[59.060218811035156,25.357851028442383],[58.78172302246094,25.55072784423828],[57.957984924316406,25.55072784423828],[57.7402229309082,25.615020751953125],[57.67921447753906,25.743606567382812],[57.37953567504883,25.743606567382812],[57.11480712890625,26.06507110595703],[57.05242156982422,26.836584091186523],[56.714656829833984,27.158044815063477],[56.188377380371094,27.158044815063477],[56.098140716552734,27.029460906982422],[56.32361602783203,27.029460906982422],[56.30864334106445,26.900876998901367],[56.06119155883789,26.70800018310547],[55.60341262817383,26.643707275390625],[55.439002990722656,26.515121459960938],[55.28888702392578,26.515121459960938],[55.31023025512695,26.70800018310547],[55.542747497558594,26.772293090820312],[55.242313385009766,26.772293090820312],[54.83156204223633,26.450830459594727],[54.463233947753906,26.515121459960938],[54.25889205932617,26.70800018310547],[53.65812301635742,26.70800018310547],[53.46059036254883,26.96516990661621],[52.736968994140625,27.222335815429688],[52.478694915771484,27.608078002929688],[52.04855728149414,27.800947189331055],[51.5966796875,27.800947189331055],[51.31684494018555,27.993812561035156],[51.331298828125,28.12238883972168],[51.06624984741211,28.44382095336914],[51.028076171875,28.765243530273438],[50.80903244018555,28.829526901245117],[50.9150390625,29.08665657043457],[50.620323181152344,29.150936126708984],[50.65126037597656,29.40805435180664],[50.23628234863281,29.729440689086914],[50.0648078918457,30.179353713989258],[49.585899353027344,29.986536026000977],[48.942848205566406,30.307893753051758],[48.987266540527344,30.050809860229492],[48.903682708740234,29.986536026000977],[48.36544418334961,29.922264099121094],[48.40353012084961,29.600887298583984],[47.8662223815918,29.536611557006836],[47.85165023803711,29.40805435180664],[48.078643798828125,29.40805435180664],[48.21538543701172,29.279497146606445],[48.19374465942383,29.08665657043457],[48.460411071777344,28.765243530273438],[48.562652587890625,28.315250396728516],[48.974143981933594,27.92952537536621],[48.87215805053711,27.6723690032959],[49.241947174072266,27.608078002929688],[49.35963439941406,27.2866268157959],[50.13496398925781,26.772293090820312],[50.11603546142578,26.57941436767578],[50.2536735534668,26.450830459594727],[50.22300720214844,26.129364013671875],[50.067020416259766,26.06507110595703],[50.21097183227539,26.000778198242188],[50.325462341308594,25.615020751953125],[50.60764694213867,25.422143936157227],[50.654117584228516,25.100683212280273],[50.72892761230469,25.100683212280273],[50.768985748291016,25.55072784423828],[50.92463302612305,25.615020751953125],[50.95453643798828,25.936485290527344],[51.12286376953125,26.129364013671875],[51.42281723022461,26.129364013671875],[51.697906494140625,25.8721923828125],[51.574989318847656,25.357851028442383],[51.71883010864258,25.29355812072754],[51.69002151489258,24.97209930419922],[51.52363204956055,24.779226303100586],[51.41082000732422,24.329193115234375],[51.85354995727539,24.264904022216797],[51.90695571899414,24.00774574279785],[52.28013229370117,24.00774574279785],[52.60029602050781,24.264904022216797],[53.11201095581055,24.136323928833008],[54.082523345947266,24.136323928833008],[54.099464416503906,24.329193115234375],[54.31781005859375,24.264904022216797],[54.55914306640625,24.457773208618164],[54.74416732788086,24.843517303466797],[55.14265441894531,25.100683212280273],[55.41188049316406,25.55072784423828],[55.9695930480957,25.8721923828125],[56.16815948486328,26.32224464416504],[56.47541046142578,26.386537551879883],[56.543277740478516,26.32224464416504],[56.38539123535156,25.55072784423828],[56.46027374267578,25.55072784423828],[56.42084503173828,25.164974212646484],[56.495662689208984,25.164974212646484],[56.401641845703125,24.97209930419922],[56.54487228393555,24.907808303833008],[56.78811264038086,24.329193115234375],[57.49265670776367,23.879167556762695],[58.811527252197266,23.622013092041016],[59.08000183105469,23.30057144165039],[59.0682487487793,23.171995162963867],[59.280067443847656,23.043420791625977],[59.2684440612793,22.914846420288086],[59.543212890625,22.657697677612305],[59.903873443603516,22.529123306274414],[59.864044189453125,22.079116821289062],[59.436954498291016,21.43625259399414],[58.799705505371094,20.921964645385742],[58.608638763427734,20.40767478942871],[58.30677032470703,20.343387603759766],[58.24849319458008,20.53624725341797],[58.10017395019531,20.53624725341797],[57.93083953857422,20.279102325439453],[57.79355239868164,19.507661819458008],[57.867584228515625,19.507661819458008],[57.899253845214844,18.993366241455078],[56.99609375,18.800504684448242],[56.75362777709961,18.543354034423828],[56.64381790161133,18.093341827392578],[56.40702438354492,17.90047836303711],[55.58990478515625,17.836191177368164],[55.348690032958984,17.57904052734375],[55.31448745727539,17.129026412963867],[55.15735626220703,17.000450134277344],[54.19893264770508,17.000450134277344],[53.58598709106445,16.67901039123535],[53.21754837036133,16.67901039123535],[53.13477325439453,16.550434112548828],[52.380313873291016,16.293283462524414],[52.25921630859375,15.586114883422852],[52.10369110107422,15.457538604736328],[51.883026123046875,15.457538604736328],[51.27429962158203,15.136098861694336],[50.75569152832031,15.07181167602539],[50.22562789916992,14.81466007232666],[49.409767150878906,14.686083793640137],[48.7861213684082,14.043206214904785],[47.75149917602539,13.914630889892578],[47.668033599853516,13.721768379211426],[47.06792449951172,13.464617729187012],[45.74114990234375,13.336042404174805],[45.05411911010742,12.757453918457031],[44.614288330078125,12.757453918457031],[44.38864517211914,12.628878593444824],[43.438602447509766,12.69316577911377],[43.44704818725586,12.886029243469238],[43.23561477661133,13.07889175415039],[43.26481628417969,13.721768379211426],[43.056640625,13.97891902923584],[42.95337677001953,14.878947257995605],[42.88957214355469,15.07181167602539],[42.74578857421875,15.136098861694336],[42.70881652832031,15.843266487121582],[42.78240966796875,15.843266487121582],[42.8239860534668,16.614723205566406],[42.476654052734375,17.000450134277344],[42.48373794555664,17.129026412963867],[42.33625793457031,17.129026412963867],[42.28022766113281,17.450464248657227],[41.784889221191406,17.836191177368164],[41.45082092285156,18.479066848754883],[41.23610305786133,18.607641220092773],[41.25007629394531,18.864791870117188],[41.04209899902344,19.12194061279297],[40.985382080078125,19.443374633789062],[40.84076690673828,19.507661819458008],[40.85103988647461,19.700523376464844],[40.561588287353516,19.8290958404541],[40.14036178588867,20.279102325439453],[39.84385299682617,20.279102325439453],[39.35056686401367,20.793392181396484],[39.14701461791992,21.179107666015625],[39.16929626464844,21.629112243652344],[39.02705764770508,21.7576847076416],[39.14019775390625,22.529123306274414],[38.8588752746582,22.85055923461914],[38.86882400512695,23.043420791625977],[38.60107421875,23.622013092041016],[38.03175354003906,24.136323928833008],[37.444801330566406,24.329193115234375],[37.38759231567383,24.650644302368164],[37.17045593261719,24.779226303100586],[37.1776123046875,24.907808303833008],[37.3307991027832,24.97209930419922],[37.27071762084961,25.229267120361328],[36.772972106933594,25.67931365966797],[36.7172966003418,26.000778198242188],[36.42910385131836,26.19365882873535],[36.16486358642578,26.772293090820312],[35.671688079833984,27.2866268157959],[35.61323928833008,27.54378890991211],[35.46693801879883,27.608078002929688],[35.40869903564453,27.865236282348633],[35.04917907714844,28.12238883972168],[34.59267044067383,28.058101654052734],[34.60541915893555,28.25096321105957],[34.853519439697266,28.572391510009766],[34.91290283203125,29.40805435180664],[34.75225830078125,29.279497146606445],[34.517303466796875,28.058101654052734],[34.35825729370117,27.92952537536621],[34.345943450927734,27.736658096313477],[34.12004470825195,27.736658096313477],[33.6169548034668,28.12238883972168],[33.553810119628906,28.315250396728516],[33.40296936035156,28.315250396728516],[33.18891525268555,28.508106231689453],[33.213871002197266,28.893810272216797],[32.857112884521484,29.21521759033203],[32.52609634399414,29.922264099121094],[32.428688049316406,29.600887298583984],[32.638694763183594,29.34377670288086],[32.68916320800781,28.958093643188477],[32.83612823486328,28.893810272216797],[33.10531997680664,28.379535675048828],[33.60887145996094,27.993812561035156],[33.585105895996094,27.608078002929688],[33.7991943359375,27.41520881652832],[33.92659378051758,27.029460906982422],[34.07311248779297,26.96516990661621],[34.05074691772461,26.57941436767578],[34.197208404541016,26.515121459960938],[34.461280822753906,25.8721923828125],[34.60763931274414,25.807899475097656],[35.145530700683594,24.650644302368164],[35.860408782958984,24.00774574279785],[35.85411834716797,23.879167556762695],[35.558753967285156,23.943456649780273],[35.55257034301758,23.814878463745117],[35.10795974731445,23.879167556762695],[33.75636291503906,23.68630027770996],[33.6817741394043,23.68630027770996],[33.38899612426758,23.814878463745117],[32.040863037109375,23.68630027770996],[31.670488357543945,23.75058937072754],[30.537214279174805,23.36486053466797],[30.462675094604492,23.36486053466797],[30.39519500732422,23.557723999023438],[30.10396385192871,23.75058937072754],[30.10871124267578,23.879167556762695],[29.95948028564453,23.879167556762695],[29.672801971435547,24.200613021850586],[28.568815231323242,24.650644302368164],[28.288646697998047,25.164974212646484],[28.24367904663086,25.936485290527344],[28.34531593322754,26.57941436767578],[28.270244598388672,26.57941436767578],[28.15372657775879,27.35091781616211],[27.93669891357422,27.54378890991211],[27.710918426513672,27.54378890991211],[27.791961669921875,27.6723690032959],[27.429920196533203,27.993812561035156],[27.27633285522461,27.92952537536621],[27.28502082824707,28.12238883972168],[27.140071868896484,28.25096321105957],[25.586284637451172,28.958093643188477],[25.37345314025879,29.279497146606445],[25.14654541015625,29.279497146606445],[25.000762939453125,29.40805435180664],[24.846712112426758,29.34377670288086],[24.779218673706055,29.536611557006836],[23.737483978271484,29.986536026000977],[22.451210021972656,30.050809860229492],[21.231840133666992,29.857990264892578],[19.774715423583984,29.21521759033203],[18.79013442993164,29.150936126708984],[18.714529037475586,29.150936126708984],[18.870336532592773,29.34377670288086],[18.72361183166504,29.536611557006836],[18.72982406616211,29.79371452331543],[18.805580139160156,29.79371452331543],[18.894386291503906,30.307893753051758],[18.970266342163086,30.307893753051758],[19.27204704284668,30.243623733520508],[19.655010223388672,30.372163772583008],[19.964311599731445,30.564971923828125],[19.968164443969727,30.69350814819336],[20.202085494995117,30.886310577392578],[20.13410186767578,31.143381118774414],[20.214296340942383,31.271915435791016],[19.996076583862305,31.593257904052734],[20.089075088500977,32.107421875],[20.016965866088867,32.23596954345703],[20.246112823486328,32.23596954345703],[20.33134651184082,32.493072509765625],[20.481992721557617,32.428794860839844],[20.562992095947266,32.557350158691406],[20.71593475341797,32.557350158691406],[20.644094467163086,32.685909271240234],[20.87124252319336,32.62162780761719],[21.108016967773438,32.81447219848633],[21.41167449951172,32.75019073486328],[21.87872886657715,32.94303894042969],[23.089431762695312,32.62162780761719],[23.077939987182617,32.36451721191406],[23.29851722717285,32.171695709228516],[23.680339813232422,32.171695709228516],[24.129365921020508,31.978878021240234],[24.892484664916992,31.978878021240234],[25.11168098449707,31.78606605529785],[25.102048873901367,31.593257904052734],[25.248035430908203,31.464719772338867],[26.847702026367188,31.464719772338867],[27.297456741333008,31.336183547973633],[27.514896392822266,31.143381118774414],[28.496395111083984,31.014846801757812],[28.865032196044922,30.822044372558594],[29.3970890045166,30.822044372558594],[29.485143661499023,31.014846801757812],[29.633193969726562,30.950578689575195],[29.86956024169922,31.079113006591797],[29.8017635345459,31.20764923095703],[29.882049560546875,31.271915435791016],[30.33879280090332,31.271915435791016],[30.271244049072266,31.40045166015625],[30.351730346679688,31.464719772338867],[30.80877685546875,31.464719772338867],[30.965608596801758,31.528987884521484],[30.974620819091797,31.65752601623535],[31.203296661376953,31.65752601623535],[31.117990493774414,31.528987884521484],[31.265825271606445,31.464719772338867],[31.875221252441406,31.464719772338867],[31.780553817749023,31.20764923095703],[31.93739891052246,31.271915435791016],[31.999635696411133,31.079113006591797],[32.303932189941406,31.079113006591797],[32.23719787597656,31.20764923095703],[32.38941192626953,31.20764923095703],[32.53215408325195,31.079113006591797],[32.76515197753906,31.143381118774414],[32.8316764831543,31.014846801757812],[33.74934005737305,31.079113006591797],[34.2972412109375,31.271915435791016],[34.30759811401367,31.40045166015625],[34.63344955444336,31.65752601623535],[34.57329559326172,31.8503360748291],[34.81304168701172,31.978878021240234],[34.76983642578125,32.36451721191406],[35.021759033203125,32.62162780761719],[35.05632781982422,33.00732421875],[35.21538543701172,33.07160949707031],[35.39840316772461,33.393062591552734],[35.34577560424805,33.65024948120117],[35.49934768676758,33.65024948120117],[35.4470100402832,33.90746307373047],[35.68381118774414,33.971771240234375],[35.64447784423828,34.3576545715332],[35.79212951660156,34.2933349609375],[36.048770904541016,34.55062484741211],[36.0682373046875,34.743614196777344],[35.92698669433594,34.87228775024414],[35.959747314453125,35.194007873535156],[35.88248825073242,35.194007873535156],[35.99294662475586,35.51579284667969],[35.84488296508789,35.58015823364258],[35.990074157714844,36.2239875793457],[35.84174346923828,36.28839111328125],[36.26490020751953,36.61045455932617],[36.28622817993164,36.80373764038086],[36.144901275634766,36.932613372802734],[35.833587646484375,36.932613372802734],[35.487709045410156,36.61045455932617],[35.332271575927734,36.61045455932617],[35.11265563964844,36.73930740356445],[34.95038986206055,36.67487716674805],[34.892860412597656,36.8681755065918],[34.737247467041016,36.8681755065918],[34.65944290161133,36.8681755065918],[34.77800369262695,37.254878997802734],[35.03270721435547,37.44829177856445],[35.351837158203125,37.51277160644531],[35.429866790771484,37.51277160644531],[35.82001495361328,37.51277160644531],[36.154266357421875,37.706241607666016],[36.45698547363281,38.28691864013672],[36.60584259033203,38.22237777709961],[36.79380416870117,38.48057174682617],[37.13145446777344,38.67427444458008],[37.06919479370117,38.80344009399414],[37.312904357910156,38.8680305480957],[37.43308639526367,39.19107437133789],[37.677528381347656,39.25570297241211],[38.1500358581543,39.8376350402832],[38.15900421142578,39.90232849121094],[38.298851013183594,39.77294921875],[38.841835021972656,39.70827102661133],[39.589115142822266,39.9670295715332],[40.57756042480469,40.74397277832031],[41.08447265625,40.93837356567383],[41.726497650146484,41.45711898803711],[42.61305236816406,41.521995544433594],[42.9345703125,42.43117141723633],[42.71809768676758,42.56119155883789],[42.75360870361328,42.75628662109375],[42.60515594482422,42.82133865356445],[42.50411605834961,43.146724700927734],[42.98605728149414,43.146724700927734],[43.419063568115234,42.88639831542969],[43.65967559814453,42.88639831542969],[43.851112365722656,42.62621307373047],[44.356510162353516,42.75628662109375],[44.744632720947266,42.691246032714844],[44.82474899291992,42.691246032714844],[45.22532653808594,42.691246032714844],[45.66733932495117,42.496177673339844],[45.75059127807617,42.10627746582031],[46.29668426513672,42.041324615478516],[46.350799560546875,41.911441802978516],[46.7366943359375,41.84651184082031],[47.27063751220703,41.32738494873047],[47.5628776550293,41.19768524169922],[47.89371109008789,41.26253128051758],[48.18490982055664,41.521995544433594],[48.1719970703125,41.84651184082031],[48.09225845336914,41.84651184082031],[48.19894790649414,41.97637939453125],[48.278743743896484,41.97637939453125],[49.08600997924805,41.26253128051758],[49.059226989746094,41.132843017578125],[49.270748138427734,41.00318908691406],[49.2441520690918,40.873565673828125],[49.50836181640625,40.614410400390625],[50.04951477050781,40.54964065551758],[50.2603759765625,40.42012023925781],[49.6933479309082,40.355369567871094],[49.50919723510742,40.225894927978516],[49.26664352416992,39.38497543334961],[49.151405334472656,39.19107437133789],[48.91546630859375,39.19107437133789],[48.801002502441406,38.997230529785156],[48.76274490356445,38.351463317871094],[48.8410758972168,38.351463317871094],[48.88429260253906,37.706241607666016],[49.08510208129883,37.51277160644531],[49.998783111572266,37.38381576538086],[50.320892333984375,36.9970588684082],[50.56571960449219,37.06150817871094],[50.632293701171875,36.9970588684082],[50.53199768066406,36.8681755065918],[51.26472473144531,36.61045455932617],[52.18585205078125,36.5460319519043],[53.08772277832031,36.80373764038086],[54.033294677734375,36.8681755065918],[54.09466552734375,37.1904182434082],[53.91046905517578,37.44829177856445],[53.90790557861328,37.835243225097656],[53.82976150512695,37.835243225097656],[53.98678207397461,38.997230529785156],[53.5175895690918,39.38497543334961],[53.13750457763672,39.449623107910156],[53.54492950439453,39.51427459716797],[53.498451232910156,40.031734466552734],[52.78766632080078,40.031734466552734],[52.778533935546875,40.355369567871094],[52.69942855834961,40.355369567871094],[52.89295959472656,40.873565673828125],[52.97228240966797,40.873565673828125],[52.943321228027344,40.74397277832031],[53.33966064453125,40.74397277832031],[53.448211669921875,40.873565673828125],[53.40435791015625,40.6791877746582],[54.370140075683594,40.74397277832031],[54.38508224487305,40.80876541137695],[56.82743835449219,40.74397277832031],[57.464874267578125,41.39224624633789],[57.56444549560547,41.781593322753906],[57.95698165893555,42.36617660522461],[58.05148696899414,43.016544342041016],[58.337066650390625,43.472347259521484],[58.41754150390625,43.472347259521484],[58.63294982910156,43.6678352355957],[59.1235237121582,43.407203674316406],[60.367706298828125,43.53750228881836],[60.39189529418945,43.342071533203125],[60.84203338623047,42.95146560668945],[60.823394775390625,42.88639831542969],[62.18766403198242,41.781593322753906],[62.150997161865234,41.65177917480469]]],[[[36.982608795166016,38.738853454589844],[37.06108474731445,38.738853454589844],[37.053001403808594,38.67427444458008],[36.974552154541016,38.67427444458008],[36.982608795166016,38.738853454589844]]]]}},{"type":"Feature","properties":{"name":"Kingdom of the Franks","fromYear":800,"toYear":805,"type":"POLITY","areaKm2":1281380.7652988653,"wikipedia":"Francia","wikidata":"Q146246","seshatId":"fr_carolingian_emp_1","source":"cliopatria"},"geometry":{"type":"MultiPolygon","coordinates":[[[[14.689077377319336,42.17123794555664],[14.768959999084473,42.17123794555664],[14.76742172241211,42.10627746582031],[14.687567710876465,42.10627746582031],[14.689077377319336,42.17123794555664]]],[[[9.491888999938965,43.016544342041016],[9.49340534210205,42.75628662109375],[9.5735502243042,42.75628662109375],[9.577608108520508,41.97637939453125],[9.497812271118164,41.97637939453125],[9.49889087677002,41.781593322753906],[9.262411117553711,41.39224624633789],[9.1038236618042,41.32738494873047],[8.783942222595215,41.521995544433594],[8.782108306884766,41.71668243408203],[8.622743606567383,41.71668243408203],[8.700496673583984,41.911441802978516],[8.538846015930176,42.10627746582031],[8.534564018249512,42.496177673339844],[8.772740364074707,42.691246032714844],[9.17282485961914,42.75628662109375],[9.251097679138184,43.016544342041016],[9.331360816955566,43.016544342041016],[9.491888999938965,43.016544342041016]]],[[[10.45510196685791,42.88639831542969],[10.455166816711426,42.691246032714844],[10.21481990814209,42.691246032714844],[10.134284973144531,42.88639831542969],[10.214488983154297,42.88639831542969],[10.45510196685791,42.88639831542969]]],[[[11.732205390930176,53.124786376953125],[11.726588249206543,52.653533935546875],[11.641072273254395,52.653533935546875],[11.55083179473877,52.18334197998047],[11.804113388061523,51.98215103149414],[11.547623634338379,51.84812545776367],[11.545768737792969,51.64724349975586],[11.375528335571289,51.580322265625],[11.289310455322266,51.37968063354492],[12.131903648376465,51.04566955566406],[12.129409790039062,50.84549331665039],[12.297226905822754,50.77880859375],[12.295454025268555,50.64549255371094],[12.04199504852295,50.578861236572266],[12.039060592651367,50.312522888183594],[12.454757690429688,49.98000717163086],[12.368453979492188,49.78071212768555],[12.781194686889648,49.38258361816406],[13.196383476257324,49.2500114440918],[13.359648704528809,49.051273345947266],[13.526256561279297,49.051273345947266],[13.688922882080078,48.852684020996094],[14.020249366760254,48.786521911621094],[14.100465774536133,48.654239654541016],[14.682044982910156,48.654239654541016],[14.942421913146973,49.051273345947266],[15.60667610168457,48.98506164550781],[16.099149703979492,48.786521911621094],[16.683862686157227,48.852684020996094],[16.927988052368164,48.72037124633789],[16.919898986816406,48.52202224731445],[16.836889266967773,48.52202224731445],[16.909269332885742,48.257774353027344],[17.30965805053711,47.92780685424805],[17.634624481201172,47.79592514038086],[18.626039505004883,47.79592514038086],[18.79804801940918,47.92780685424805],[18.956510543823242,47.79592514038086],[18.95307159423828,47.730003356933594],[19.025299072265625,47.53233337402344],[19.186756134033203,47.46647262573242],[19.1728572845459,47.20316696166992],[18.83701515197754,47.07159423828125],[18.81411361694336,46.61152267456055],[19.05011558532715,46.414546966552734],[18.86043357849121,45.889827728271484],[18.77879524230957,45.889827728271484],[18.9258975982666,45.56227111816406],[18.92267417907715,45.496795654296875],[19.004117965698242,45.496795654296875],[18.997617721557617,45.36587905883789],[19.23841667175293,45.300437927246094],[19.13726234436035,44.908016204833984],[19.056106567382812,44.908016204833984],[18.80946922302246,44.842647552490234],[18.73775291442871,45.03877639770508],[17.92837142944336,45.10417556762695],[17.760351181030273,44.973392486572266],[17.519447326660156,45.03877639770508],[17.351810455322266,44.908016204833984],[16.864870071411133,44.908016204833984],[16.78371238708496,44.908016204833984],[16.537961959838867,44.842647552490234],[16.461332321166992,44.973392486572266],[16.136579513549805,44.973392486572266],[15.978317260742188,45.10417556762695],[15.57205581665039,45.10417556762695],[15.415056228637695,45.300437927246094],[15.089664459228516,45.300437927246094],[14.930253028869629,45.431331634521484],[14.277569770812988,45.36587905883789],[14.196189880371094,45.36587905883789],[14.189410209655762,45.03877639770508],[14.026969909667969,45.03877639770508],[13.945749282836914,45.03877639770508],[13.628785133361816,45.496795654296875],[13.710229873657227,45.496795654296875],[13.714865684509277,45.75876998901367],[13.144780158996582,45.82429504394531],[13.061376571655273,45.693260192871094],[12.9815673828125,45.82429504394531],[12.818355560302734,45.82429504394531],[12.736748695373535,45.82429504394531],[12.164421081542969,45.693260192871094],[12.000378608703613,45.56227111816406],[11.998926162719727,45.36587905883789],[12.161685943603516,45.36587905883789],[12.161133766174316,45.300437927246094],[12.160021781921387,45.169586181640625],[12.40256118774414,45.03877639770508],[12.399906158447266,44.77729415893555],[12.157197952270508,44.842647552490234],[12.153728485107422,44.45067596435547],[12.312999725341797,44.18956756591797],[12.873446464538574,43.79821014404297],[13.035634994506836,43.86341094970703],[13.033763885498047,43.73301696777344],[13.355091094970703,43.6678352355957],[13.672640800476074,43.407203674316406],[13.747068405151367,43.08163070678711],[13.98537540435791,42.95146560668945],[13.901384353637695,42.75628662109375],[14.056464195251465,42.496177673339844],[14.607714653015137,42.10627746582031],[14.687567710876465,42.10627746582031],[14.365377426147461,41.97637939453125],[14.120827674865723,41.71668243408203],[13.96146297454834,41.71668243408203],[13.804443359375,41.84651184082031],[13.327016830444336,41.911441802978516],[13.328027725219727,41.97637939453125],[13.00974178314209,42.041324615478516],[12.615199089050293,42.43117141723633],[12.375204086303711,42.43117141723633],[12.301782608032227,43.08163070678711],[12.141195297241211,43.08163070678711],[12.224648475646973,43.407203674316406],[11.82194709777832,43.342071533203125],[12.059759140014648,42.95146560668945],[11.976285934448242,42.56119155883789],[12.13580322265625,42.496177673339844],[12.134614944458008,42.36617660522461],[12.053521156311035,42.236209869384766],[11.73387622833252,42.236209869384766],[11.734321594238281,42.30118942260742],[11.255227088928223,42.43117141723633],[10.936172485351562,42.82133865356445],[10.936327934265137,42.88639831542969],[11.17718505859375,42.95146560668945],[11.177671432495117,43.08163070678711],[10.535325050354004,43.146724700927734],[10.535326957702637,43.211830139160156],[10.212339401245117,43.99384307861328],[9.889463424682617,43.99384307861328],[9.969700813293457,44.12431716918945],[9.7273588180542,44.12431716918945],[9.159077644348145,44.45067596435547],[8.431501388549805,44.38538360595703],[8.033902168273926,43.92862319946289],[7.150246143341064,43.73301696777344],[6.993107318878174,43.53750228881836],[6.67255163192749,43.472347259521484],[6.517646789550781,43.211830139160156],[6.278174877166748,43.146724700927734],[5.796233177185059,43.146724700927734],[5.631923198699951,43.276947021484375],[5.390771865844727,43.276947021484375],[5.386905193328857,43.407203674316406],[5.063065528869629,43.472347259521484],[4.177847862243652,43.472347259521484],[4.173032760620117,43.6026611328125],[3.850892543792725,43.6026611328125],[2.984907388687134,43.146724700927734],[3.009923458099365,42.56119155883789],[3.178062200546265,42.36617660522461],[3.116764783859253,41.911441802978516],[2.492878913879395,41.586883544921875],[2.41325306892395,41.586883544921875],[2.401751518249512,41.84651184082031],[1.993919014930725,42.041324615478516],[1.597992181777954,41.97637939453125],[1.444882154464722,41.84651184082031],[0.723737120628357,41.911441802978516],[0.557072579860687,42.041324615478516],[0.161661341786385,41.97637939453125],[-0.00548142567277,42.10627746582031],[-0.016884818673134,42.30118942260742],[0.127878397703171,42.56119155883789],[0.036286983639002,42.75628662109375],[-0.528801321983337,42.82133865356445],[-1.026964664459229,43.08163070678711],[-1.428432941436768,43.08163070678711],[-1.441840410232544,43.276947021484375],[-1.687574744224548,43.342071533203125],[-1.692170143127441,43.407203674316406],[-1.459883332252502,43.53750228881836],[-1.402047991752625,43.86341094970703],[-1.321390628814697,43.86341094970703],[-1.348801136016846,44.25482940673828],[-1.267958283424377,44.25482940673828],[-1.286344885826111,44.5159797668457],[-1.205376982688904,44.5159797668457],[-1.251859068870544,45.169586181640625],[-1.170574903488159,45.169586181640625],[-1.189373373985291,45.431331634521484],[-1.031213998794556,45.496795654296875],[-1.045281529426575,45.693260192871094],[-1.213142395019531,45.75876998901367],[-1.141096234321594,45.889827728271484],[-1.222735166549683,45.889827728271484],[-1.251809358596802,46.283294677734375],[-1.666043281555176,46.348915100097656],[-2.014399528503418,46.61152267456055],[-2.024919986724854,46.74290466308594],[-2.194406032562256,46.808616638183594],[-2.139080047607422,47.13737487792969],[-2.232228517532349,47.26897048950195],[-2.561590671539307,47.26897048950195],[-2.578423976898193,47.46647262573242],[-2.831500053405762,47.53233337402344],[-2.837259292602539,47.598209381103516],[-2.447182655334473,47.86185836791992],[-1.796727180480957,47.993770599365234],[-1.647326707839966,48.191749572753906],[-1.652703642845154,48.257774353027344],[-1.668919563293457,48.455936431884766],[-1.508333325386047,48.52202224731445],[-1.602181315422058,48.654239654541016],[-1.607621908187866,48.72037124633789],[-1.718345284461975,49.051273345947266],[-1.635041356086731,49.051273345947266],[-1.651668906211853,49.2500114440918],[-1.913302421569824,49.38258361816406],[-2.031550645828247,49.78071212768555],[-1.361783027648926,49.78071212768555],[-1.250783205032349,49.44889450073242],[0.007001183927059,49.38258361816406],[-0.012448177672923,49.64793395996094],[0.224112883210182,49.84712600708008],[1.052847385406494,49.98000717163086],[1.454967975616455,50.2459831237793],[1.424705147743225,50.71213912963867],[1.656218767166138,51.04566955566406],[2.577829360961914,51.17921447753906],[3.155481338500977,51.44654083251953],[3.74860668182373,51.44654083251953],[3.40621018409729,51.51342010498047],[3.399252653121948,51.64724349975586],[3.738690614700317,51.64724349975586],[3.647099733352661,51.78114318847656],[3.81699013710022,51.78114318847656],[3.810401916503906,51.91512680053711],[3.980464458465576,51.91512680053711],[3.974021434783936,52.0491943359375],[4.223166942596436,52.18334197998047],[4.21693229675293,52.31757736206055],[4.463808536529541,52.51908493041992],[4.454747676849365,52.720787048339844],[4.699799060821533,52.99003219604492],[4.871281623840332,52.99003219604492],[4.970867156982422,52.653533935546875],[5.390830039978027,52.85536575317383],[5.385728359222412,52.99003219604492],[5.20894193649292,53.124786376953125],[5.542333602905273,53.39456558227539],[6.226210117340088,53.52959060668945],[6.916844367980957,53.462066650390625],[6.913325786590576,53.597137451171875],[7.082295417785645,53.732303619384766],[7.944795608520508,53.732303619384766],[8.205669403076172,53.597137451171875],[8.37701416015625,53.664710998535156],[8.459527015686035,53.93522644042969],[8.892172813415527,53.86756134033203],[8.802155494689941,54.20612335205078],[8.54152774810791,54.27390670776367],[8.62565803527832,54.47740173339844],[8.885985374450684,54.47740173339844],[9.322098731994629,54.138362884521484],[10.01444149017334,54.07062530517578],[10.10092830657959,54.07062530517578],[10.792462348937988,54.00291442871094],[10.878901481628418,54.00291442871094],[10.879310607910156,54.07062530517578],[10.965797424316406,54.07062530517578],[11.052284240722656,54.07062530517578],[11.138771057128906,54.07062530517578],[11.138218879699707,54.00291442871094],[11.224658012390137,54.00291442871094],[10.877296447753906,53.732303619384766],[10.87574291229248,53.462066650390625],[11.046463012695312,53.25962829589844],[11.303637504577637,53.192195892333984],[11.38951587677002,53.192195892333984],[11.732205390930176,53.124786376953125]]]]}},{"type":"Feature","properties":{"name":"Emirate of Córdoba","fromYear":800,"toYear":805,"type":"POLITY","areaKm2":422747.4147475164,"wikipedia":"Emirate of Córdoba","wikidata":"Q1337854","seshatId":"es_cordoba_emirate","source":"cliopatria"},"geometry":{"type":"Polygon","coordinates":[[[2.333626985549927,41.586883544921875],[2.106574535369873,41.32738494873047],[1.238392949104309,41.19768524169922],[0.695793092250824,40.93837356567383],[0.709256291389465,40.6791877746582],[0.474957317113876,40.614410400390625],[0.247769102454185,40.42012023925781],[0.182543575763702,40.16116714477539],[-0.201878547668457,39.9670295715332],[-0.345421016216278,39.70827102661133],[-0.313707679510117,39.1264533996582],[0.099359586834908,38.738853454589844],[-0.660861134529114,38.28691864013672],[-0.803495347499847,38.028785705566406],[-0.704753637313843,37.641746520996094],[-1.708719491958618,37.44829177856445],[-1.623468399047852,37.3193473815918],[-1.857354998588562,37.3193473815918],[-2.061630010604858,36.80373764038086],[-2.532132625579834,36.8681755065918],[-2.680080890655518,36.73930740356445],[-4.468626022338867,36.73930740356445],[-4.688807487487793,36.5460319519043],[-5.22819709777832,36.48161697387695],[-5.287947177886963,36.2239875793457],[-5.662277221679688,36.03080368041992],[-5.831079006195068,36.2239875793457],[-6.063849925994873,36.2239875793457],[-6.330093860626221,36.67487716674805],[-6.349542140960693,36.932613372802734],[-6.587993621826172,36.9970588684082],[-6.84182596206665,37.254878997802734],[-7.465344429016113,37.254878997802734],[-7.454815864562988,37.12596130371094],[-7.677903652191162,36.9970588684082],[-8.067157745361328,36.9970588684082],[-8.311661720275879,37.12596130371094],[-8.70113754272461,37.12596130371094],[-9.00136661529541,36.9970588684082],[-8.896896362304688,37.5772590637207],[-8.818843841552734,37.5772590637207],[-8.822718620300293,38.48057174682617],[-9.20852279663086,38.416015625],[-9.23299789428711,38.67427444458008],[-9.38370418548584,38.60969924926758],[-9.553065299987793,38.738853454589844],[-9.571974754333496,38.93262481689453],[-9.42748737335205,39.06184005737305],[-9.387048721313477,39.449623107910156],[-9.157164573669434,39.51427459716797],[-9.103915214538574,39.77294921875],[-9.025042533874512,39.77294921875],[-8.740129470825195,40.873565673828125],[-8.25776195526123,40.80876541137695],[-8.124813079833984,41.06801223754883],[-7.886601448059082,41.06801223754883],[-7.819911479949951,41.19768524169922],[-7.025323390960693,41.19768524169922],[-6.633999347686768,41.26253128051758],[-6.486907482147217,41.39224624633789],[-5.293777465820312,41.39224624633789],[-5.145692348480225,41.521995544433594],[-4.747703075408936,41.521995544433594],[-3.97737717628479,41.84651184082031],[-1.828825831413269,41.911441802978516],[-1.926448225975037,42.17123794555664],[-1.775568842887878,42.30118942260742],[-1.935449242591858,42.30118942260742],[-2.193768978118896,42.56119155883789],[-2.198425054550171,42.62621307373047],[-2.127629995346069,42.75628662109375],[-1.726904630661011,42.75628662109375],[-0.016884818673134,42.30118942260742],[-0.00548142567277,42.10627746582031],[0.161661341786385,41.97637939453125],[0.557072579860687,42.041324615478516],[0.723737120628357,41.911441802978516],[1.444882154464722,41.84651184082031],[1.597992181777954,41.97637939453125],[1.993919014930725,42.041324615478516],[2.401751518249512,41.84651184082031],[2.41325306892395,41.586883544921875],[2.333626985549927,41.586883544921875]]]}},{"type":"Feature","properties":{"name":"Khmer Empire","fromYear":800,"toYear":805,"type":"POLITY","areaKm2":5340.1707923625945,"wikipedia":"Khmer Empire","wikidata":"Q201705","seshatId":null,"source":"cliopatria"},"geometry":{"type":"Polygon","coordinates":[[[103.34593963623047,13.528904914855957],[103.24273681640625,13.271754264831543],[103.3894271850586,13.271754264831543],[103.50685119628906,13.014603614807129],[103.80015563964844,13.014603614807129],[103.81475067138672,13.143178939819336],[104.12290954589844,13.271754264831543],[104.15301513671875,13.528904914855957],[103.87478637695312,13.657480239868164],[103.89022064208984,13.786055564880371],[103.59664916992188,13.786055564880371],[103.58126831054688,13.657480239868164],[103.35350799560547,13.593193054199219],[103.34593963623047,13.528904914855957]]]}},{"type":"Feature","properties":{"name":"Heian Japan","fromYear":800,"toYear":813,"type":"POLITY","areaKm2":230060.70579290023,"wikipedia":"Heian period","wikidata":"Q193292","seshatId":"jp_heian","source":"cliopatria"},"geometry":{"type":"MultiPolygon","coordinates":[[[[140.9209747314453,37.89975357055664],[141.038818359375,37.835243225097656],[140.9622344970703,37.706241607666016],[141.1203155517578,37.5772590637207],[141.0446014404297,37.44829177856445],[141.12530517578125,37.3193473815918],[140.78770446777344,36.8681755065918],[140.6114044189453,36.417205810546875],[140.68905639648438,36.417205810546875],[140.62376403808594,36.15959167480469],[140.74339294433594,36.09519577026367],[140.67269897460938,35.9664192199707],[140.91226196289062,35.837650299072266],[140.5404510498047,35.58015823364258],[140.4115447998047,35.194007873535156],[139.7021484375,34.87228775024414],[140.076171875,35.58015823364258],[139.95594787597656,35.644527435302734],[139.6979522705078,35.45143127441406],[139.78424072265625,35.32271194458008],[139.7162322998047,35.194007873535156],[139.20924377441406,35.258358001708984],[139.14170837402344,35.12965774536133],[139.22894287109375,35.00096893310547],[138.95233154296875,34.614952087402344],[138.6769561767578,34.679283142089844],[138.79920959472656,35.065311431884766],[138.42369079589844,34.93662643432617],[138.25863647460938,34.614952087402344],[137.2241668701172,34.55062484741211],[137.07005310058594,34.55062484741211],[137.2447509765625,34.743614196777344],[136.93629455566406,34.743614196777344],[136.72581481933594,34.93662643432617],[136.59535217285156,34.679283142089844],[136.794189453125,34.614952087402344],[136.97329711914062,34.3576545715332],[136.9092559814453,34.22901916503906],[136.447509765625,34.22901916503906],[135.8116912841797,33.393062591552734],[135.4124755859375,33.52165222167969],[135.35113525390625,33.71455001831055],[135.02882385253906,33.84315490722656],[135.15335083007812,34.10039138793945],[135.01678466796875,34.2933349609375],[135.3428955078125,34.48630142211914],[135.43890380859375,34.679283142089844],[134.9124755859375,34.55062484741211],[134.69992065429688,34.743614196777344],[134.46856689453125,34.743614196777344],[133.2462921142578,34.2933349609375],[132.3225555419922,34.2933349609375],[132.18563842773438,33.84315490722656],[131.90847778320312,33.90746307373047],[131.93878173828125,33.971771240234375],[131.0930938720703,33.971771240234375],[131.0971221923828,33.65024948120117],[131.81813049316406,33.71455001831055],[131.63987731933594,33.32876968383789],[132.0884552001953,33.13589859008789],[132.0010223388672,32.94303894042969],[132.0775909423828,32.94303894042969],[131.7806854248047,32.62162780761719],[131.5834197998047,32.171695709228516],[131.5216827392578,31.8503360748291],[131.59796142578125,31.8503360748291],[131.40859985351562,31.40045166015625],[131.1801300048828,31.40045166015625],[131.20314025878906,31.271915435791016],[130.79380798339844,31.014846801757812],[130.64169311523438,31.014846801757812],[130.72006225585938,31.20764923095703],[130.465576171875,31.143381118774414],[130.1374053955078,31.271915435791016],[130.2698211669922,31.593257904052734],[130.09951782226562,31.91460609436035],[130.2088623046875,32.171695709228516],[130.5211181640625,32.36451721191406],[130.56541442871094,32.81447219848633],[130.37364196777344,33.07160949707031],[130.1061553955078,32.81447219848633],[129.8765106201172,32.81447219848633],[129.933349609375,32.94303894042969],[129.67520141601562,32.878753662109375],[129.68408203125,33.07160949707031],[129.55947875976562,33.13589859008789],[129.61700439453125,33.26447677612305],[129.54034423828125,33.26447677612305],[129.5981903076172,33.393062591552734],[129.8283233642578,33.393062591552734],[129.91595458984375,33.5859489440918],[130.3292694091797,33.65024948120117],[130.4182586669922,33.84315490722656],[130.86244201660156,33.971771240234375],[130.87612915039062,34.164703369140625],[130.7991943359375,34.164703369140625],[130.9210968017578,34.42197799682617],[131.4140167236328,34.48630142211914],[131.4759063720703,34.614952087402344],[132.56336975097656,35.258358001708984],[132.69252014160156,35.51579284667969],[132.95718383789062,35.58015823364258],[133.46612548828125,35.51579284667969],[135.37876892089844,35.77327346801758],[135.27859497070312,35.58015823364258],[135.7095489501953,35.51579284667969],[135.7762908935547,35.644527435302734],[136.04208374023438,35.708900451660156],[135.91094970703125,35.902034759521484],[135.97886657714844,36.03080368041992],[135.90133666992188,36.03080368041992],[136.00392150878906,36.2239875793457],[136.63565063476562,36.67487716674805],[136.69952392578125,36.932613372802734],[136.57322692871094,37.12596130371094],[136.71775817871094,37.38381576538086],[136.94680786132812,37.51277160644531],[137.373779296875,37.5772590637207],[137.15460205078125,37.1904182434082],[136.96270751953125,37.12596130371094],[137.12445068359375,36.9970588684082],[137.09519958496094,36.80373764038086],[137.25076293945312,36.80373764038086],[137.62759399414062,37.06150817871094],[138.51141357421875,37.38381576538086],[138.7726287841797,37.835243225097656],[139.35430908203125,38.157840728759766],[139.4325714111328,38.157840728759766],[139.31753540039062,37.96426773071289],[139.90480041503906,37.89975357055664],[139.8666534423828,37.835243225097656],[140.3355255126953,37.835243225097656],[140.53013610839844,37.89975357055664],[140.52896118164062,38.028785705566406],[140.99778747558594,38.157840728759766],[140.9595489501953,37.96426773071289],[140.9209747314453,37.89975357055664]]],[[[140.37379455566406,37.89975357055664],[140.29563903808594,37.89975357055664],[140.33401489257812,37.96426773071289],[140.41221618652344,37.96426773071289],[140.37379455566406,37.89975357055664]]]]}}]}