{"type":"FeatureCollection","name":"cliopatria_snapshot_-500","properties":{"year":-500,"source":"Cliopatria (Seshat Global History Databank)","license":"CC BY 4.0","licenseUrl":"https://creativecommons.org/licenses/by/4.0/","attribution":"Cliopatria / Seshat Global History Databank (CC BY 4.0). Korea polities excluded.","excluded":"korea_related","wikidataNote":"Feature properties.wikidata → https://www.wikidata.org/wiki/<id>","ohmNote":"OpenHistoricalMap planet dumps at s3://planet.openhistoricalmap.org — optional detail layer, not used in this snapshot build."},"features":[{"type":"Feature","properties":{"name":"Qin","fromYear":-750,"toYear":-451,"type":"POLITY","areaKm2":56477.88066636069,"wikipedia":"Qin (state)","wikidata":"Q1471995","seshatId":null,"source":"cliopatria"},"geometry":{"type":"Polygon","coordinates":[[[110.74337005615234,34.22901916503906],[110.35858154296875,34.22901916503906],[109.68960571289062,34.48630142211914],[107.94264221191406,34.55062484741211],[108.45275115966797,35.258358001708984],[108.2981948852539,35.258358001708984],[108.34974670410156,35.38706970214844],[108.16950988769531,35.51579284667969],[108.22152709960938,35.644527435302734],[108.78959655761719,35.708900451660156],[109.65463256835938,36.48161697387695],[112.09423828125,37.254878997802734],[112.17218017578125,37.254878997802734],[111.41331481933594,36.417205810546875],[111.23026275634766,36.3527946472168],[111.06177520751953,35.77327346801758],[111.16276550292969,35.644527435302734],[111.00291442871094,35.258358001708984],[110.6662368774414,35.00096893310547],[110.5883560180664,34.80794906616211],[110.71676635742188,34.743614196777344],[110.69108581542969,34.48630142211914],[110.8196029663086,34.42197799682617],[110.82032775878906,34.22901916503906],[110.74337005615234,34.22901916503906]]]}},{"type":"Feature","properties":{"name":"Song","fromYear":-750,"toYear":-481,"type":"POLITY","areaKm2":22944.158992377714,"wikipedia":"Song (state)","wikidata":"Q7462","seshatId":null,"source":"cliopatria"},"geometry":{"type":"Polygon","coordinates":[[[117.57472229003906,34.55062484741211],[116.72709655761719,34.55062484741211],[116.65003967285156,34.55062484741211],[116.67723083496094,34.614952087402344],[116.7044906616211,34.679283142089844],[116.50560760498047,34.93662643432617],[116.1968994140625,34.93662643432617],[116.09750366210938,35.065311431884766],[116.18051147460938,35.258358001708984],[116.2577896118164,35.258358001708984],[116.28563690185547,35.32271194458008],[115.98983001708984,35.708900451660156],[115.23109436035156,35.38706970214844],[114.4990234375,34.93662643432617],[114.47205352783203,34.87228775024414],[114.34123229980469,34.743614196777344],[114.64656829833984,34.55062484741211],[115.49419403076172,34.55062484741211],[115.59467315673828,34.42197799682617],[116.1069564819336,34.3576545715332],[116.61572265625,34.10039138793945],[117.2310791015625,34.10039138793945],[117.6197509765625,34.2933349609375],[117.67414093017578,34.42197799682617],[117.57472229003906,34.55062484741211]]]}},{"type":"Feature","properties":{"name":"Teng","fromYear":-750,"toYear":-481,"type":"POLITY","areaKm2":4224.530070260444,"wikipedia":"Teng (state)","wikidata":"Q1356151","seshatId":null,"source":"cliopatria"},"geometry":{"type":"Polygon","coordinates":[[[116.18051147460938,35.258358001708984],[116.09750366210938,35.065311431884766],[116.1968994140625,34.93662643432617],[116.50560760498047,34.93662643432617],[116.7044906616211,34.679283142089844],[117.17854309082031,35.065311431884766],[116.92533874511719,35.194007873535156],[116.98131561279297,35.32271194458008],[116.90402221679688,35.32271194458008],[116.9321060180664,35.38706970214844],[116.96026611328125,35.45143127441406],[116.67212677001953,35.32271194458008],[116.28563690185547,35.32271194458008],[116.2577896118164,35.258358001708984],[116.18051147460938,35.258358001708984]]]}},{"type":"Feature","properties":{"name":"Chen","fromYear":-750,"toYear":-481,"type":"POLITY","areaKm2":4971.727588222772,"wikipedia":"Chen (state)","wikidata":"Q1069690","seshatId":null,"source":"cliopatria"},"geometry":{"type":"Polygon","coordinates":[[[114.95198822021484,34.3576545715332],[115.59467315673828,34.42197799682617],[115.49419403076172,34.55062484741211],[114.64656829833984,34.55062484741211],[114.34123229980469,34.743614196777344],[114.47205352783203,34.87228775024414],[113.75093841552734,34.80794906616211],[113.95305633544922,34.55062484741211],[113.9266357421875,34.48630142211914],[114.1557388305664,34.2933349609375],[114.87499237060547,34.3576545715332],[114.95198822021484,34.3576545715332]]]}},{"type":"Feature","properties":{"name":"Cao","fromYear":-750,"toYear":-481,"type":"POLITY","areaKm2":3839.7471467902633,"wikipedia":"Cao (state)","wikidata":"Q204077","seshatId":null,"source":"cliopatria"},"geometry":{"type":"Polygon","coordinates":[[[115.0113525390625,35.77327346801758],[114.8564682006836,35.77327346801758],[114.4080810546875,35.45143127441406],[114.3758544921875,35.194007873535156],[114.4990234375,34.93662643432617],[115.23109436035156,35.38706970214844],[114.95541381835938,35.644527435302734],[115.0113525390625,35.77327346801758]]]}},{"type":"Feature","properties":{"name":"Lu","fromYear":-750,"toYear":-481,"type":"POLITY","areaKm2":43470.049307163594,"wikipedia":"Lu (state)","wikidata":"Q555994","seshatId":null,"source":"cliopatria"},"geometry":{"type":"Polygon","coordinates":[[[119.22760772705078,34.80794906616211],[118.42839050292969,34.743614196777344],[118.43501281738281,34.93662643432617],[118.2806625366211,34.93662643432617],[118.11992645263672,34.743614196777344],[117.96569061279297,34.743614196777344],[117.63545989990234,34.87228775024414],[117.768310546875,35.00096893310547],[118.05602264404297,35.12965774536133],[118.30362701416016,35.51579284667969],[118.25492095947266,35.58015823364258],[117.58705139160156,35.644527435302734],[116.96026611328125,35.45143127441406],[116.67212677001953,35.32271194458008],[116.28563690185547,35.32271194458008],[115.98983001708984,35.708900451660156],[115.23109436035156,35.38706970214844],[114.95541381835938,35.644527435302734],[115.0113525390625,35.77327346801758],[115.03944396972656,35.837650299072266],[115.11690521240234,35.837650299072266],[115.59768676757812,36.2239875793457],[115.80168914794922,36.15959167480469],[115.76497650146484,35.902034759521484],[116.04647064208984,35.837650299072266],[117.35307312011719,36.15959167480469],[119.89511108398438,36.28839111328125],[120.5292739868164,36.48161697387695],[120.73184967041016,36.417205810546875],[120.70149230957031,36.3527946472168],[120.65852355957031,36.09519577026367],[120.31848907470703,36.03080368041992],[119.98648071289062,35.644527435302734],[119.61874389648438,35.51579284667969],[119.25574493408203,34.87228775024414],[119.22760772705078,34.80794906616211]]]}},{"type":"Feature","properties":{"name":"Zheng","fromYear":-750,"toYear":-451,"type":"POLITY","areaKm2":5552.990150388705,"wikipedia":"Zheng (state)","wikidata":"Q197598","seshatId":null,"source":"cliopatria"},"geometry":{"type":"Polygon","coordinates":[[[113.68472290039062,35.38706970214844],[113.60740661621094,35.38706970214844],[113.53009033203125,35.38706970214844],[113.34137725830078,34.93662643432617],[113.6738052368164,34.80794906616211],[113.75093841552734,34.80794906616211],[114.47205352783203,34.87228775024414],[114.4990234375,34.93662643432617],[114.3758544921875,35.194007873535156],[114.4080810546875,35.45143127441406],[114.33074188232422,35.45143127441406],[114.30327606201172,35.38706970214844],[114.2259521484375,35.38706970214844],[113.76204681396484,35.38706970214844],[113.68472290039062,35.38706970214844]]]}},{"type":"Feature","properties":{"name":"Cai","fromYear":-750,"toYear":-481,"type":"POLITY","areaKm2":3733.2072897097314,"wikipedia":"Cai (state)","wikidata":"Q1025803","seshatId":null,"source":"cliopatria"},"geometry":{"type":"Polygon","coordinates":[[[113.9266357421875,34.48630142211914],[113.59083557128906,34.22901916503906],[113.38738250732422,34.48630142211914],[113.02838134765625,34.55062484741211],[113.0302505493164,34.743614196777344],[113.05670928955078,34.80794906616211],[113.13385009765625,34.80794906616211],[113.160400390625,34.87228775024414],[113.23755645751953,34.87228775024414],[113.26419830322266,34.93662643432617],[113.34137725830078,34.93662643432617],[113.6738052368164,34.80794906616211],[113.75093841552734,34.80794906616211],[113.95305633544922,34.55062484741211],[113.9266357421875,34.48630142211914]]]}},{"type":"Feature","properties":{"name":"Zhu","fromYear":-750,"toYear":-451,"type":"POLITY","areaKm2":6449.246183606028,"wikipedia":"Zhu (state)","wikidata":"Q227007","seshatId":null,"source":"cliopatria"},"geometry":{"type":"Polygon","coordinates":[[[116.98131561279297,35.32271194458008],[116.92533874511719,35.194007873535156],[117.17854309082031,35.065311431884766],[117.768310546875,35.00096893310547],[118.05602264404297,35.12965774536133],[118.30362701416016,35.51579284667969],[118.25492095947266,35.58015823364258],[117.58705139160156,35.644527435302734],[116.96026611328125,35.45143127441406],[116.9321060180664,35.38706970214844],[116.90402221679688,35.32271194458008],[116.98131561279297,35.32271194458008]]]}},{"type":"Feature","properties":{"name":"Yan","fromYear":-750,"toYear":-405,"type":"POLITY","areaKm2":49598.941432790445,"wikipedia":"Yan (state)","wikidata":"Q1472004","seshatId":null,"source":"cliopatria"},"geometry":{"type":"Polygon","coordinates":[[[119.3191146850586,39.51427459716797],[119.38044738769531,39.77294921875],[120.50029754638672,40.225894927978516],[120.64734649658203,40.4848747253418],[121.22704315185547,40.93837356567383],[119.34424591064453,40.42012023925781],[117.5674819946289,40.355369567871094],[116.45215606689453,39.90232849121094],[116.1364517211914,39.90232849121094],[116.10205078125,39.8376350402832],[115.8647689819336,39.38497543334961],[116.1009292602539,39.38497543334961],[116.09193420410156,39.06184005737305],[116.2618408203125,38.93262481689453],[116.16387939453125,38.738853454589844],[116.39930725097656,38.738853454589844],[116.1453628540039,38.54513168334961],[117.19712829589844,38.60969924926758],[117.22977447509766,38.67427444458008],[117.62202453613281,38.67427444458008],[117.67569732666016,38.93262481689453],[117.88837432861328,39.19107437133789],[118.04566192626953,39.19107437133789],[118.0568618774414,39.06184005737305],[118.44984436035156,39.06184005737305],[118.98941802978516,39.19107437133789],[119.28438568115234,39.449623107910156],[119.3191146850586,39.51427459716797]]]}},{"type":"Feature","properties":{"name":"Later Zhou","fromYear":-750,"toYear":-451,"type":"POLITY","areaKm2":9655.823385826896,"wikipedia":"Later Zhou","wikidata":"Q1154556","seshatId":null,"source":"cliopatria"},"geometry":{"type":"Polygon","coordinates":[[[112.38590240478516,34.48630142211914],[112.61701202392578,34.48630142211914],[113.0302505493164,34.743614196777344],[113.05670928955078,34.80794906616211],[113.13385009765625,34.80794906616211],[113.160400390625,34.87228775024414],[113.23755645751953,34.87228775024414],[113.26419830322266,34.93662643432617],[113.34137725830078,34.93662643432617],[113.53009033203125,35.38706970214844],[112.3199234008789,35.45143127441406],[112.10655212402344,34.93662643432617],[112.18373107910156,34.93662643432617],[112.15479278564453,34.48630142211914],[112.23182678222656,34.48630142211914],[112.3088607788086,34.48630142211914],[112.38590240478516,34.48630142211914]]]}},{"type":"Feature","properties":{"name":"Xu","fromYear":-750,"toYear":-451,"type":"POLITY","areaKm2":4786.47214088299,"wikipedia":"Xu (state)","wikidata":"Q2650109","seshatId":null,"source":"cliopatria"},"geometry":{"type":"Polygon","coordinates":[[[116.72709655761719,34.55062484741211],[117.57472229003906,34.55062484741211],[117.67414093017578,34.42197799682617],[117.96569061279297,34.743614196777344],[117.63545989990234,34.87228775024414],[117.768310546875,35.00096893310547],[117.17854309082031,35.065311431884766],[116.7044906616211,34.679283142089844],[116.67723083496094,34.614952087402344],[116.65003967285156,34.55062484741211],[116.72709655761719,34.55062484741211]]]}},{"type":"Feature","properties":{"name":"Chu","fromYear":-700,"toYear":-481,"type":"POLITY","areaKm2":353292.4864529283,"wikipedia":"Chu (state)","wikidata":"Q504759","seshatId":"cn_chu_dyn_spring_autumn","source":"cliopatria"},"geometry":{"type":"Polygon","coordinates":[[[114.95198822021484,34.3576545715332],[115.59467315673828,34.42197799682617],[116.1069564819336,34.3576545715332],[116.61572265625,34.10039138793945],[117.2310791015625,34.10039138793945],[117.73924255371094,33.84315490722656],[117.76293182373047,33.71455001831055],[118.04361724853516,33.65024948120117],[118.11795043945312,33.45735549926758],[118.4489974975586,33.32876968383789],[118.57463073730469,33.07160949707031],[118.90580749511719,32.94303894042969],[118.31936645507812,32.428794860839844],[117.10957336425781,31.65752601623535],[117.020751953125,31.20764923095703],[116.83740234375,30.69350814819336],[116.1185531616211,30.372163772583008],[116.04265594482422,30.372163772583008],[114.11265563964844,30.500701904296875],[113.95056915283203,30.243623733520508],[113.58361053466797,30.050809860229492],[113.26678466796875,29.536611557006836],[112.90369415283203,29.34377670288086],[111.99589538574219,29.34377670288086],[111.80860900878906,29.472333908081055],[111.29871368408203,29.536611557006836],[110.66183471679688,29.922264099121094],[110.22734069824219,29.986536026000977],[110.4056167602539,30.307893753051758],[109.91582489013672,30.436433792114258],[109.4763412475586,30.950578689575195],[109.48612213134766,31.20764923095703],[109.35553741455078,31.271915435791016],[109.4751968383789,31.40045166015625],[109.3124771118164,31.593257904052734],[109.62882995605469,32.493072509765625],[109.55238342285156,32.493072509765625],[109.81649017333984,33.00732421875],[109.71090698242188,33.13589859008789],[109.78289031982422,33.32876968383789],[110.21489715576172,33.45735549926758],[110.21150970458984,33.65024948120117],[110.49124145507812,33.77885055541992],[110.4889907836914,33.971771240234375],[110.87198638916016,34.164703369140625],[110.89728546142578,34.22901916503906],[112.15479278564453,34.48630142211914],[112.23182678222656,34.48630142211914],[112.3088607788086,34.48630142211914],[112.38590240478516,34.48630142211914],[112.61701202392578,34.48630142211914],[113.0302505493164,34.743614196777344],[113.02838134765625,34.55062484741211],[113.38738250732422,34.48630142211914],[113.59083557128906,34.22901916503906],[113.9266357421875,34.48630142211914],[114.1557388305664,34.2933349609375],[114.87499237060547,34.3576545715332],[114.95198822021484,34.3576545715332]]]}},{"type":"Feature","properties":{"name":"Hadhramaut","fromYear":-700,"toYear":-351,"type":"POLITY","areaKm2":85919.41161885991,"wikipedia":"Hadhramaut","wikidata":"Q1517159","seshatId":null,"source":"cliopatria"},"geometry":{"type":"MultiPolygon","coordinates":[[[[51.07392501831055,15.457538604736328],[50.84516906738281,15.328963279724121],[50.75175476074219,15.007523536682129],[49.409767150878906,14.686083793640137],[47.52102279663086,15.07181167602539],[47.52838134765625,15.200387001037598],[46.5062255859375,15.328963279724121],[46.222957611083984,15.52182674407959],[46.14939498901367,15.52182674407959],[46.38114929199219,15.714691162109375],[46.46971130371094,15.971842765808105],[46.47349166870117,16.036130905151367],[46.55471420288086,16.16470718383789],[46.698150634765625,16.100418090820312],[48.11691665649414,16.421857833862305],[49.59426498413086,16.486146926879883],[50.11839294433594,16.614723205566406],[50.48252487182617,16.550434112548828],[51.080589294433594,16.67901039123535],[51.88673400878906,16.614723205566406],[51.95158767700195,16.486146926879883],[51.86045455932617,16.228994369506836],[51.24172592163086,15.77897834777832],[51.0780143737793,15.52182674407959],[51.07392501831055,15.457538604736328]]],[[[46.70197677612305,16.16470718383789],[46.62834548950195,16.16470718383789],[46.63217544555664,16.228994369506836],[46.705814361572266,16.228994369506836],[46.70197677612305,16.16470718383789]]]]}},{"type":"Feature","properties":{"name":"Olmec Civilization","fromYear":-650,"toYear":-367,"type":"POLITY","areaKm2":17602.637865846922,"wikipedia":"Olmecs","wikidata":"Q135364","seshatId":null,"source":"cliopatria"},"geometry":{"type":"Polygon","coordinates":[[[-94.05217742919922,18.286205291748047],[-94.56932067871094,18.286205291748047],[-94.69523620605469,18.157629013061523],[-94.91682434082031,18.157629013061523],[-95.34127044677734,18.479066848754883],[-95.48906707763672,18.479066848754883],[-95.51134490966797,18.607641220092773],[-95.37467193603516,18.67193031311035],[-95.47100830078125,18.800504684448242],[-95.84071350097656,18.800504684448242],[-95.95484924316406,18.607641220092773],[-95.93247985839844,18.479066848754883],[-95.45585632324219,18.286205291748047],[-95.10572052001953,17.964767456054688],[-94.22947692871094,17.57904052734375],[-93.66021728515625,17.707616806030273],[-93.68143463134766,17.836191177368164],[-92.78551483154297,18.2219181060791],[-92.6916275024414,18.543354034423828],[-93.49372100830078,18.479066848754883],[-93.9782943725586,18.286205291748047],[-94.05217742919922,18.286205291748047]]]}},{"type":"Feature","properties":{"name":"Kingdom of Kush","fromYear":-630,"toYear":337,"type":"POLITY","areaKm2":336379.15609700844,"wikipedia":"Kingdom of Kush","wikidata":"Q241790","seshatId":null,"source":"cliopatria"},"geometry":{"type":"Polygon","coordinates":[[[33.83782196044922,22.079116821289062],[33.76346206665039,22.079116821289062],[33.835208892822266,22.014829635620117],[33.74533462524414,21.629112243652344],[33.81963348388672,21.629112243652344],[34.25754165649414,19.6362361907959],[34.468746185302734,19.379087448120117],[34.597408294677734,18.929079055786133],[34.87919235229492,18.607641220092773],[34.93901062011719,18.286205291748047],[35.299827575683594,18.093341827392578],[35.50127029418945,17.643327713012695],[36.00331497192383,17.321889877319336],[36.05393600463867,16.807586669921875],[35.67131805419922,16.486146926879883],[34.71365737915039,16.486146926879883],[34.55558776855469,16.228994369506836],[34.68425369262695,15.77897834777832],[34.098121643066406,15.843266487121582],[33.86210632324219,15.457538604736328],[32.52862548828125,15.200387001037598],[32.533355712890625,15.328963279724121],[32.09444808959961,15.393251419067383],[31.733671188354492,15.586114883422852],[31.5269718170166,15.971842765808105],[31.536441802978516,16.228994369506836],[31.39390754699707,16.35757064819336],[31.47713279724121,16.614723205566406],[31.336956024169922,16.807586669921875],[31.220840454101562,17.643327713012695],[31.14703941345215,17.643327713012695],[30.876768112182617,20.343387603759766],[30.80263328552246,20.343387603759766],[30.81843376159668,20.793392181396484],[30.744239807128906,20.793392181396484],[30.762121200561523,21.307680130004883],[30.687862396240234,21.307680130004883],[30.63583755493164,21.950544357299805],[30.561492919921875,21.950544357299805],[30.72144317626953,22.271976470947266],[30.742036819458008,22.85055923461914],[30.534862518310547,23.30057144165039],[30.537214279174805,23.36486053466797],[31.670488357543945,23.75058937072754],[32.040863037109375,23.68630027770996],[33.38899612426758,23.814878463745117],[33.6817741394043,23.68630027770996],[33.67897033691406,23.622013092041016],[33.8225212097168,23.493436813354492],[33.80870819091797,23.171995162963867],[33.88322067260742,23.171995162963867],[33.84043502807617,22.143402099609375],[33.83782196044922,22.079116821289062]]]}},{"type":"Feature","properties":{"name":"Janapada of Avanti","fromYear":-600,"toYear":-451,"type":"POLITY","areaKm2":5103.958132607829,"wikipedia":"Avanti (region)","wikidata":"Q4827705","seshatId":"in_mahajanapada","source":"cliopatria"},"geometry":{"type":"Polygon","coordinates":[[[75.41011047363281,23.36486053466797],[75.30400085449219,23.107707977294922],[75.45301055908203,23.107707977294922],[75.57080841064453,22.85055923461914],[75.8686752319336,22.85055923461914],[75.88428497314453,22.97913360595703],[76.19803619384766,23.107707977294922],[76.23004913330078,23.36486053466797],[75.94802856445312,23.493436813354492],[75.96430969238281,23.622013092041016],[75.66600036621094,23.622013092041016],[75.48464965820312,23.36486053466797],[75.41011047363281,23.36486053466797]]]}},{"type":"Feature","properties":{"name":"Janapada of Malla","fromYear":-600,"toYear":-481,"type":"POLITY","areaKm2":5485.7156839613845,"wikipedia":"Malla (tribe)","wikidata":"Q1376303","seshatId":"in_mahajanapada","source":"cliopatria"},"geometry":{"type":"Polygon","coordinates":[[[83.68467712402344,26.643707275390625],[83.66132354736328,26.515121459960938],[83.81143951416016,26.515121459960938],[83.91539001464844,26.257951736450195],[84.2040023803711,26.19365882873535],[84.37698364257812,26.32224464416504],[84.41191101074219,26.515121459960938],[84.5620346069336,26.515121459960938],[84.60957336425781,26.772293090820312],[84.33318328857422,26.900876998901367],[84.35746765136719,27.029460906982422],[84.06902313232422,27.093751907348633],[84.03264617919922,26.900876998901367],[83.88238525390625,26.900876998901367],[83.85848999023438,26.772293090820312],[83.69644165039062,26.70800018310547],[83.68467712402344,26.643707275390625]]]}},{"type":"Feature","properties":{"name":"Janapada of Cedī","fromYear":-600,"toYear":-481,"type":"POLITY","areaKm2":4395.761829221044,"wikipedia":"Cedī (tribe)","wikidata":"Q124207979","seshatId":"in_mahajanapada","source":"cliopatria"},"geometry":{"type":"Polygon","coordinates":[[[81.19329833984375,25.67931365966797],[81.2143783569336,25.807899475097656],[81.5354995727539,25.936485290527344],[81.6104507446289,25.936485290527344],[81.6854019165039,25.936485290527344],[81.6533203125,25.743606567382812],[81.8153076171875,25.357851028442383],[81.7404556274414,25.357851028442383],[81.72002410888672,25.229267120361328],[81.58052825927734,25.29355812072754],[81.56025695800781,25.164974212646484],[81.26097869873047,25.164974212646484],[81.15185546875,25.422143936157227],[81.00212860107422,25.422143936157227],[81.11839294433594,25.67931365966797],[81.19329833984375,25.67931365966797]]]}},{"type":"Feature","properties":{"name":"Janapada of Kuru","fromYear":-600,"toYear":-451,"type":"POLITY","areaKm2":5231.696471520947,"wikipedia":"Kuru Kingdom","wikidata":"Q1068408","seshatId":"in_mahajanapada","source":"cliopatria"},"geometry":{"type":"Polygon","coordinates":[[[76.85574340820312,28.765243530273438],[76.80653381347656,28.508106231689453],[76.95746612548828,28.508106231689453],[76.93314361572266,28.379535675048828],[77.08401489257812,28.379535675048828],[77.05986785888672,28.25096321105957],[77.36149597167969,28.25096321105957],[77.56116485595703,28.508106231689453],[77.71208953857422,28.508106231689453],[77.76197814941406,28.765243530273438],[77.6109390258789,28.765243530273438],[77.63616943359375,28.893810272216797],[77.48507690429688,28.893810272216797],[77.5104751586914,29.022375106811523],[77.29649353027344,29.08665657043457],[76.93126678466797,28.765243530273438],[76.85574340820312,28.765243530273438]]]}},{"type":"Feature","properties":{"name":"Janapada of Kosala","fromYear":-600,"toYear":-481,"type":"POLITY","areaKm2":4989.650229438946,"wikipedia":"Kosala","wikidata":"Q756854","seshatId":"in_mahajanapada","source":"cliopatria"},"geometry":{"type":"Polygon","coordinates":[[[81.4736557006836,27.2866268157959],[81.35115814208984,27.029460906982422],[81.50147247314453,27.029460906982422],[81.6052474975586,26.772293090820312],[81.90567779541016,26.772293090820312],[81.9289321899414,26.900876998901367],[82.2530517578125,27.029460906982422],[82.30094909667969,27.2866268157959],[82.02433013916016,27.41520881652832],[82.04877471923828,27.54378890991211],[81.74773406982422,27.54378890991211],[81.54886627197266,27.2866268157959],[81.4736557006836,27.2866268157959]]]}},{"type":"Feature","properties":{"name":"Janapada of Matsya","fromYear":-600,"toYear":-451,"type":"POLITY","areaKm2":5219.65963782054,"wikipedia":"Matsya (tribe)","wikidata":"Q2665398","seshatId":"in_mahajanapada","source":"cliopatria"},"geometry":{"type":"Polygon","coordinates":[[[75.71575927734375,27.4794979095459],[75.68260192871094,27.2866268157959],[75.83302307128906,27.2866268157959],[75.9397964477539,27.029460906982422],[76.24042510986328,27.029460906982422],[76.26223754882812,27.158044815063477],[76.5851058959961,27.2866268157959],[76.63004302978516,27.54378890991211],[76.35169982910156,27.6723690032959],[76.38616943359375,27.865236282348633],[76.16018676757812,27.865236282348633],[75.87744140625,27.54378890991211],[75.72692108154297,27.54378890991211],[75.71575927734375,27.4794979095459]]]}},{"type":"Feature","properties":{"name":"Janapada of Surasena","fromYear":-600,"toYear":-451,"type":"POLITY","areaKm2":5198.609074103942,"wikipedia":"Surasena","wikidata":"Q1330149","seshatId":"in_mahajanapada","source":"cliopatria"},"geometry":{"type":"Polygon","coordinates":[[[77.27324676513672,27.35091781616211],[77.23961639404297,27.158044815063477],[77.38998413085938,27.158044815063477],[77.3677978515625,27.029460906982422],[77.51811218261719,27.029460906982422],[77.49609375,26.900876998901367],[77.63541412353516,26.836584091186523],[77.79662322998047,26.900876998901367],[77.81874084472656,27.029460906982422],[77.96905517578125,27.029460906982422],[77.99144744873047,27.158044815063477],[78.14181518554688,27.158044815063477],[78.18738555908203,27.41520881652832],[77.90946960449219,27.54378890991211],[77.9327163696289,27.6723690032959],[77.6315689086914,27.6723690032959],[77.60842895507812,27.54378890991211],[77.2845687866211,27.41520881652832],[77.27324676513672,27.35091781616211]]]}},{"type":"Feature","properties":{"name":"Janapada of Pañcāla","fromYear":-600,"toYear":-451,"type":"POLITY","areaKm2":4959.468340671102,"wikipedia":"Pañcāla","wikidata":"Q558603","seshatId":"in_mahajanapada","source":"cliopatria"},"geometry":{"type":"Polygon","coordinates":[[[78.71883392333984,28.25096321105957],[78.59465789794922,27.993812561035156],[78.74536895751953,27.993812561035156],[78.72128295898438,27.865236282348633],[78.87193298339844,27.865236282348633],[78.8480224609375,27.736658096313477],[79.14922332763672,27.736658096313477],[79.17323303222656,27.865236282348633],[79.4989013671875,27.993812561035156],[79.5483169555664,28.25096321105957],[79.2716293334961,28.379535675048828],[79.29681396484375,28.508106231689453],[78.99496459960938,28.508106231689453],[78.79423522949219,28.25096321105957],[78.71883392333984,28.25096321105957]]]}},{"type":"Feature","properties":{"name":"Janapada of Vatsa","fromYear":-600,"toYear":-481,"type":"POLITY","areaKm2":4014.804097792469,"wikipedia":"Vatsa","wikidata":"Q1331184","seshatId":"in_mahajanapada","source":"cliopatria"},"geometry":{"type":"Polygon","coordinates":[[[81.69621276855469,26.000778198242188],[81.62125396728516,26.000778198242188],[81.6104507446289,25.936485290527344],[81.6854019165039,25.936485290527344],[81.6533203125,25.743606567382812],[81.8153076171875,25.357851028442383],[81.8901596069336,25.357851028442383],[82.13549041748047,25.48643684387207],[82.15650939941406,25.615020751953125],[82.3062973022461,25.615020751953125],[82.34912872314453,25.8721923828125],[82.07103729248047,26.000778198242188],[82.09295654296875,26.129364013671875],[81.79300689697266,26.129364013671875],[81.77117919921875,26.000778198242188],[81.69621276855469,26.000778198242188]]]}},{"type":"Feature","properties":{"name":"Janapada of Kāśī","fromYear":-600,"toYear":-481,"type":"POLITY","areaKm2":5039.934877770674,"wikipedia":"Kāśī (kingdom)","wikidata":"Q12660335","seshatId":"in_mahajanapada","source":"cliopatria"},"geometry":{"type":"Polygon","coordinates":[[[82.45609283447266,25.615020751953125],[82.33927154541016,25.357851028442383],[82.48897552490234,25.357851028442383],[82.5975341796875,25.100683212280273],[82.89676666259766,25.100683212280273],[82.91731262207031,25.229267120361328],[83.23750305175781,25.357851028442383],[83.27995300292969,25.615020751953125],[83.00186920166016,25.743606567382812],[83.02360534667969,25.8721923828125],[82.72383880615234,25.8721923828125],[82.53099060058594,25.615020751953125],[82.45609283447266,25.615020751953125]]]}},{"type":"Feature","properties":{"name":"Sabaeans","fromYear":-550,"toYear":-451,"type":"POLITY","areaKm2":63947.67138595806,"wikipedia":"Sabaeans","wikidata":"Q940785","seshatId":"ye_sabaean_commonwealth","source":"cliopatria"},"geometry":{"type":"MultiPolygon","coordinates":[[[[45.91789627075195,15.328963279724121],[45.84435272216797,15.328963279724121],[45.847938537597656,15.393251419067383],[45.921485900878906,15.393251419067383],[45.91789627075195,15.328963279724121]]],[[[45.22568130493164,16.100418090820312],[45.21470260620117,15.907554626464844],[45.365570068359375,15.971842765808105],[45.579044342041016,15.843266487121582],[46.0206184387207,15.843266487121582],[46.17527389526367,15.971842765808105],[46.39610290527344,15.971842765808105],[46.46971130371094,15.971842765808105],[46.38114929199219,15.714691162109375],[46.14939498901367,15.52182674407959],[46.07583236694336,15.52182674407959],[45.85514831542969,15.52182674407959],[45.847938537597656,15.393251419067383],[45.403106689453125,15.328963279724121],[45.32253646850586,15.200387001037598],[45.17897415161133,15.26467514038086],[45.024959564208984,15.136098861694336],[42.74578857421875,15.136098861694336],[42.70881652832031,15.843266487121582],[42.78240966796875,15.843266487121582],[42.8239860534668,16.614723205566406],[42.476654052734375,17.000450134277344],[42.48728942871094,17.193313598632812],[42.63478469848633,17.193313598632812],[43.02164077758789,17.514753341674805],[43.03257751464844,17.707616806030273],[43.250328063964844,17.643327713012695],[43.552940368652344,17.77190399169922],[43.89961624145508,17.38617706298828],[43.81843948364258,17.257600784301758],[43.95853805541992,17.129026412963867],[43.94747543334961,16.9361629486084],[44.087547302246094,16.807586669921875],[44.312355041503906,16.87187385559082],[44.304962158203125,16.743297576904297],[44.81336975097656,16.614723205566406],[44.809654235839844,16.550434112548828],[45.22568130493164,16.100418090820312]]]]}},{"type":"Feature","properties":{"name":"Wu","fromYear":-550,"toYear":-481,"type":"POLITY","areaKm2":193430.20533788743,"wikipedia":"Wu (state)","wikidata":"Q274488","seshatId":"cn_wu_confederacy","source":"cliopatria"},"geometry":{"type":"Polygon","coordinates":[[[117.95987701416016,29.536611557006836],[117.88418579101562,29.536611557006836],[117.90544128417969,29.600887298583984],[117.52689361572266,29.600887298583984],[117.19082641601562,29.729440689086914],[116.73638153076172,29.729440689086914],[116.27002716064453,29.922264099121094],[116.09661102294922,30.307893753051758],[116.1185531616211,30.372163772583008],[116.83740234375,30.69350814819336],[117.020751953125,31.20764923095703],[117.10957336425781,31.65752601623535],[118.31936645507812,32.428794860839844],[118.90580749511719,32.94303894042969],[118.57463073730469,33.07160949707031],[118.4489974975586,33.32876968383789],[118.11795043945312,33.45735549926758],[118.04361724853516,33.65024948120117],[117.76293182373047,33.71455001831055],[117.73924255371094,33.84315490722656],[117.2310791015625,34.10039138793945],[117.6197509765625,34.2933349609375],[117.67414093017578,34.42197799682617],[117.96569061279297,34.743614196777344],[118.11992645263672,34.743614196777344],[118.2806625366211,34.93662643432617],[118.43501281738281,34.93662643432617],[118.42839050292969,34.743614196777344],[119.22760772705078,34.80794906616211],[119.30474853515625,34.80794906616211],[119.71125030517578,34.679283142089844],[119.73230743408203,34.55062484741211],[119.98465728759766,34.42197799682617],[120.3418197631836,34.3576545715332],[120.31398010253906,34.2933349609375],[120.48936462402344,34.164703369140625],[120.55045318603516,33.5859489440918],[120.92630004882812,33.20018768310547],[120.91920471191406,32.62162780761719],[121.40264892578125,32.493072509765625],[121.50330352783203,32.171695709228516],[121.78321075439453,32.107421875],[121.98702239990234,31.8503360748291],[121.83556365966797,31.65752601623535],[121.68311309814453,31.65752601623535],[121.58055877685547,31.78606605529785],[120.99542236328125,31.8503360748291],[120.91914367675781,31.8503360748291],[120.89421844482422,31.78606605529785],[120.97047424316406,31.78606605529785],[121.04673767089844,31.78606605529785],[121.63350677490234,31.528987884521484],[121.58425903320312,31.40045166015625],[121.73657989501953,31.40045166015625],[121.99526977539062,31.079113006591797],[121.89926147460938,30.822044372558594],[121.51921844482422,30.822044372558594],[121.19719696044922,30.564971923828125],[121.04530334472656,30.564971923828125],[120.67976379394531,30.179353713989258],[120.80880737304688,30.115081787109375],[121.10469055175781,30.307893753051758],[121.48409271240234,30.307893753051758],[121.6202392578125,30.050809860229492],[122.02978515625,29.922264099121094],[121.82032775878906,29.536611557006836],[121.41998291015625,29.472333908081055],[121.3124008178711,29.600887298583984],[120.242431640625,29.79371452331543],[119.77836608886719,29.986536026000977],[119.22569274902344,29.922264099121094],[118.35970306396484,29.600887298583984],[117.98114776611328,29.600887298583984],[117.95987701416016,29.536611557006836]]]}},{"type":"Feature","properties":{"name":"Peloponnesian League","fromYear":-550,"toYear":-481,"type":"POLITY","areaKm2":15333.881785512782,"wikipedia":"Peloponnesian League","wikidata":"Q208742","seshatId":null,"source":"cliopatria"},"geometry":{"type":"Polygon","coordinates":[[[23.406002044677734,37.38381576538086],[23.168506622314453,37.3193473815918],[23.101137161254883,37.51277160644531],[22.870534896850586,37.5772590637207],[22.792482376098633,37.5772590637207],[22.80295181274414,37.7707405090332],[22.568588256835938,37.7707405090332],[22.554927825927734,37.51277160644531],[22.551544189453125,37.44829177856445],[22.707557678222656,37.44829177856445],[22.700735092163086,37.3193473815918],[22.853219985961914,37.254878997802734],[23.056013107299805,36.67487716674805],[22.83283233642578,36.8681755065918],[22.59941291809082,36.8681755065918],[22.51182746887207,36.67487716674805],[22.35634422302246,36.67487716674805],[22.21999168395996,37.06150817871094],[21.90850067138672,37.06150817871094],[21.899152755737305,36.8681755065918],[21.743539810180664,36.8681755065918],[21.681032180786133,37.1904182434082],[21.60311508178711,37.1904182434082],[21.696598052978516,37.51277160644531],[21.243581771850586,37.835243225097656],[21.32791519165039,37.96426773071289],[21.33102798461914,38.028785705566406],[21.953441619873047,37.96426773071289],[21.960050582885742,38.09331130981445],[22.116525650024414,38.09331130981445],[22.2628231048584,37.89975357055664],[22.657155990600586,37.96426773071289],[22.735347747802734,37.96426773071289],[22.969919204711914,37.96426773071289],[22.977134704589844,38.09331130981445],[23.290082931518555,38.09331130981445],[23.20083236694336,37.89975357055664],[23.044498443603516,37.89975357055664],[23.037315368652344,37.7707405090332],[23.108261108398438,37.641746520996094],[23.342487335205078,37.641746520996094],[23.409624099731445,37.44829177856445],[23.406002044677734,37.38381576538086]]]}},{"type":"Feature","properties":{"name":"Wey","fromYear":-550,"toYear":-481,"type":"POLITY","areaKm2":6860.666578868629,"wikipedia":"Wey (state)","wikidata":"Q1147897","seshatId":null,"source":"cliopatria"},"geometry":{"type":"Polygon","coordinates":[[[114.25340270996094,35.45143127441406],[114.2259521484375,35.38706970214844],[114.30327606201172,35.38706970214844],[114.33074188232422,35.45143127441406],[114.4080810546875,35.45143127441406],[114.8564682006836,35.77327346801758],[115.0113525390625,35.77327346801758],[115.03944396972656,35.837650299072266],[115.11690521240234,35.837650299072266],[115.59768676757812,36.2239875793457],[115.52009582519531,36.2239875793457],[115.63568878173828,36.48161697387695],[115.3638916015625,36.73930740356445],[114.31436920166016,35.77327346801758],[114.28092193603516,35.51579284667969],[114.25340270996094,35.45143127441406]]]}},{"type":"Feature","properties":{"name":"Scythia","fromYear":-550,"toYear":-451,"type":"POLITY","areaKm2":644921.1185475974,"wikipedia":"Scythians","wikidata":"Q131802","seshatId":null,"source":"cliopatria"},"geometry":{"type":"Polygon","coordinates":[[[37.74241417196652,45.71611960337976],[42.98229391429899,47.006866575573326],[45.079070242960015,48.258784041211875],[45.60989969325395,48.7336612117919],[45.76914852834213,49.46353075379611],[45.76914852834213,50.21666714708001],[45.211777605533506,51.191564624940895],[43.75199661722519,51.7865049917075],[41.416347035931885,52.27637111014899],[39.13378039966798,52.37370096093259],[35.709930445272114,52.26012864758974],[33.082324666317156,51.999439303336395],[31.383670425376565,51.638497437080176],[30.083138272156436,51.07497924113061],[29.31343556923023,50.30150919531333],[29.10110378911266,49.89288821984625],[29.233811151686144,49.23876542286024],[29.73809912946538,48.610971958011206],[31.755251040582323,47.349639371036396],[32.39224638093504,47.22361209397185],[34.845595039611666,46.11023451504007],[35.230371093750016,46.440625],[35.28017578125003,46.2794921875],[35.014550781250016,46.10600585937499],[35.13232421875001,46.12587890624999],[35.82714843750001,46.62431640624999],[36.79482421875002,46.714404296874974],[37.54335937500002,47.07456054687498],[39.195703125,47.26884765625],[39.270703125,47.044140625],[38.43867187500002,46.813085937499984],[38.50097656250001,46.663671874999984],[37.76650390625003,46.63613281249998],[37.91386718750001,46.40649414062497],[38.49228515625001,46.09052734374999],[38.18359375,46.09482421874999],[38.079589843750014,45.93481445312498],[38.01425781250001,46.04775390624997],[37.84091796875001,45.799560546874986],[37.74241417196652,45.71611960337976]]]}},{"type":"Feature","properties":{"name":"Qi","fromYear":-550,"toYear":-481,"type":"POLITY","areaKm2":86899.54857911466,"wikipedia":"Qi (state)","wikidata":"Q1143524","seshatId":"cn_qi_spring_autumn","source":"cliopatria"},"geometry":{"type":"Polygon","coordinates":[[[119.13066101074219,38.09331130981445],[118.77176666259766,38.157840728759766],[118.80416870117188,38.22237777709961],[118.64759826660156,38.22237777709961],[118.58300018310547,38.09331130981445],[118.06742095947266,38.157840728759766],[118.05360412597656,38.28691864013672],[117.60245513916016,38.48057174682617],[117.62202453613281,38.67427444458008],[117.22977447509766,38.67427444458008],[117.19712829589844,38.60969924926758],[116.6283187866211,37.44829177856445],[116.7063217163086,37.44829177856445],[116.632080078125,37.12596130371094],[116.85321044921875,36.932613372802734],[116.04647064208984,35.837650299072266],[117.35307312011719,36.15959167480469],[119.89511108398438,36.28839111328125],[120.5292739868164,36.48161697387695],[120.73184967041016,36.417205810546875],[120.80950927734375,36.417205810546875],[120.96481323242188,36.417205810546875],[120.97892761230469,36.61045455932617],[121.21208190917969,36.61045455932617],[121.91207885742188,36.932613372802734],[122.39389038085938,36.80373764038086],[122.56636810302734,36.9970588684082],[122.47421264648438,37.12596130371094],[122.71288299560547,37.44829177856445],[122.1211166381836,37.51277160644531],[122.15351867675781,37.5772590637207],[121.49687957763672,37.51277160644531],[121.48333740234375,37.641746520996094],[121.17103576660156,37.641746520996094],[121.11202239990234,37.835243225097656],[120.75377655029297,37.89975357055664],[120.18807220458984,37.706241607666016],[120.20220184326172,37.5772590637207],[119.82661437988281,37.44829177856445],[119.70111083984375,37.1904182434082],[119.15568542480469,37.1904182434082],[119.13996124267578,37.3193473815918],[118.98403930664062,37.3193473815918],[119.23655700683594,37.835243225097656],[119.3928451538086,37.835243225097656],[119.4571304321289,37.96426773071289],[119.17657470703125,38.028785705566406],[119.20889282226562,38.09331130981445],[119.13066101074219,38.09331130981445]]]}},{"type":"Feature","properties":{"name":"Janapada of Aśmaka","fromYear":-550,"toYear":-367,"type":"POLITY","areaKm2":5411.525212803307,"wikipedia":"Asmaka","wikidata":"Q1194906","seshatId":"in_mahajanapada","source":"cliopatria"},"geometry":{"type":"Polygon","coordinates":[[[77.82630157470703,19.893383026123047],[77.8039321899414,19.700523376464844],[77.95203399658203,19.700523376464844],[77.92961120605469,19.507661819458008],[78.37378692626953,19.507661819458008],[78.52938842773438,19.571949005126953],[78.54446411132812,19.700523376464844],[78.69257354736328,19.700523376464844],[78.796875,19.95766830444336],[78.44147491455078,20.08624267578125],[78.45650482177734,20.214815139770508],[78.16002655029297,20.214815139770508],[78.14506530761719,20.08624267578125],[77.83375549316406,19.95766830444336],[77.82630157470703,19.893383026123047]]]}},{"type":"Feature","properties":{"name":"Jin","fromYear":-550,"toYear":-451,"type":"POLITY","areaKm2":152346.71506231427,"wikipedia":"Jin (Chinese state)","wikidata":"Q6201794","seshatId":"cn_jin_spring_and_autumn","source":"cliopatria"},"geometry":{"type":"Polygon","coordinates":[[[114.28092193603516,35.51579284667969],[114.31436920166016,35.77327346801758],[115.3638916015625,36.73930740356445],[115.63568878173828,36.48161697387695],[115.52009582519531,36.2239875793457],[115.59768676757812,36.2239875793457],[115.80168914794922,36.15959167480469],[115.76497650146484,35.902034759521484],[116.04647064208984,35.837650299072266],[116.85321044921875,36.932613372802734],[116.632080078125,37.12596130371094],[116.7063217163086,37.44829177856445],[116.6283187866211,37.44829177856445],[117.19712829589844,38.60969924926758],[116.1453628540039,38.54513168334961],[116.39930725097656,38.738853454589844],[116.16387939453125,38.738853454589844],[116.2618408203125,38.93262481689453],[116.09193420410156,39.06184005737305],[116.1009292602539,39.38497543334961],[115.8647689819336,39.38497543334961],[116.10205078125,39.8376350402832],[116.02315521240234,39.8376350402832],[115.8996810913086,39.90232849121094],[115.83116149902344,39.77294921875],[115.4478530883789,39.64360046386719],[114.35895538330078,38.738853454589844],[114.09173583984375,38.67427444458008],[114.10688781738281,38.54513168334961],[113.26740264892578,37.7707405090332],[112.20132446289062,37.3193473815918],[112.17218017578125,37.254878997802734],[111.41331481933594,36.417205810546875],[111.23026275634766,36.3527946472168],[111.06177520751953,35.77327346801758],[111.16276550292969,35.644527435302734],[111.00291442871094,35.258358001708984],[110.6662368774414,35.00096893310547],[110.5883560180664,34.80794906616211],[110.71676635742188,34.743614196777344],[110.69108581542969,34.48630142211914],[110.8196029663086,34.42197799682617],[110.82032775878906,34.22901916503906],[110.89728546142578,34.22901916503906],[112.15479278564453,34.48630142211914],[112.18373107910156,34.93662643432617],[112.10655212402344,34.93662643432617],[112.3199234008789,35.45143127441406],[113.53009033203125,35.38706970214844],[113.60740661621094,35.38706970214844],[113.68472290039062,35.38706970214844],[113.76204681396484,35.38706970214844],[114.2259521484375,35.38706970214844],[114.25340270996094,35.45143127441406],[114.28092193603516,35.51579284667969]]]}},{"type":"Feature","properties":{"name":"Etruscans","fromYear":-530,"toYear":-481,"type":"POLITY","areaKm2":65835.26030115705,"wikipedia":"Etruscan civilization","wikidata":"Q17161","seshatId":null,"source":"cliopatria"},"geometry":{"type":"MultiPolygon","coordinates":[[[[9.491888999938965,43.016544342041016],[9.49340534210205,42.75628662109375],[9.5735502243042,42.75628662109375],[9.577608108520508,41.97637939453125],[9.497812271118164,41.97637939453125],[9.49889087677002,41.781593322753906],[9.262411117553711,41.39224624633789],[9.1038236618042,41.32738494873047],[8.783942222595215,41.521995544433594],[8.782108306884766,41.71668243408203],[8.622743606567383,41.71668243408203],[8.700496673583984,41.911441802978516],[8.538846015930176,42.10627746582031],[8.534564018249512,42.496177673339844],[8.772740364074707,42.691246032714844],[9.17282485961914,42.75628662109375],[9.251097679138184,43.016544342041016],[9.331360816955566,43.016544342041016],[9.491888999938965,43.016544342041016]]],[[[10.45510196685791,42.88639831542969],[10.455166816711426,42.691246032714844],[10.21481990814209,42.691246032714844],[10.134284973144531,42.88639831542969],[10.214488983154297,42.88639831542969],[10.45510196685791,42.88639831542969]]],[[[11.654799461364746,42.36617660522461],[11.494501113891602,42.30118942260742],[11.415224075317383,42.43117141723633],[11.255227088928223,42.43117141723633],[11.175962448120117,42.62621307373047],[11.015789985656738,42.62621307373047],[11.01634693145752,42.82133865356445],[10.535322189331055,43.08163070678711],[10.535326957702637,43.276947021484375],[10.454943656921387,43.276947021484375],[10.13126277923584,44.12431716918945],[10.292703628540039,44.18956756591797],[10.292451858520508,44.32010269165039],[10.535037994384766,44.38538360595703],[10.615870475769043,44.71194839477539],[9.721156413586531,45.22529954563432],[9.721497535705566,45.169586181640625],[9.640213966369629,45.169586181640625],[9.63978099822998,45.23500442504883],[9.704241886231488,45.23500442504883],[9.476141929626465,45.36587905883789],[9.392571449279785,45.62776184082031],[9.473555564880371,45.693260192871094],[10.533594131469727,45.693260192871094],[10.533798217773438,45.56227111816406],[12.161685943603516,45.36587905883789],[12.160021781921387,45.169586181640625],[12.40256118774414,45.03877639770508],[12.399906158447266,44.77729415893555],[12.157197952270508,44.842647552490234],[12.153728485107422,44.45067596435547],[12.312999725341797,44.18956756591797],[11.988690376281738,44.05907440185547],[11.905418395996094,43.73301696777344],[12.306416511535645,43.53750228881836],[12.451669692993164,42.10627746582031],[11.972548484802246,42.10627746582031],[11.892694473266602,42.10627746582031],[11.733430862426758,42.17123794555664],[11.654799461364746,42.36617660522461]]],[[[10.050901412963867,43.99384307861328],[9.889463424682617,43.99384307861328],[9.889193534851074,44.05907440185547],[10.050481796264648,44.12431716918945],[10.050901412963867,43.99384307861328]]]]}},{"type":"Feature","properties":{"name":"Greek City-States","fromYear":-500,"toYear":-481,"type":"POLITY","areaKm2":146314.75328617598,"wikipedia":"Polis","wikidata":"Q148837","seshatId":null,"source":"cliopatria"},"geometry":{"type":"MultiPolygon","coordinates":[[[[24.149879455566406,35.38706970214844],[24.30097007751465,35.32271194458008],[25.69233512878418,35.32271194458008],[25.680648803710938,35.12965774536133],[26.22533416748047,35.194007873535156],[26.140073776245117,35.065311431884766],[24.823745727539062,35.00096893310547],[24.7574462890625,35.194007873535156],[24.52567481994629,35.194007873535156],[24.44841766357422,35.194007873535156],[23.679210662841797,35.258358001708984],[23.615402221679688,35.51579284667969],[24.156919479370117,35.51579284667969],[24.149879455566406,35.38706970214844]]],[[[22.887205123901367,36.417205810546875],[22.964859008789062,36.417205810546875],[23.116798400878906,36.3527946472168],[23.10675048828125,36.15959167480469],[22.87404441833496,36.15959167480469],[22.887205123901367,36.417205810546875]]],[[[-6.052703857421875,37.12596130371094],[-5.955624580383301,36.8681755065918],[-6.023882389068604,36.73930740356445],[-6.179408073425293,36.73930740356445],[-6.174611568450928,36.67487716674805],[-6.330093860626221,36.67487716674805],[-6.349542140960693,36.932613372802734],[-6.675864696502686,37.12596130371094],[-6.052703857421875,37.12596130371094]]],[[[24.28331756591797,37.706241607666016],[24.36141586303711,37.706241607666016],[24.43158721923828,37.5772590637207],[24.27158546447754,37.51277160644531],[24.201318740844727,37.641746520996094],[24.28331756591797,37.706241607666016]]],[[[22.71442985534668,37.5772590637207],[22.710987091064453,37.51277160644531],[22.707557678222656,37.44829177856445],[22.62955093383789,37.44829177856445],[22.551544189453125,37.44829177856445],[22.554927825927734,37.51277160644531],[22.568588256835938,37.7707405090332],[22.80295181274414,37.7707405090332],[22.792482376098633,37.5772590637207],[22.71442985534668,37.5772590637207]]],[[[20.621307373046875,37.89975357055664],[20.69947624206543,37.89975357055664],[20.933977127075195,37.89975357055664],[20.922147750854492,37.641746520996094],[20.612695693969727,37.706241607666016],[20.621307373046875,37.89975357055664]]],[[[24.694225311279297,38.028785705566406],[24.772438049316406,38.028785705566406],[25.068470001220703,37.7707405090332],[24.830005645751953,37.706241607666016],[24.681930541992188,37.835243225097656],[24.694225311279297,38.028785705566406]]],[[[14.05713939666748,38.028785705566406],[14.135353088378906,38.028785705566406],[14.525333404541016,37.96426773071289],[14.365852355957031,37.7707405090332],[14.053367614746094,37.7707405090332],[13.899807929992676,37.96426773071289],[14.05713939666748,38.028785705566406]]],[[[20.488054275512695,38.416015625],[20.566410064697266,38.416015625],[20.795446395874023,38.28691864013672],[20.7864933013916,38.09331130981445],[20.319902420043945,38.157840728759766],[20.328466415405273,38.351463317871094],[20.488054275512695,38.416015625]]],[[[23.56732749938965,38.80344009399414],[23.563383102416992,38.738853454589844],[23.484909057617188,38.738853454589844],[23.488826751708984,38.80344009399414],[23.56732749938965,38.80344009399414]]],[[[24.364974975585938,38.997230529785156],[24.443546295166016,38.997230529785156],[24.674930572509766,38.93262481689453],[24.662033081054688,38.738853454589844],[24.35651969909668,38.8680305480957],[24.364974975585938,38.997230529785156]]],[[[17.508296966552734,40.6791877746582],[17.503604888916016,40.54964065551758],[17.981229782104492,40.614410400390625],[18.43811798095703,40.16116714477539],[18.34894371032715,39.90232849121094],[18.11216926574707,39.90232849121094],[17.813072204589844,40.355369567871094],[17.41753578186035,40.355369567871094],[17.345230102539062,40.54964065551758],[17.02848243713379,40.54964065551758],[16.867990493774414,40.4848747253418],[16.945016860961914,40.42012023925781],[16.861696243286133,40.29063034057617],[16.624452590942383,40.29063034057617],[16.697484970092773,40.0964469909668],[16.45665168762207,39.9670295715332],[16.44725799560547,39.64360046386719],[16.916194915771484,39.51427459716797],[17.069679260253906,39.38497543334961],[17.138301849365234,39.06184005737305],[16.502395629882812,38.80344009399414],[16.491945266723633,38.416015625],[15.932764053344727,37.96426773071289],[15.698192596435547,37.96426773071289],[15.62426471710205,38.157840728759766],[15.389483451843262,38.157840728759766],[15.066489219665527,37.641746520996094],[15.059245109558105,37.254878997802734],[15.213889122009277,37.1904182434082],[15.049844741821289,36.73930740356445],[14.661029815673828,36.73930740356445],[14.27791690826416,37.12596130371094],[13.578389167785645,37.254878997802734],[13.192005157470703,37.5772590637207],[12.490468978881836,37.706241607666016],[12.49141788482666,37.835243225097656],[12.960283279418945,37.835243225097656],[14.744194984436035,37.06150817871094],[14.977813720703125,37.06150817871094],[14.751935005187988,37.51277160644531],[14.834580421447754,37.7707405090332],[15.152132987976074,38.028785705566406],[15.154701232910156,38.157840728759766],[15.470523834228516,38.28691864013672],[15.862062454223633,38.28691864013672],[15.949724197387695,38.67427444458008],[16.265209197998047,38.738853454589844],[15.898874282836914,39.77294921875],[15.665508270263672,39.90232849121094],[15.747773170471191,40.031734466552734],[15.431868553161621,40.031734466552734],[15.199469566345215,40.225894927978516],[15.041359901428223,40.225894927978516],[14.893351554870605,40.6791877746582],[14.417906761169434,40.6791877746582],[14.421854972839355,40.873565673828125],[14.104567527770996,40.873565673828125],[14.02763557434082,41.00318908691406],[15.056429862976074,40.873565673828125],[15.515687942504883,40.225894927978516],[15.990015983581543,40.225894927978516],[16.144468307495117,40.0964469909668],[16.142654418945312,40.031734466552734],[16.37958335876465,40.031734466552734],[16.30623435974121,40.225894927978516],[16.876516342163086,40.74397277832031],[17.508296966552734,40.6791877746582]]],[[[23.626148223876953,38.48057174682617],[23.563383102416992,38.738853454589844],[24.030162811279297,38.67427444458008],[24.178871154785156,38.54513168334961],[24.158668518066406,38.22237777709961],[24.002099990844727,38.22237777709961],[23.9786319732666,37.835243225097656],[22.749553680419922,38.22237777709961],[22.83506965637207,38.351463317871094],[22.51821517944336,38.28691864013672],[22.603641510009766,38.416015625],[22.29022216796875,38.416015625],[22.365081787109375,38.351463317871094],[22.279848098754883,38.22237777709961],[22.589460372924805,38.157840728759766],[22.66066551208496,38.028785705566406],[22.657155990600586,37.96426773071289],[22.2628231048584,37.89975357055664],[22.116525650024414,38.09331130981445],[21.960050582885742,38.09331130981445],[21.953441619873047,37.96426773071289],[21.33102798461914,38.028785705566406],[21.33415412902832,38.09331130981445],[21.728593826293945,38.157840728759766],[21.738431930541992,38.351463317871094],[21.19325065612793,38.416015625],[20.973709106445312,38.738853454589844],[20.74135398864746,38.80344009399414],[20.747533798217773,38.93262481689453],[21.14027214050293,38.93262481689453],[21.14674949645996,39.06184005737305],[20.98955535888672,39.06184005737305],[21.077896118164062,39.25570297241211],[21.635509490966797,39.38497543334961],[21.864606857299805,39.25570297241211],[21.929227828979492,38.997230529785156],[22.16851043701172,39.06184005737305],[22.179292678833008,39.25570297241211],[22.587739944458008,39.51427459716797],[22.535831451416016,39.9670295715332],[23.135168075561523,39.449623107910156],[22.816326141357422,39.38497543334961],[22.797286987304688,39.06184005737305],[22.95830535888672,39.1264533996582],[23.10781478881836,38.997230529785156],[23.34353256225586,38.997230529785156],[23.488826751708984,38.80344009399414],[23.178667068481445,38.8680305480957],[23.182519912719727,38.93262481689453],[22.943096160888672,38.8680305480957],[22.935583114624023,38.738853454589844],[23.16720199584961,38.67427444458008],[23.312631607055664,38.48057174682617],[23.626148223876953,38.48057174682617]]],[[[0.096056789159775,38.80344009399414],[-0.125997006893158,38.54513168334961],[-0.538960754871368,38.93262481689453],[-0.567464292049408,39.449623107910156],[-0.571073591709137,39.51427459716797],[-0.51402348279953,39.90232849121094],[-0.201878547668457,39.9670295715332],[-0.345421016216278,39.70827102661133],[-0.313707679510117,39.1264533996582],[0.096056789159775,38.80344009399414]]],[[[19.921405792236328,39.77294921875],[19.918411254882812,39.70827102661133],[19.912464141845703,39.57893371582031],[19.75778579711914,39.64360046386719],[19.76365852355957,39.77294921875],[19.921405792236328,39.77294921875]]],[[[24.490964889526367,40.80876541137695],[24.57025909423828,40.80876541137695],[24.808143615722656,40.80876541137695],[24.793624877929688,40.614410400390625],[24.551259994506836,40.54964065551758],[24.490964889526367,40.80876541137695]]],[[[23.346336364746094,40.29063034057617],[23.267255783081055,40.29063034057617],[23.271482467651367,40.355369567871094],[23.19237518310547,40.355369567871094],[23.385225296020508,40.873565673828125],[24.03838539123535,41.132843017578125],[24.117816925048828,41.132843017578125],[24.27192497253418,41.06801223754883],[24.519824981689453,41.19768524169922],[24.83765983581543,41.19768524169922],[25.140329360961914,41.00318908691406],[24.34656524658203,41.00318908691406],[24.010608673095703,40.74397277832031],[23.698017120361328,40.80876541137695],[23.684629440307617,40.614410400390625],[23.83857536315918,40.54964065551758],[23.6583194732666,40.225894927978516],[23.662660598754883,40.29063034057617],[23.583580017089844,40.29063034057617],[23.504497528076172,40.29063034057617],[23.425416946411133,40.29063034057617],[23.346336364746094,40.29063034057617]]],[[[19.90471839904785,41.06801223754883],[19.895063400268555,40.873565673828125],[19.730152130126953,40.74397277832031],[19.79075813293457,40.355369567871094],[19.47136878967285,40.29063034057617],[19.48629379272461,40.614410400390625],[19.2486515045166,40.614410400390625],[19.254547119140625,40.74397277832031],[19.33381462097168,40.74397277832031],[19.498455047607422,40.873565673828125],[19.440670013427734,41.32738494873047],[19.685630798339844,41.45711898803711],[19.74909782409668,41.132843017578125],[19.90471839904785,41.06801223754883]]],[[[5.063065528869629,43.472347259521484],[4.177847862243652,43.472347259521484],[4.173032760620117,43.6026611328125],[3.850892543792725,43.6026611328125],[2.984907388687134,43.146724700927734],[3.009923458099365,42.56119155883789],[3.178062200546265,42.36617660522461],[3.039664268493652,41.84651184082031],[2.698246717453003,42.36617660522461],[2.775402784347534,42.43117141723633],[2.669466018676758,43.016544342041016],[2.749729871749878,43.016544342041016],[2.74102783203125,43.211830139160156],[3.445524215698242,43.6678352355957],[4.727918148040771,43.86341094970703],[5.869569301605225,43.407203674316406],[6.593565464019775,43.407203674316406],[6.596527099609375,43.276947021484375],[6.278174877166748,43.146724700927734],[6.197851181030273,43.146724700927734],[5.796233177185059,43.146724700927734],[5.631923198699951,43.276947021484375],[5.390771865844727,43.276947021484375],[5.386905193328857,43.407203674316406],[5.063065528869629,43.472347259521484]]],[[[25.339021682739258,37.12596130371094],[25.416915893554688,37.12596130371094],[25.57270622253418,37.12596130371094],[25.56435775756836,36.9970588684082],[25.330806732177734,36.9970588684082],[25.339021682739258,37.12596130371094]]],[[[24.986202239990234,37.706241607666016],[25.064300537109375,37.706241607666016],[25.220497131347656,37.706241607666016],[25.285974502563477,37.51277160644531],[25.0518856048584,37.51277160644531],[24.986202239990234,37.706241607666016]]],[[[26.079580307006836,37.706241607666016],[26.157678604125977,37.706241607666016],[26.313875198364258,37.706241607666016],[26.304851531982422,37.5772590637207],[25.988245010375977,37.51277160644531],[26.079580307006836,37.706241607666016]]],[[[25.066978454589844,40.031734466552734],[25.145954132080078,40.031734466552734],[25.46186065673828,40.031734466552734],[25.447328567504883,39.8376350402832],[24.973936080932617,39.8376350402832],[25.066978454589844,40.031734466552734]]],[[[25.718765258789062,40.29063034057617],[25.7978458404541,40.29063034057617],[26.03508949279785,40.29063034057617],[26.024850845336914,40.16116714477539],[25.703752517700195,40.0964469909668],[25.718765258789062,40.29063034057617]]],[[[26.25676918029785,40.0964469909668],[26.26193618774414,40.16116714477539],[26.26712417602539,40.225894927978516],[26.2723331451416,40.29063034057617],[26.35141372680664,40.29063034057617],[26.356670379638672,40.355369567871094],[26.604726791381836,40.4848747253418],[26.678482055664062,40.42012023925781],[26.673099517822266,40.355369567871094],[26.25676918029785,40.0964469909668]]],[[[26.9268741607666,40.54964065551758],[26.842208862304688,40.4848747253418],[26.773971557617188,40.614410400390625],[27.006061553955078,40.54964065551758],[26.9268741607666,40.54964065551758]]],[[[40.59807205200195,40.873565673828125],[40.57756042480469,40.74397277832031],[40.40887451171875,40.6791877746582],[39.6164665222168,40.6791877746582],[39.39837646484375,40.80876541137695],[39.00190353393555,40.80876541137695],[38.824058532714844,40.6791877746582],[37.8731689453125,40.6791877746582],[37.35506820678711,40.93837356567383],[36.509090423583984,41.132843017578125],[36.52714920043945,41.26253128051758],[36.60663604736328,41.26253128051758],[36.77476501464844,41.32738494873047],[37.06510925292969,41.132843017578125],[37.23323440551758,41.19768524169922],[37.21474075317383,41.06801223754883],[37.770565032958984,41.06801223754883],[37.83116149902344,40.93837356567383],[38.15805435180664,41.00318908691406],[38.29773712158203,40.873565673828125],[38.951820373535156,41.00318908691406],[38.96162414550781,41.06801223754883],[39.20975112915039,41.132843017578125],[39.735538482666016,40.93837356567383],[40.38059616088867,41.00318908691406],[40.4599723815918,41.00318908691406],[40.59807205200195,40.873565673828125]]],[[[28.1386775970459,41.65177917480469],[28.291698455810547,41.586883544921875],[28.352495193481445,41.39224624633789],[28.975934982299805,41.26253128051758],[28.96312141418457,41.132843017578125],[29.366811752319336,41.19768524169922],[29.255043029785156,40.873565673828125],[29.10276222229004,40.93837356567383],[29.115554809570312,41.06801223754883],[28.71226692199707,41.00318908691406],[28.632890701293945,41.00318908691406],[28.16880989074707,41.132843017578125],[28.077255249023438,41.00318908691406],[27.918502807617188,41.00318908691406],[28.187231063842773,41.32738494873047],[28.1386775970459,41.65177917480469]]],[[[31.51219940185547,41.19768524169922],[31.36052894592285,41.26253128051758],[31.693260192871094,41.39224624633789],[31.591657638549805,41.19768524169922],[31.51219940185547,41.19768524169922]]],[[[35.006317138671875,41.781593322753906],[35.015045166015625,41.84651184082031],[34.79319381713867,41.97637939453125],[35.121212005615234,42.041324615478516],[35.08602523803711,41.781593322753906],[35.006317138671875,41.781593322753906]]],[[[27.384279251098633,42.10627746582031],[27.46407168835584,42.10627746582031],[27.316564559936523,42.236209869384766],[27.328767776489258,42.36617660522461],[27.174896240234375,42.43117141723633],[27.193193435668945,42.62621307373047],[27.65704917907715,43.276947021484375],[27.998247146606445,43.472347259521484],[28.11857795715332,43.86341094970703],[28.3001708984375,44.05907440185547],[28.341028213500977,44.45067596435547],[28.421964645385742,44.45067596435547],[28.368471145629883,44.71194839477539],[28.639629364013672,44.973392486572266],[28.802005767822266,44.973392486572266],[28.84072494506836,44.58129119873047],[28.576906204223633,44.38538360595703],[28.53555679321289,43.99384307861328],[28.616275787353516,43.99384307861328],[28.48109245300293,43.472347259521484],[28.159194946289062,43.472347259521484],[28.22636604309082,43.342071533203125],[27.89820098876953,43.276947021484375],[27.80489730834961,43.146724700927734],[27.8530216217041,42.82133865356445],[27.84662628173828,42.75628662109375],[27.513538360595703,42.62621307373047],[27.494890213012695,42.43117141723633],[27.796031951904297,42.236209869384766],[27.92448616027832,41.911441802978516],[27.611539840698242,41.97637939453125],[27.537853460201855,42.04128641719828],[27.5317440032959,41.97637939453125],[27.451948165893555,41.97637939453125],[27.458030700683594,42.041324615478516],[27.378206253051758,42.041324615478516],[27.384279251098633,42.10627746582031]],[[27.537810095202254,42.041324615478516],[27.46412767615548,42.10622814868252],[27.458030700683594,42.041324615478516],[27.537810095202254,42.041324615478516]]],[[[40.219173431396484,43.407203674316406],[39.977840423583984,43.407203674316406],[39.630489349365234,43.73301696777344],[40.41382598876953,43.6026611328125],[40.322044372558594,43.53750228881836],[40.380062103271484,43.407203674316406],[41.150047302246094,43.211830139160156],[41.20750045776367,43.08163070678711],[41.4368782043457,43.016544342041016],[41.41395568847656,42.88639831542969],[41.3337516784668,42.88639831542969],[41.173343658447266,42.88639831542969],[41.11582565307617,43.016544342041016],[40.81732177734375,43.146724700927734],[40.41570281982422,43.146724700927734],[40.219173431396484,43.407203674316406]]],[[[40.033470153808594,43.73301696777344],[39.95287322998047,43.73301696777344],[39.96403884887695,43.79821014404297],[40.0446662902832,43.79821014404297],[40.033470153808594,43.73301696777344]]],[[[36.42308807373047,45.431331634521484],[36.37263107299805,45.10417556762695],[35.87525939941406,45.03877639770508],[35.732418060302734,45.169586181640625],[35.40727996826172,45.169586181640625],[35.297096252441406,44.973392486572266],[34.376285552978516,44.77729415893555],[33.92564392089844,44.45067596435547],[33.44884490966797,44.5159797668457],[33.61005401611328,45.10417556762695],[33.23028564453125,45.300437927246094],[33.63702392578125,45.300437927246094],[33.91688919067383,44.973392486572266],[33.92597198486328,45.03877639770508],[34.422576904296875,45.10417556762695],[34.85724639892578,45.300437927246094],[35.7520751953125,45.300437927246094],[36.42308807373047,45.431331634521484]]],[[[31.53286361694336,46.677207946777344],[30.87657928466797,46.677207946777344],[30.297666549682617,45.95537567138672],[30.044963836669922,45.889827728271484],[29.85890007019043,45.693260192871094],[29.614274978637695,45.693260192871094],[29.64429473876953,45.95537567138672],[30.188798904418945,46.414546966552734],[30.270700454711914,46.414546966552734],[30.45840072631836,46.61152267456055],[31.06547737121582,46.87434005737305],[31.082130432128906,47.005828857421875],[31.566814422607422,46.94007873535156],[31.53286361694336,46.677207946777344]]],[[[38.63090783098882,47.20316696166992],[38.59714889526367,47.20316696166992],[38.52495835944441,47.20316696166992],[38.57724609375,47.23911132812498],[38.68815461980137,47.252630320856255],[38.68278779216042,47.222116880906874],[38.644335937500024,47.212207031249996],[38.63090783098882,47.20316696166992]]]]}},{"type":"Feature","properties":{"name":"Yue","fromYear":-500,"toYear":-451,"type":"POLITY","areaKm2":110431.48695995209,"wikipedia":"Yue (state)","wikidata":"Q1936158","seshatId":"cn_yue_dyn","source":"cliopatria"},"geometry":{"type":"Polygon","coordinates":[[[117.95987701416016,29.536611557006836],[117.88418579101562,29.536611557006836],[117.90544128417969,29.600887298583984],[117.52689361572266,29.600887298583984],[117.19082641601562,29.729440689086914],[116.73638153076172,29.729440689086914],[116.27002716064453,29.922264099121094],[116.09661102294922,30.307893753051758],[116.1185531616211,30.372163772583008],[116.83740234375,30.69350814819336],[117.020751953125,31.20764923095703],[117.62960815429688,31.20764923095703],[118.12464141845703,31.7217960357666],[118.8554916381836,32.23596954345703],[119.84845733642578,32.23596954345703],[120.10491943359375,31.91460609436035],[120.76547241210938,32.043148040771484],[120.91914367675781,31.8503360748291],[120.89421844482422,31.78606605529785],[120.97047424316406,31.78606605529785],[121.04673767089844,31.78606605529785],[121.63350677490234,31.528987884521484],[121.58425903320312,31.40045166015625],[121.73657989501953,31.40045166015625],[121.99526977539062,31.079113006591797],[121.89926147460938,30.822044372558594],[121.51921844482422,30.822044372558594],[121.19719696044922,30.564971923828125],[121.04530334472656,30.564971923828125],[120.67976379394531,30.179353713989258],[120.80880737304688,30.115081787109375],[121.10469055175781,30.307893753051758],[121.48409271240234,30.307893753051758],[121.6202392578125,30.050809860229492],[122.02978515625,29.922264099121094],[121.82032775878906,29.536611557006836],[121.41998291015625,29.472333908081055],[121.3124008178711,29.600887298583984],[120.242431640625,29.79371452331543],[119.77836608886719,29.986536026000977],[119.22569274902344,29.922264099121094],[118.35970306396484,29.600887298583984],[117.98114776611328,29.600887298583984],[117.95987701416016,29.536611557006836]]]}},{"type":"Feature","properties":{"name":"Roman Republic","fromYear":-500,"toYear":-481,"type":"POLITY","areaKm2":238.21137942663339,"wikipedia":"Roman Republic","wikidata":"Q175881","seshatId":"it_roman_rep_1","source":"cliopatria"},"geometry":{"type":"Polygon","coordinates":[[[11.973077774047852,42.17123794555664],[12.052960395812988,42.17123794555664],[12.132843017578125,42.17123794555664],[12.212724685668945,42.17123794555664],[12.292607307434082,42.17123794555664],[12.372489929199219,42.17123794555664],[12.37181568145752,42.10627746582031],[11.972548484802246,42.10627746582031],[11.973077774047852,42.17123794555664]]]}},{"type":"Feature","properties":{"name":"Carthage","fromYear":-500,"toYear":-481,"type":"POLITY","areaKm2":124877.97473857485,"wikipedia":"Ancient Carthage","wikidata":"Q2429397","seshatId":"tn_carthage_emp","source":"cliopatria"},"geometry":{"type":"MultiPolygon","coordinates":[[[[-6.96736478805542,33.71455001831055],[-6.805034637451172,33.5859489440918],[-7.333469390869141,33.45735549926758],[-7.473525524139404,33.26447677612305],[-7.875160217285156,33.52165222167969],[-7.428191184997559,33.71455001831055],[-7.432724952697754,33.77885055541992],[-6.985126495361328,33.971771240234375],[-6.96736478805542,33.71455001831055]]],[[[11.083049774169922,35.38706970214844],[11.005731582641602,35.38706970214844],[11.082771301269531,35.00096893310547],[10.85119342803955,34.93662643432617],[10.851213455200195,34.80794906616211],[10.543014526367188,34.55062484741211],[10.004497528076172,34.2933349609375],[10.081672668457031,34.22901916503906],[10.005777359008789,33.90746307373047],[10.23681354522705,33.71455001831055],[10.544031143188477,33.71455001831055],[10.697741508483887,33.52165222167969],[11.081541061401367,33.5859489440918],[11.157825469970703,33.20018768310547],[11.464441299438477,33.20018768310547],[12.228955268859863,32.81447219848633],[12.612099647521973,32.878753662109375],[12.534722328186035,32.75019073486328],[12.840824127197266,32.75019073486328],[12.841785430908203,32.878753662109375],[13.301749229431152,32.94303894042969],[13.453653335571289,32.81447219848633],[13.760527610778809,32.878753662109375],[13.759129524230957,32.75019073486328],[14.065231323242188,32.75019073486328],[14.444439888000488,32.493072509765625],[14.674704551696777,32.557350158691406],[14.749334335327148,32.428794860839844],[15.055076599121094,32.428794860839844],[15.282304763793945,32.30024337768555],[15.424593925476074,31.65752601623535],[15.575982093811035,31.593257904052734],[15.64897632598877,31.40045166015625],[16.178552627563477,31.20764923095703],[16.8635196685791,31.20764923095703],[17.846824645996094,30.950578689575195],[18.222288131713867,30.757776260375977],[18.592470169067383,30.372163772583008],[18.896053314208984,30.372163772583008],[18.8135986328125,30.115081787109375],[18.58609962463379,30.115081787109375],[18.216060638427734,30.500701904296875],[17.161096572875977,30.886310577392578],[15.5686616897583,31.143381118774414],[15.19299602508545,31.464719772338867],[15.050175666809082,32.107421875],[14.899360656738281,32.23596954345703],[14.516596794128418,32.171695709228516],[14.442748069763184,32.36451721191406],[13.757740020751953,32.62162780761719],[11.99848747253418,32.62162780761719],[12.075570106506348,32.75019073486328],[11.616985321044922,32.94303894042969],[11.080862045288086,32.878753662109375],[10.697933197021484,33.13589859008789],[10.468026161193848,33.13589859008789],[10.467853546142578,33.26447677612305],[9.853998184204102,33.393062591552734],[9.624162673950195,33.32876968383789],[9.546528816223145,33.52165222167969],[9.315913200378418,33.5859489440918],[9.082552909851074,34.03607940673828],[8.928751945495605,34.03607940673828],[9.003311157226562,34.3576545715332],[8.926313400268555,34.3576545715332],[8.846199035644531,34.743614196777344],[8.459360122680664,34.87228775024414],[8.228581428527832,34.80794906616211],[8.072845458984375,34.93662643432617],[7.90570592880249,35.9664192199707],[7.828200340270996,35.9664192199707],[7.902398109436035,36.2239875793457],[7.743697643280029,36.48161697387695],[7.351324081420898,36.73930740356445],[7.269436359405518,36.9970588684082],[7.502017498016357,37.06150817871094],[7.738344192504883,36.8681755065918],[8.516410827636719,36.8681755065918],[8.903155326843262,37.12596130371094],[9.05947494506836,37.06150817871094],[9.36964225769043,37.254878997802734],[9.759011268615723,37.3193473815918],[9.993423461914062,37.1904182434082],[10.226980209350586,37.254878997802734],[10.227567672729492,37.06150817871094],[10.305440902709961,37.06150817871094],[10.228352546691895,36.80373764038086],[10.461837768554688,36.73930740356445],[11.006271362304688,36.9970588684082],[11.006199836730957,36.80373764038086],[10.462488174438477,36.417205810546875],[10.540250778198242,36.3527946472168],[10.463515281677246,35.902034759521484],[10.851000785827637,35.708900451660156],[10.851019859313965,35.644527435302734],[11.08318042755127,35.58015823364258],[11.083049774169922,35.38706970214844]]],[[[14.568227767944336,35.77327346801758],[14.33681869506836,35.837650299072266],[14.339592933654785,36.03080368041992],[14.417119026184082,36.03080368041992],[14.571182250976562,35.9664192199707],[14.568227767944336,35.77327346801758]]],[[[-3.850677967071533,36.80373764038086],[-4.468626022338867,36.73930740356445],[-4.688807487487793,36.5460319519043],[-5.22819709777832,36.48161697387695],[-5.287947177886963,36.2239875793457],[-5.51620626449585,36.15959167480469],[-5.584750652313232,36.03080368041992],[-5.831079006195068,36.2239875793457],[-6.063849925994873,36.2239875793457],[-6.247549057006836,36.61045455932617],[-5.917947292327881,36.3527946472168],[-5.452148914337158,36.3527946472168],[-5.305872917175293,36.48161697387695],[-5.310388565063477,36.5460319519043],[-4.555105209350586,36.8681755065918],[-3.850677967071533,36.80373764038086]]],[[[12.726398468017578,37.89975357055664],[12.570568084716797,37.96426773071289],[12.571075439453125,38.028785705566406],[12.80629825592041,38.09331130981445],[12.726398468017578,37.89975357055664]]],[[[13.039711952209473,37.96426773071289],[13.119925498962402,38.157840728759766],[13.510433197021484,38.09331130981445],[13.509642601013184,38.028785705566406],[13.665236473083496,37.96426773071289],[13.039711952209473,37.96426773071289]]],[[[1.657540321350098,38.997230529785156],[1.430543661117554,38.80344009399414],[1.273545265197754,38.80344009399414],[1.183109045028687,39.06184005737305],[1.258725643157959,39.1264533996582],[1.337347388267517,39.1264533996582],[1.651834011077881,39.1264533996582],[1.657540321350098,38.997230529785156]]],[[[8.725872039794922,39.320335388183594],[9.118329048156738,39.449623107910156],[9.355441093444824,39.320335388183594],[9.356317520141602,39.19107437133789],[9.04227066040039,39.1264533996582],[8.96590518951416,38.8680305480957],[8.336196899414062,38.997230529785156],[8.411824226379395,39.25570297241211],[8.333152770996094,39.25570297241211],[8.330102920532227,39.51427459716797],[8.484797477722168,39.77294921875],[8.48337459564209,39.90232849121094],[8.324762344360352,39.9670295715332],[8.400031089782715,40.29063034057617],[8.479111671447754,40.29063034057617],[8.718249320983887,40.0964469909668],[8.725872039794922,39.320335388183594]]]]}},{"type":"Feature","properties":{"name":"(Macedonian Empire)","fromYear":-500,"toYear":-481,"type":"POLITY","areaKm2":28540.30019216433,"wikipedia":"Macedonia (ancient kingdom)","wikidata":"Q83958","seshatId":null,"source":"cliopatria"},"geometry":{"type":"Polygon","coordinates":[[[23.818599700927734,41.39224624633789],[23.813949584960938,41.32738494873047],[23.809314727783203,41.26253128051758],[23.88880157470703,41.26253128051758],[23.884153366088867,41.19768524169922],[23.963613510131836,41.19768524169922],[24.043071746826172,41.19768524169922],[24.03838539123535,41.132843017578125],[23.385225296020508,40.873565673828125],[23.19237518310547,40.355369567871094],[23.11326789855957,40.355369567871094],[22.884185791015625,40.4848747253418],[22.89249038696289,40.614410400390625],[22.654850006103516,40.614410400390625],[22.543659210205078,40.0964469909668],[22.701663970947266,40.0964469909668],[22.69373321533203,39.9670295715332],[22.212478637695312,39.8376350402832],[21.91537094116211,40.16116714477539],[21.92287826538086,40.29063034057617],[21.369312286376953,40.29063034057617],[21.300975799560547,40.4848747253418],[21.142654418945312,40.4848747253418],[21.070571899414062,40.614410400390625],[20.90865135192871,40.54964065551758],[20.774627685546875,41.00318908691406],[20.936967849731445,41.06801223754883],[20.86471939086914,41.19768524169922],[21.106775283813477,41.26253128051758],[21.280813217163086,41.521995544433594],[21.511882781982422,41.39224624633789],[21.830049514770508,41.39224624633789],[21.83799934387207,41.521995544433594],[23.739059448242188,41.39224624633789],[23.818599700927734,41.39224624633789]]]}},{"type":"Feature","properties":{"name":"(Spring and Autumn States)","fromYear":-500,"toYear":-481,"type":"POLITY","areaKm2":898102.909405541,"wikipedia":"Spring and Autumn Period","wikidata":"Q185047","seshatId":null,"source":"cliopatria"},"geometry":{"type":"Polygon","coordinates":[[[116.83740234375,30.69350814819336],[116.1185531616211,30.372163772583008],[116.04265594482422,30.372163772583008],[114.11265563964844,30.500701904296875],[113.95056915283203,30.243623733520508],[113.58361053466797,30.050809860229492],[113.26678466796875,29.536611557006836],[112.90369415283203,29.34377670288086],[111.99589538574219,29.34377670288086],[111.80860900878906,29.472333908081055],[111.29871368408203,29.536611557006836],[110.66183471679688,29.922264099121094],[110.22734069824219,29.986536026000977],[110.4056167602539,30.307893753051758],[109.91582489013672,30.436433792114258],[109.4763412475586,30.950578689575195],[109.48612213134766,31.20764923095703],[109.35553741455078,31.271915435791016],[109.4751968383789,31.40045166015625],[109.3124771118164,31.593257904052734],[109.62882995605469,32.493072509765625],[109.55238342285156,32.493072509765625],[109.81649017333984,33.00732421875],[109.71090698242188,33.13589859008789],[109.78289031982422,33.32876968383789],[110.21489715576172,33.45735549926758],[110.21150970458984,33.65024948120117],[110.49124145507812,33.77885055541992],[110.4889907836914,33.971771240234375],[110.87198638916016,34.164703369140625],[110.89728546142578,34.22901916503906],[110.82032775878906,34.22901916503906],[110.74337005615234,34.22901916503906],[110.35858154296875,34.22901916503906],[109.68960571289062,34.48630142211914],[107.94264221191406,34.55062484741211],[108.45275115966797,35.258358001708984],[108.2981948852539,35.258358001708984],[108.34974670410156,35.38706970214844],[108.16950988769531,35.51579284667969],[108.22152709960938,35.644527435302734],[108.78959655761719,35.708900451660156],[109.65463256835938,36.48161697387695],[112.09423828125,37.254878997802734],[112.17218017578125,37.254878997802734],[112.20132446289062,37.3193473815918],[113.26740264892578,37.7707405090332],[114.10688781738281,38.54513168334961],[114.09173583984375,38.67427444458008],[114.35895538330078,38.738853454589844],[115.4478530883789,39.64360046386719],[115.83116149902344,39.77294921875],[115.8996810913086,39.90232849121094],[116.02315521240234,39.8376350402832],[116.10205078125,39.8376350402832],[116.1364517211914,39.90232849121094],[116.45215606689453,39.90232849121094],[117.5674819946289,40.355369567871094],[119.34424591064453,40.42012023925781],[121.22704315185547,40.93837356567383],[120.64734649658203,40.4848747253418],[120.50029754638672,40.225894927978516],[119.38044738769531,39.77294921875],[119.3191146850586,39.51427459716797],[119.28438568115234,39.449623107910156],[118.98941802978516,39.19107437133789],[118.44984436035156,39.06184005737305],[118.0568618774414,39.06184005737305],[118.04566192626953,39.19107437133789],[117.88837432861328,39.19107437133789],[117.67569732666016,38.93262481689453],[117.62202453613281,38.67427444458008],[117.60245513916016,38.48057174682617],[118.05360412597656,38.28691864013672],[118.06742095947266,38.157840728759766],[118.58300018310547,38.09331130981445],[118.64759826660156,38.22237777709961],[118.80416870117188,38.22237777709961],[118.77176666259766,38.157840728759766],[119.13066101074219,38.09331130981445],[119.20889282226562,38.09331130981445],[119.17657470703125,38.028785705566406],[119.4571304321289,37.96426773071289],[119.3928451538086,37.835243225097656],[119.23655700683594,37.835243225097656],[118.98403930664062,37.3193473815918],[119.13996124267578,37.3193473815918],[119.15568542480469,37.1904182434082],[119.70111083984375,37.1904182434082],[119.82661437988281,37.44829177856445],[120.20220184326172,37.5772590637207],[120.18807220458984,37.706241607666016],[120.75377655029297,37.89975357055664],[121.11202239990234,37.835243225097656],[121.17103576660156,37.641746520996094],[121.48333740234375,37.641746520996094],[121.49687957763672,37.51277160644531],[122.15351867675781,37.5772590637207],[122.1211166381836,37.51277160644531],[122.71288299560547,37.44829177856445],[122.47421264648438,37.12596130371094],[122.56636810302734,36.9970588684082],[122.39389038085938,36.80373764038086],[121.91207885742188,36.932613372802734],[121.21208190917969,36.61045455932617],[120.97892761230469,36.61045455932617],[120.96481323242188,36.417205810546875],[120.80950927734375,36.417205810546875],[120.73184967041016,36.417205810546875],[120.70149230957031,36.3527946472168],[120.65852355957031,36.09519577026367],[120.31848907470703,36.03080368041992],[119.98648071289062,35.644527435302734],[119.61874389648438,35.51579284667969],[119.25574493408203,34.87228775024414],[119.22760772705078,34.80794906616211],[119.30474853515625,34.80794906616211],[119.71125030517578,34.679283142089844],[119.73230743408203,34.55062484741211],[119.98465728759766,34.42197799682617],[120.3418197631836,34.3576545715332],[120.31398010253906,34.2933349609375],[120.48936462402344,34.164703369140625],[120.55045318603516,33.5859489440918],[120.92630004882812,33.20018768310547],[120.91920471191406,32.62162780761719],[121.40264892578125,32.493072509765625],[121.50330352783203,32.171695709228516],[121.78321075439453,32.107421875],[121.98702239990234,31.8503360748291],[121.83556365966797,31.65752601623535],[121.68311309814453,31.65752601623535],[121.58055877685547,31.78606605529785],[120.99542236328125,31.8503360748291],[120.91914367675781,31.8503360748291],[120.76547241210938,32.043148040771484],[120.10491943359375,31.91460609436035],[119.84845733642578,32.23596954345703],[118.8554916381836,32.23596954345703],[118.12464141845703,31.7217960357666],[117.62960815429688,31.20764923095703],[117.020751953125,31.20764923095703],[116.83740234375,30.69350814819336]]]}},{"type":"Feature","properties":{"name":"Janapada of Vajji","fromYear":-500,"toYear":-481,"type":"POLITY","areaKm2":5163.498020195253,"wikipedia":"Vajjika League","wikidata":"Q605199","seshatId":"in_mahajanapada","source":"cliopatria"},"geometry":{"type":"Polygon","coordinates":[[[85.34854888916016,26.70800018310547],[85.39961242675781,26.57941436767578],[85.54975128173828,26.57941436767578],[85.52591705322266,26.450830459594727],[85.67601013183594,26.450830459594727],[85.65238189697266,26.32224464416504],[85.95247650146484,26.32224464416504],[85.97620391845703,26.450830459594727],[86.38768768310547,26.643707275390625],[86.3125991821289,26.643707275390625],[86.34938049316406,26.836584091186523],[86.19914245605469,26.836584091186523],[86.22392272949219,26.96516990661621],[86.07363891601562,26.96516990661621],[86.09862518310547,27.093751907348633],[85.79794311523438,27.093751907348633],[85.59817504882812,26.836584091186523],[85.36064910888672,26.772293090820312],[85.34854888916016,26.70800018310547]]]}},{"type":"Feature","properties":{"name":"Zapotec Civilization","fromYear":-500,"toYear":-292,"type":"POLITY","areaKm2":6447.078460848409,"wikipedia":"Zapotec civilization","wikidata":"Q844750","seshatId":"mx_monte_alban_1_early","source":"cliopatria"},"geometry":{"type":"Polygon","coordinates":[[[-97.17969512939453,17.129026412963867],[-96.89558410644531,16.743297576904297],[-96.5374526977539,16.807586669921875],[-96.55825805664062,16.9361629486084],[-96.26338958740234,16.9361629486084],[-96.30536651611328,17.193313598632812],[-96.8644027709961,17.450464248657227],[-96.90778350830078,17.707616806030273],[-96.9598159790039,17.57904052734375],[-97.41349029541016,17.643327713012695],[-97.23329162597656,17.450464248657227],[-97.37004089355469,17.38617706298828],[-97.3485336303711,17.257600784301758],[-97.19033813476562,17.193313598632812],[-97.17969512939453,17.129026412963867]]]}},{"type":"Feature","properties":{"name":"Roman Kingdom","fromYear":-500,"toYear":-481,"type":"POLITY","areaKm2":858.8106751773288,"wikipedia":"Roman Kingdom","wikidata":"Q201038","seshatId":null,"source":"cliopatria"},"geometry":{"type":"Polygon","coordinates":[[[12.130502700805664,41.911441802978516],[12.448186874389648,41.781593322753906],[12.451669692993164,42.10627746582031],[11.972548484802246,42.10627746582031],[12.131085395812988,41.97637939453125],[12.130502700805664,41.911441802978516]]]}},{"type":"Feature","properties":{"name":"Magadha - Haryanka dynasty","fromYear":-500,"toYear":-481,"type":"POLITY","areaKm2":33402.99446428189,"wikipedia":"Haryanka dynasty","wikidata":"Q12459974","seshatId":"in_mahajanapada","source":"cliopatria"},"geometry":{"type":"Polygon","coordinates":[[[87.10781860351562,25.229267120361328],[86.564208984375,25.55072784423828],[85.42174530029297,25.8721923828125],[84.89714813232422,25.8721923828125],[84.70298767089844,25.615020751953125],[84.5531997680664,25.615020751953125],[84.5099868774414,25.357851028442383],[84.6596908569336,25.357851028442383],[84.63841247558594,25.229267120361328],[84.78807067871094,25.229267120361328],[84.83133697509766,25.03639030456543],[85.96560668945312,24.650644302368164],[85.94523620605469,24.522062301635742],[86.2542953491211,24.586353302001953],[86.38336944580078,24.457773208618164],[86.89612579345703,24.393482208251953],[87.08991241455078,24.200613021850586],[87.3885726928711,24.200613021850586],[87.7280502319336,24.457773208618164],[87.769775390625,24.714935302734375],[87.53491973876953,25.100683212280273],[87.18264770507812,25.229267120361328],[87.10781860351562,25.229267120361328]]]}},{"type":"Feature","properties":{"name":"Macedonian Empire","fromYear":-500,"toYear":-481,"type":"POLITY","areaKm2":28540.30019216433,"wikipedia":"Macedonia (ancient kingdom)","wikidata":"Q83958","seshatId":null,"source":"cliopatria"},"geometry":{"type":"Polygon","coordinates":[[[23.818599700927734,41.39224624633789],[23.813949584960938,41.32738494873047],[23.809314727783203,41.26253128051758],[23.88880157470703,41.26253128051758],[23.884153366088867,41.19768524169922],[23.963613510131836,41.19768524169922],[24.043071746826172,41.19768524169922],[24.03838539123535,41.132843017578125],[23.385225296020508,40.873565673828125],[23.19237518310547,40.355369567871094],[23.11326789855957,40.355369567871094],[22.884185791015625,40.4848747253418],[22.89249038696289,40.614410400390625],[22.654850006103516,40.614410400390625],[22.543659210205078,40.0964469909668],[22.701663970947266,40.0964469909668],[22.69373321533203,39.9670295715332],[22.212478637695312,39.8376350402832],[21.91537094116211,40.16116714477539],[21.92287826538086,40.29063034057617],[21.369312286376953,40.29063034057617],[21.300975799560547,40.4848747253418],[21.142654418945312,40.4848747253418],[21.070571899414062,40.614410400390625],[20.90865135192871,40.54964065551758],[20.774627685546875,41.00318908691406],[20.936967849731445,41.06801223754883],[20.86471939086914,41.19768524169922],[21.106775283813477,41.26253128051758],[21.280813217163086,41.521995544433594],[21.511882781982422,41.39224624633789],[21.830049514770508,41.39224624633789],[21.83799934387207,41.521995544433594],[23.739059448242188,41.39224624633789],[23.818599700927734,41.39224624633789]]]}},{"type":"Feature","properties":{"name":"(Mahajanapadas)","fromYear":-500,"toYear":-481,"type":"POLITY","areaKm2":93617.27607218931,"wikipedia":"Mahajanapadas","wikidata":"Q846025","seshatId":"in_mahajanapada","source":"cliopatria"},"geometry":{"type":"MultiPolygon","coordinates":[[[[78.16002655029297,20.214815139770508],[78.45650482177734,20.214815139770508],[78.44147491455078,20.08624267578125],[78.796875,19.95766830444336],[78.69257354736328,19.700523376464844],[78.54446411132812,19.700523376464844],[78.52938842773438,19.571949005126953],[78.37378692626953,19.507661819458008],[77.92961120605469,19.507661819458008],[77.95203399658203,19.700523376464844],[77.8039321899414,19.700523376464844],[77.82630157470703,19.893383026123047],[77.83375549316406,19.95766830444336],[78.14506530761719,20.08624267578125],[78.16002655029297,20.214815139770508]]],[[[75.94802856445312,23.493436813354492],[76.23004913330078,23.36486053466797],[76.19803619384766,23.107707977294922],[75.88428497314453,22.97913360595703],[75.8686752319336,22.85055923461914],[75.57080841064453,22.85055923461914],[75.45301055908203,23.107707977294922],[75.30400085449219,23.107707977294922],[75.41011047363281,23.36486053466797],[75.48464965820312,23.36486053466797],[75.66600036621094,23.622013092041016],[75.96430969238281,23.622013092041016],[75.94802856445312,23.493436813354492]]],[[[81.7404556274414,25.357851028442383],[81.72002410888672,25.229267120361328],[81.58052825927734,25.29355812072754],[81.56025695800781,25.164974212646484],[81.26097869873047,25.164974212646484],[81.15185546875,25.422143936157227],[81.00212860107422,25.422143936157227],[81.11839294433594,25.67931365966797],[81.19329833984375,25.67931365966797],[81.2143783569336,25.807899475097656],[81.5354995727539,25.936485290527344],[81.6104507446289,25.936485290527344],[81.62125396728516,26.000778198242188],[81.69621276855469,26.000778198242188],[81.77117919921875,26.000778198242188],[81.79300689697266,26.129364013671875],[82.09295654296875,26.129364013671875],[82.07103729248047,26.000778198242188],[82.34912872314453,25.8721923828125],[82.3062973022461,25.615020751953125],[82.15650939941406,25.615020751953125],[82.13549041748047,25.48643684387207],[81.8901596069336,25.357851028442383],[81.8153076171875,25.357851028442383],[81.7404556274414,25.357851028442383]]],[[[77.6315689086914,27.6723690032959],[77.9327163696289,27.6723690032959],[77.90946960449219,27.54378890991211],[78.18738555908203,27.41520881652832],[78.14181518554688,27.158044815063477],[77.99144744873047,27.158044815063477],[77.96905517578125,27.029460906982422],[77.81874084472656,27.029460906982422],[77.79662322998047,26.900876998901367],[77.63541412353516,26.836584091186523],[77.49609375,26.900876998901367],[77.51811218261719,27.029460906982422],[77.3677978515625,27.029460906982422],[77.38998413085938,27.158044815063477],[77.23961639404297,27.158044815063477],[77.27324676513672,27.35091781616211],[77.2845687866211,27.41520881652832],[77.60842895507812,27.54378890991211],[77.6315689086914,27.6723690032959]]],[[[76.38616943359375,27.865236282348633],[76.35169982910156,27.6723690032959],[76.63004302978516,27.54378890991211],[76.5851058959961,27.2866268157959],[76.26223754882812,27.158044815063477],[76.24042510986328,27.029460906982422],[75.9397964477539,27.029460906982422],[75.83302307128906,27.2866268157959],[75.68260192871094,27.2866268157959],[75.71575927734375,27.4794979095459],[75.72692108154297,27.54378890991211],[75.87744140625,27.54378890991211],[76.16018676757812,27.865236282348633],[76.38616943359375,27.865236282348633]]],[[[79.2716293334961,28.379535675048828],[79.5483169555664,28.25096321105957],[79.4989013671875,27.993812561035156],[79.17323303222656,27.865236282348633],[79.14922332763672,27.736658096313477],[78.8480224609375,27.736658096313477],[78.87193298339844,27.865236282348633],[78.72128295898438,27.865236282348633],[78.74536895751953,27.993812561035156],[78.59465789794922,27.993812561035156],[78.71883392333984,28.25096321105957],[78.79423522949219,28.25096321105957],[78.99496459960938,28.508106231689453],[79.29681396484375,28.508106231689453],[79.2716293334961,28.379535675048828]]],[[[77.5104751586914,29.022375106811523],[77.48507690429688,28.893810272216797],[77.63616943359375,28.893810272216797],[77.6109390258789,28.765243530273438],[77.76197814941406,28.765243530273438],[77.71208953857422,28.508106231689453],[77.56116485595703,28.508106231689453],[77.36149597167969,28.25096321105957],[77.05986785888672,28.25096321105957],[77.08401489257812,28.379535675048828],[76.93314361572266,28.379535675048828],[76.95746612548828,28.508106231689453],[76.80653381347656,28.508106231689453],[76.85574340820312,28.765243530273438],[76.93126678466797,28.765243530273438],[77.29649353027344,29.08665657043457],[77.5104751586914,29.022375106811523]]],[[[87.7280502319336,24.457773208618164],[87.3885726928711,24.200613021850586],[87.08991241455078,24.200613021850586],[86.89612579345703,24.393482208251953],[86.38336944580078,24.457773208618164],[86.2542953491211,24.586353302001953],[85.94523620605469,24.522062301635742],[85.96560668945312,24.650644302368164],[84.83133697509766,25.03639030456543],[84.78807067871094,25.229267120361328],[84.63841247558594,25.229267120361328],[84.6596908569336,25.357851028442383],[84.5099868774414,25.357851028442383],[84.5531997680664,25.615020751953125],[84.70298767089844,25.615020751953125],[84.89714813232422,25.8721923828125],[85.42174530029297,25.8721923828125],[86.564208984375,25.55072784423828],[87.10781860351562,25.229267120361328],[87.18264770507812,25.229267120361328],[87.53491973876953,25.100683212280273],[87.769775390625,24.714935302734375],[87.7280502319336,24.457773208618164]]],[[[83.00186920166016,25.743606567382812],[83.27995300292969,25.615020751953125],[83.23750305175781,25.357851028442383],[82.91731262207031,25.229267120361328],[82.89676666259766,25.100683212280273],[82.5975341796875,25.100683212280273],[82.48897552490234,25.357851028442383],[82.33927154541016,25.357851028442383],[82.45609283447266,25.615020751953125],[82.53099060058594,25.615020751953125],[82.72383880615234,25.8721923828125],[83.02360534667969,25.8721923828125],[83.00186920166016,25.743606567382812]]],[[[84.03264617919922,26.900876998901367],[84.06902313232422,27.093751907348633],[84.35746765136719,27.029460906982422],[84.33318328857422,26.900876998901367],[84.60957336425781,26.772293090820312],[84.5620346069336,26.515121459960938],[84.41191101074219,26.515121459960938],[84.37698364257812,26.32224464416504],[84.2040023803711,26.19365882873535],[83.91539001464844,26.257951736450195],[83.81143951416016,26.515121459960938],[83.66132354736328,26.515121459960938],[83.68467712402344,26.643707275390625],[83.69644165039062,26.70800018310547],[83.85848999023438,26.772293090820312],[83.88238525390625,26.900876998901367],[84.03264617919922,26.900876998901367]]],[[[86.09862518310547,27.093751907348633],[86.07363891601562,26.96516990661621],[86.22392272949219,26.96516990661621],[86.19914245605469,26.836584091186523],[86.34938049316406,26.836584091186523],[86.3125991821289,26.643707275390625],[86.38768768310547,26.643707275390625],[85.97620391845703,26.450830459594727],[85.95247650146484,26.32224464416504],[85.65238189697266,26.32224464416504],[85.67601013183594,26.450830459594727],[85.52591705322266,26.450830459594727],[85.54975128173828,26.57941436767578],[85.39961242675781,26.57941436767578],[85.34854888916016,26.70800018310547],[85.36064910888672,26.772293090820312],[85.59817504882812,26.836584091186523],[85.79794311523438,27.093751907348633],[86.09862518310547,27.093751907348633]]],[[[82.02433013916016,27.41520881652832],[82.30094909667969,27.2866268157959],[82.2530517578125,27.029460906982422],[81.9289321899414,26.900876998901367],[81.90567779541016,26.772293090820312],[81.6052474975586,26.772293090820312],[81.50147247314453,27.029460906982422],[81.35115814208984,27.029460906982422],[81.4736557006836,27.2866268157959],[81.54886627197266,27.2866268157959],[81.74773406982422,27.54378890991211],[82.04877471923828,27.54378890991211],[82.02433013916016,27.41520881652832]]]]}},{"type":"Feature","properties":{"name":"Achaemenid Empire","fromYear":-500,"toYear":-481,"type":"POLITY","areaKm2":5552559.804357906,"wikipedia":"Achaemenid Empire","wikidata":"Q389688","seshatId":"ir_achaemenid_emp","source":"cliopatria"},"geometry":{"type":"MultiPolygon","coordinates":[[[[62.54356384277344,43.276947021484375],[62.485321044921875,43.08163070678711],[64.0132064819336,42.56119155883789],[65.3012466430664,41.26253128051758],[65.26319885253906,41.132843017578125],[65.46353149414062,41.00318908691406],[65.42581176757812,40.873565673828125],[65.8869400024414,40.54964065551758],[66.14328002929688,40.614410400390625],[66.10579681396484,40.4848747253418],[66.34327697753906,40.4848747253418],[66.6977767944336,40.614410400390625],[66.73590087890625,40.74397277832031],[67.44931030273438,40.74397277832031],[68.32108306884766,41.00318908691406],[68.36102294921875,41.132843017578125],[68.85784149169922,41.19768524169922],[68.87671661376953,41.00318908691406],[69.13390350341797,40.80876541137695],[69.13361358642578,40.54964065551758],[69.31183624267578,40.614410400390625],[69.272216796875,40.4848747253418],[69.43053436279297,40.4848747253418],[69.6485595703125,40.16116714477539],[70.14247131347656,40.225894927978516],[70.02406311035156,40.0964469909668],[70.32135009765625,39.77294921875],[70.47909545898438,39.77294921875],[70.63834381103516,39.51427459716797],[71.52542114257812,39.320335388183594],[71.88224792480469,38.93262481689453],[72.05844116210938,38.997230529785156],[72.00135040283203,38.80344009399414],[72.07984924316406,38.80344009399414],[72.0829849243164,38.54513168334961],[72.28495788574219,38.157840728759766],[72.32733917236328,37.1904182434082],[72.4052505493164,37.1904182434082],[72.37012481689453,37.06150817871094],[72.52587127685547,37.06150817871094],[72.39566040039062,36.8681755065918],[72.55127716064453,36.8681755065918],[72.40437316894531,36.61045455932617],[72.65644836425781,36.09519577026367],[72.6061019897461,35.902034759521484],[72.8218002319336,35.837650299072266],[72.69445037841797,35.644527435302734],[72.9050521850586,35.258358001708984],[72.89779663085938,34.614952087402344],[72.75731658935547,34.3576545715332],[72.37146759033203,34.03607940673828],[72.04850769042969,33.971771240234375],[72.00270080566406,33.77885055541992],[71.84906005859375,33.77885055541992],[71.69709014892578,33.45735549926758],[71.52877807617188,33.393062591552734],[71.49921417236328,33.26447677612305],[71.62310028076172,33.13589859008789],[71.5502700805664,32.81447219848633],[71.21543884277344,32.685909271240234],[71.1446304321289,32.36451721191406],[70.9778060913086,32.30024337768555],[70.8322982788086,31.978878021240234],[70.77787780761719,31.7217960357666],[70.85411834716797,31.7217960357666],[70.61933898925781,30.950578689575195],[70.8846664428711,30.372163772583008],[70.81372833251953,29.600887298583984],[70.7025375366211,29.40805435180664],[69.54186248779297,27.92952537536621],[69.14458465576172,27.800947189331055],[69.12420654296875,27.6723690032959],[68.73772430419922,27.608078002929688],[68.43358612060547,27.093751907348633],[68.28324890136719,27.093751907348633],[68.0857925415039,26.772293090820312],[68.10588836669922,26.386537551879883],[68.634765625,25.8721923828125],[68.6087875366211,25.67931365966797],[68.68370056152344,25.67931365966797],[68.41851806640625,24.779226303100586],[67.87886810302734,24.00774574279785],[67.93157196044922,23.814878463745117],[67.63314819335938,23.814878463745117],[67.49114990234375,23.879167556762695],[67.43836975097656,24.07203483581543],[67.28907775878906,24.07203483581543],[67.32612609863281,24.393482208251953],[67.25143432617188,24.393482208251953],[67.2146987915039,24.714935302734375],[66.63204956054688,24.843517303466797],[66.67909240722656,25.229267120361328],[66.34514617919922,25.55072784423828],[66.02147674560547,25.357851028442383],[64.8160629272461,25.29355812072754],[64.80064392089844,25.164974212646484],[64.2845230102539,25.229267120361328],[64.22502136230469,25.357851028442383],[63.62620544433594,25.357851028442383],[63.536216735839844,25.229267120361328],[62.563419342041016,25.229267120361328],[62.47393035888672,25.100683212280273],[62.18195724487305,25.164974212646484],[62.01787185668945,25.03639030456543],[61.71868133544922,25.03639030456543],[61.65822219848633,25.164974212646484],[61.12736892700195,25.100683212280273],[60.91714859008789,25.229267120361328],[60.617828369140625,25.229267120361328],[60.63211441040039,25.357851028442383],[59.060218811035156,25.357851028442383],[58.78172302246094,25.55072784423828],[57.957984924316406,25.55072784423828],[57.7402229309082,25.615020751953125],[57.67921447753906,25.743606567382812],[57.37953567504883,25.743606567382812],[57.11480712890625,26.06507110595703],[57.05242156982422,26.836584091186523],[56.714656829833984,27.158044815063477],[56.188377380371094,27.158044815063477],[56.098140716552734,27.029460906982422],[56.32361602783203,27.029460906982422],[56.30864334106445,26.900876998901367],[56.06119155883789,26.70800018310547],[55.60341262817383,26.643707275390625],[55.439002990722656,26.515121459960938],[55.28888702392578,26.515121459960938],[55.31023025512695,26.70800018310547],[55.542747497558594,26.772293090820312],[55.242313385009766,26.772293090820312],[54.83156204223633,26.450830459594727],[54.463233947753906,26.515121459960938],[54.25889205932617,26.70800018310547],[53.65812301635742,26.70800018310547],[53.46059036254883,26.96516990661621],[52.736968994140625,27.222335815429688],[52.478694915771484,27.608078002929688],[52.04855728149414,27.800947189331055],[51.5966796875,27.800947189331055],[51.31684494018555,27.993812561035156],[51.331298828125,28.12238883972168],[51.06624984741211,28.44382095336914],[51.028076171875,28.765243530273438],[50.80903244018555,28.829526901245117],[50.9150390625,29.08665657043457],[50.620323181152344,29.150936126708984],[50.65126037597656,29.40805435180664],[50.23628234863281,29.729440689086914],[50.0648078918457,30.179353713989258],[49.585899353027344,29.986536026000977],[48.942848205566406,30.307893753051758],[48.987266540527344,30.050809860229492],[48.36544418334961,29.922264099121094],[48.40353012084961,29.600887298583984],[48.09330749511719,29.536611557006836],[47.646427154541016,29.600887298583984],[47.28971481323242,29.79371452331543],[46.97944259643555,29.729440689086914],[46.99397659301758,29.857990264892578],[46.84971618652344,29.922264099121094],[46.61511993408203,29.857990264892578],[46.590572357177734,30.307893753051758],[45.77046203613281,30.436433792114258],[44.95460891723633,31.271915435791016],[44.5814208984375,31.336183547973633],[44.459014892578125,31.593257904052734],[43.152584075927734,32.81447219848633],[42.708534240722656,32.94303894042969],[42.578269958496094,33.13589859008789],[42.064544677734375,33.32876968383789],[42.003082275390625,33.45735549926758],[41.48860549926758,33.65024948120117],[41.426979064941406,33.77885055541992],[41.27333068847656,33.77885055541992],[41.211639404296875,33.90746307373047],[40.91171646118164,33.971771240234375],[40.70359802246094,34.164703369140625],[40.31147003173828,34.10039138793945],[40.403316497802734,34.22901916503906],[40.25685501098633,34.2933349609375],[39.12379455566406,34.48630142211914],[37.990238189697266,33.971771240234375],[37.73945236206055,33.77885055541992],[37.72612380981445,33.65024948120117],[37.57255172729492,33.65024948120117],[37.0732307434082,33.26447677612305],[37.054195404052734,33.07160949707031],[36.90095901489258,33.07160949707031],[36.716766357421875,32.75019073486328],[36.750667572021484,32.30024337768555],[36.5155143737793,32.23596954345703],[36.66231155395508,32.171695709228516],[36.38663864135742,31.65752601623535],[36.423099517822266,31.20764923095703],[36.2708854675293,31.20764923095703],[36.40085220336914,30.950578689575195],[36.069698333740234,30.629240036010742],[35.850608825683594,29.79371452331543],[35.77485275268555,29.79371452331543],[35.80632781982422,29.21521759033203],[35.42822265625,29.21521759033203],[34.83723831176758,29.40805435180664],[34.71140670776367,28.700960159301758],[34.54724884033203,28.508106231689453],[34.517303466796875,28.058101654052734],[34.35825729370117,27.92952537536621],[34.345943450927734,27.736658096313477],[33.90217590332031,27.865236282348633],[33.553810119628906,28.315250396728516],[33.40296936035156,28.315250396728516],[33.18891525268555,28.508106231689453],[33.14677429199219,29.022375106811523],[32.857112884521484,29.21521759033203],[32.58876037597656,29.729440689086914],[32.60188293457031,29.922264099121094],[32.44160079956055,29.79371452331543],[32.68916320800781,28.958093643188477],[32.83612823486328,28.893810272216797],[33.10531997680664,28.379535675048828],[33.60887145996094,27.993812561035156],[33.585105895996094,27.608078002929688],[33.7991943359375,27.41520881652832],[33.92659378051758,27.029460906982422],[34.07311248779297,26.96516990661621],[34.05074691772461,26.57941436767578],[34.197208404541016,26.515121459960938],[34.461280822753906,25.8721923828125],[34.60763931274414,25.807899475097656],[35.145530700683594,24.650644302368164],[35.78893280029297,24.07203483581543],[35.708003997802734,23.943456649780273],[35.558753967285156,23.943456649780273],[35.55257034301758,23.814878463745117],[35.10795974731445,23.879167556762695],[33.75636291503906,23.68630027770996],[33.6817741394043,23.68630027770996],[33.38899612426758,23.814878463745117],[32.040863037109375,23.68630027770996],[31.670488357543945,23.75058937072754],[30.537214279174805,23.36486053466797],[30.462675094604492,23.36486053466797],[30.39519500732422,23.557723999023438],[30.10396385192871,23.75058937072754],[30.10871124267578,23.879167556762695],[29.95948028564453,23.879167556762695],[29.672801971435547,24.200613021850586],[28.421659469604492,24.714935302734375],[28.288646697998047,25.164974212646484],[28.143808364868164,25.29355812072754],[28.151123046875,25.48643684387207],[27.731687545776367,26.257951736450195],[27.58422088623047,26.32224464416504],[27.449689865112305,26.70800018310547],[27.30211067199707,26.772293090820312],[27.237552642822266,27.029460906982422],[26.73253631591797,27.54378890991211],[26.582015991210938,27.54378890991211],[26.66266441345215,27.6723690032959],[26.08164405822754,28.186676025390625],[25.871749877929688,28.572391510009766],[25.289506912231445,29.08665657043457],[25.295034408569336,29.21521759033203],[25.07642936706543,29.40805435180664],[24.922361373901367,29.34377670288086],[24.93060874938965,29.536611557006836],[24.341167449951172,29.922264099121094],[23.075429916381836,30.500701904296875],[22.164297103881836,30.500701904296875],[21.033994674682617,30.757776260375977],[20.962331771850586,30.886310577392578],[20.58220863342285,30.886310577392578],[19.95670509338379,30.307893753051758],[19.651369094848633,30.243623733520508],[19.571928024291992,30.115081787109375],[18.73456573486328,29.986536026000977],[18.894386291503906,30.307893753051758],[19.27204704284668,30.243623733520508],[19.655010223388672,30.372163772583008],[19.964311599731445,30.564971923828125],[19.968164443969727,30.69350814819336],[20.202085494995117,30.886310577392578],[20.13410186767578,31.143381118774414],[20.214296340942383,31.271915435791016],[19.996076583862305,31.593257904052734],[20.089075088500977,32.107421875],[20.016965866088867,32.23596954345703],[20.246112823486328,32.23596954345703],[20.33134651184082,32.493072509765625],[20.481992721557617,32.428794860839844],[20.562992095947266,32.557350158691406],[20.71593475341797,32.557350158691406],[20.644094467163086,32.685909271240234],[20.87124252319336,32.62162780761719],[21.108016967773438,32.81447219848633],[21.41167449951172,32.75019073486328],[21.87872886657715,32.94303894042969],[23.089431762695312,32.62162780761719],[23.080799102783203,32.428794860839844],[23.230775833129883,32.36451721191406],[23.148635864257812,32.23596954345703],[23.29851722717285,32.171695709228516],[23.680339813232422,32.171695709228516],[24.129365921020508,31.978878021240234],[24.892484664916992,31.978878021240234],[25.11168098449707,31.78606605529785],[25.102048873901367,31.593257904052734],[25.248035430908203,31.464719772338867],[26.847702026367188,31.464719772338867],[27.297456741333008,31.336183547973633],[27.514896392822266,31.143381118774414],[28.496395111083984,31.014846801757812],[28.865032196044922,30.822044372558594],[29.3970890045166,30.822044372558594],[29.485143661499023,31.014846801757812],[29.633193969726562,30.950578689575195],[29.86956024169922,31.079113006591797],[29.8017635345459,31.20764923095703],[29.882049560546875,31.271915435791016],[30.33879280090332,31.271915435791016],[30.271244049072266,31.40045166015625],[30.351730346679688,31.464719772338867],[30.80877685546875,31.464719772338867],[30.965608596801758,31.528987884521484],[30.974620819091797,31.65752601623535],[31.203296661376953,31.65752601623535],[31.117990493774414,31.528987884521484],[31.265825271606445,31.464719772338867],[31.875221252441406,31.464719772338867],[31.780553817749023,31.20764923095703],[31.93739891052246,31.271915435791016],[31.999635696411133,31.079113006591797],[32.303932189941406,31.079113006591797],[32.23719787597656,31.20764923095703],[32.38941192626953,31.20764923095703],[32.53215408325195,31.079113006591797],[32.76515197753906,31.143381118774414],[32.8316764831543,31.014846801757812],[33.98260498046875,31.143381118774414],[34.2972412109375,31.271915435791016],[34.30759811401367,31.40045166015625],[34.546607971191406,31.528987884521484],[34.6388053894043,31.7217960357666],[34.57329559326172,31.8503360748291],[34.81304168701172,31.978878021240234],[34.76983642578125,32.36451721191406],[35.021759033203125,32.62162780761719],[35.05632781982422,33.00732421875],[35.21538543701172,33.07160949707031],[35.39840316772461,33.393062591552734],[35.34577560424805,33.65024948120117],[35.49934768676758,33.65024948120117],[35.4470100402832,33.90746307373047],[35.68381118774414,33.971771240234375],[35.64447784423828,34.3576545715332],[35.79212951660156,34.2933349609375],[36.048770904541016,34.55062484741211],[36.0682373046875,34.743614196777344],[35.92698669433594,34.87228775024414],[35.959747314453125,35.194007873535156],[35.88248825073242,35.194007873535156],[35.99294662475586,35.51579284667969],[35.84488296508789,35.58015823364258],[35.990074157714844,36.2239875793457],[35.84174346923828,36.28839111328125],[36.26490020751953,36.61045455932617],[36.28622817993164,36.80373764038086],[36.144901275634766,36.932613372802734],[35.833587646484375,36.932613372802734],[35.487709045410156,36.61045455932617],[35.332271575927734,36.61045455932617],[35.11265563964844,36.73930740356445],[34.95038986206055,36.67487716674805],[34.892860412597656,36.8681755065918],[34.581634521484375,36.8681755065918],[34.2507209777832,36.67487716674805],[33.97906494140625,36.28839111328125],[32.558349609375,36.03080368041992],[32.498512268066406,36.2239875793457],[32.06806182861328,36.61045455932617],[31.391563415527344,36.8681755065918],[30.619068145751953,36.932613372802734],[30.49193572998047,36.3527946472168],[30.02613639831543,36.3527946472168],[29.938032150268555,36.2239875793457],[29.239721298217773,36.2239875793457],[29.124916076660156,36.73930740356445],[28.357105255126953,36.8681755065918],[28.186922073364258,36.67487716674805],[28.03143882751465,36.67487716674805],[28.138330459594727,37.06150817871094],[28.065349578857422,37.12596130371094],[27.597978591918945,37.12596130371094],[27.53919219970703,37.38381576538086],[27.22254180908203,37.3193473815918],[27.309988021850586,37.44829177856445],[27.16343116760254,37.5772590637207],[27.2558650970459,37.7707405090332],[27.177743911743164,37.7707405090332],[27.27528190612793,38.028785705566406],[26.888994216918945,38.09331130981445],[26.820327758789062,38.22237777709961],[26.42890739440918,38.22237777709961],[26.38368797302246,38.67427444458008],[26.535762786865234,38.60969924926758],[26.594974517822266,38.351463317871094],[27.06496238708496,38.351463317871094],[27.079774856567383,38.54513168334961],[26.849470138549805,38.60969924926758],[26.95786476135254,38.997230529785156],[26.879291534423828,38.997230529785156],[26.894468307495117,39.19107437133789],[26.742225646972656,39.25570297241211],[26.84657859802246,39.57893371582031],[26.132457733154297,39.51427459716797],[26.251623153686523,40.031734466552734],[26.25676918029785,40.0964469909668],[26.673099517822266,40.355369567871094],[26.752206802368164,40.355369567871094],[27.46982192993164,40.42012023925781],[27.537628173828125,40.29063034057617],[27.695789337158203,40.29063034057617],[27.792133331298828,40.4848747253418],[27.950454711914062,40.4848747253418],[27.938817977905273,40.355369567871094],[29.046321868896484,40.355369567871094],[28.900379180908203,40.4848747253418],[28.91274642944336,40.614410400390625],[29.480079650878906,40.74397277832031],[29.493009567260742,40.873565673828125],[29.24864959716797,40.80876541137695],[29.366811752319336,41.19768524169922],[30.47923469543457,41.19768524169922],[30.62422752380371,41.06801223754883],[31.1800537109375,41.06801223754883],[31.353282928466797,41.19768524169922],[31.591657638549805,41.19768524169922],[31.7006893157959,41.45711898803711],[32.02653121948242,41.521995544433594],[32.04172897338867,41.65177917480469],[32.1933708190918,41.586883544921875],[32.694705963134766,41.781593322753906],[32.630775451660156,41.911441802978516],[32.862091064453125,41.84651184082031],[33.27706527709961,41.97637939453125],[34.944034576416016,41.911441802978516],[35.30754852294922,41.65177917480469],[35.953800201416016,41.71668243408203],[36.09504318237305,41.586883544921875],[36.138648986816406,41.32738494873047],[36.447662353515625,41.26253128051758],[36.52714920043945,41.26253128051758],[36.509090423583984,41.132843017578125],[37.35506820678711,40.93837356567383],[37.8731689453125,40.6791877746582],[38.824058532714844,40.6791877746582],[39.00190353393555,40.80876541137695],[39.39837646484375,40.80876541137695],[39.6164665222168,40.6791877746582],[40.40887451171875,40.6791877746582],[40.57756042480469,40.74397277832031],[40.59807205200195,40.873565673828125],[40.4599723815918,41.00318908691406],[40.53934860229492,41.00318908691406],[41.04725646972656,41.19768524169922],[41.15876007080078,41.39224624633789],[41.307071685791016,41.32738494873047],[41.40821838378906,41.45711898803711],[41.567359924316406,41.45711898803711],[41.60022735595703,41.65177917480469],[41.7817268371582,41.781593322753906],[41.72427749633789,41.911441802978516],[42.12311553955078,41.911441802978516],[42.419410705566406,41.781593322753906],[42.76125717163086,41.911441802978516],[43.228172302246094,41.84651184082031],[43.66246795654297,42.041324615478516],[43.718467712402344,41.911441802978516],[43.94582748413086,41.84651184082031],[43.818763732910156,41.586883544921875],[44.034027099609375,41.45711898803711],[44.04346466064453,41.06801223754883],[44.24687576293945,40.873565673828125],[44.405521392822266,40.873565673828125],[44.45015335083008,40.6791877746582],[44.92559814453125,40.6791877746582],[44.89079284667969,40.4848747253418],[45.0145263671875,40.29063034057617],[45.398353576660156,40.225894927978516],[45.52184295654297,40.031734466552734],[45.826194763183594,39.9670295715332],[46.16320037841797,39.64360046386719],[46.87260055541992,39.64360046386719],[46.8493537902832,39.51427459716797],[47.085670471191406,39.51427459716797],[47.109066009521484,39.64360046386719],[47.491329193115234,39.57893371582031],[47.75161361694336,39.70827102661133],[48.38239288330078,39.70827102661133],[49.378963470458984,39.9670295715332],[49.151405334472656,39.19107437133789],[48.91546630859375,39.19107437133789],[48.801002502441406,38.997230529785156],[48.76274490356445,38.351463317871094],[48.8410758972168,38.351463317871094],[48.88429260253906,37.706241607666016],[49.08510208129883,37.51277160644531],[49.998783111572266,37.38381576538086],[50.320892333984375,36.9970588684082],[50.56571960449219,37.06150817871094],[50.632293701171875,36.9970588684082],[50.53199768066406,36.8681755065918],[50.82074737548828,36.73930740356445],[51.6419677734375,36.5460319519043],[52.18585205078125,36.5460319519043],[53.08772277832031,36.80373764038086],[54.033294677734375,36.8681755065918],[54.09466552734375,37.1904182434082],[53.91046905517578,37.44829177856445],[53.90790557861328,37.835243225097656],[53.82976150512695,37.835243225097656],[53.97331619262695,38.93262481689453],[55.092010498046875,39.38497543334961],[56.40218734741211,40.29063034057617],[57.06568145751953,41.06801223754883],[58.304832458496094,42.17123794555664],[58.675716400146484,42.95146560668945],[58.50642395019531,43.211830139160156],[58.54237747192383,43.342071533203125],[58.3995246887207,43.407203674316406],[58.43559646606445,43.53750228881836],[58.71351623535156,43.6678352355957],[59.1235237121582,43.407203674316406],[60.93124008178711,43.53750228881836],[61.295509338378906,43.407203674316406],[61.375953674316406,43.407203674316406],[62.04198455810547,43.211830139160156],[62.54356384277344,43.276947021484375]]],[[[34.5294189453125,35.58015823364258],[33.95713424682617,35.258358001708984],[34.08732223510742,35.00096893310547],[33.69539260864258,34.93662643432617],[33.523399353027344,34.743614196777344],[33.1320686340332,34.679283142089844],[33.04356002807617,34.55062484741211],[32.36665725708008,34.743614196777344],[32.229042053222656,34.93662643432617],[32.24578857421875,35.12965774536133],[32.55473709106445,35.12965774536133],[32.875247955322266,35.258358001708984],[32.886871337890625,35.38706970214844],[33.73737716674805,35.38706970214844],[34.309810638427734,35.708900451660156],[34.38723373413086,35.708900451660156],[34.542076110839844,35.708900451660156],[34.5294189453125,35.58015823364258]]],[[[28.139331817626953,36.03080368041992],[27.742563247680664,35.902034759521484],[27.692523956298828,36.28839111328125],[28.01713752746582,36.48161697387695],[28.09481430053711,36.48161697387695],[28.250165939331055,36.48161697387695],[28.139331817626953,36.03080368041992]]],[[[26.865324020385742,36.67487716674805],[27.038949966430664,36.932613372802734],[27.116777420043945,36.932613372802734],[27.18541717529297,36.80373764038086],[26.865324020385742,36.67487716674805]]],[[[26.111188888549805,38.157840728759766],[25.876405715942383,38.157840728759766],[25.89913558959961,38.48057174682617],[25.820756912231445,38.48057174682617],[25.912982940673828,38.67427444458008],[25.99143409729004,38.67427444458008],[26.217344284057617,38.54513168334961],[26.111188888549805,38.157840728759766]]],[[[26.643573760986328,38.997230529785156],[26.24588966369629,38.93262481689453],[26.09356689453125,38.997230529785156],[26.103172302246094,39.1264533996582],[25.793418884277344,39.19107437133789],[26.043895721435547,39.38497543334961],[26.122615814208984,39.38497543334961],[26.511207580566406,39.320335388183594],[26.643573760986328,38.997230529785156]]],[[[40.4599723815918,41.00318908691406],[40.38059616088867,41.00318908691406],[40.390892028808594,41.06801223754883],[40.47029495239258,41.06801223754883],[40.4599723815918,41.00318908691406]]],[[[58.524513244628906,42.691246032714844],[58.50687789916992,42.62621307373047],[58.42679214477539,42.62621307373047],[58.44439697265625,42.691246032714844],[58.524513244628906,42.691246032714844]]],[[[62.1609992980957,43.342071533203125],[62.14164733886719,43.276947021484375],[62.06126403808594,43.276947021484375],[62.08058547973633,43.342071533203125],[62.1609992980957,43.342071533203125]]]]}}]}