{"type":"FeatureCollection","properties":{"year":1950,"source":"korea","fillHint":"layer in polity|polity_prehistory|hypothesis; prefer uiDefault"},"features":[{"type":"Feature","properties":{"id":"clio-union-of-soviet-socialist-republics-1948","layer":"polity","nameEn":"Union of Soviet Socialist Republics","nameKo":"소련","category":"이웃 정치체(맥락)","role":"context","startYear":1948,"endYear":1991,"confidence":"context","license":"CC-BY-4.0 (Cliopatria, Seshat) — 단순화·클리핑 등 변경 있음","wikipedia":"Soviet Union","wikidata":"Q15180","sources":["CLIO"],"uiDefault":false,"label":[132.109,43.603],"note":null,"source":"korea"},"geometry":{"type":"Polygon","coordinates":[[[136.1484,44.4507],[135.9866,44.4507],[135.1096,43.4723],[134.2218,43.0165],[133.2723,42.6912],[132.9519,42.6912],[132.997,42.7563],[132.5611,42.8213],[132.6062,42.8864],[132.2052,42.8864],[132.271,43.2118],[132.0999,43.0816],[131.7787,43.0816],[131.9147,43.2769],[131.7539,43.2769],[131.2251,42.6262],[130.9048,42.6262],[130.7728,42.4312],[130.4965,42.4962],[130.5484,42.6912],[130.4683,42.6912],[130.5567,42.8213],[131.0022,42.8864],[131.2716,43.2769],[131.1561,43.3421],[131.2794,43.8634],[131.1641,43.9286],[131.2217,44.1243],[131.141,44.1243],[131.2457,44.3854],[131.0617,44.5813],[131.0742,44.7119],[130.912,44.7119],[131.0527,44.908],[131.3433,44.9734],[131.6952,45.235],[132.7378,45.1042],[132.69,45.0388],[132.9815,45.1042],[133.9089,46.3489],[133.827,46.3489],[133.9268,46.4802],[133.8448,46.4802],[134.0456,46.7429],[133.9635,46.7429],[134.0645,46.8743],[133.9824,46.8743],[134.1859,47.1374],[134.1036,47.1374],[134.3608,47.4665],[134.682,47.6641],[134.5089,47.8619],[134.6379,48.1257],[134.4961,48.2578],[134.5203,48.3899],[134.1886,48.3899],[133.5616,48.1257],[133.0648,48.1257],[132.123,47.6641],[130.853,47.73],[130.9038,47.7959],[130.6243,47.8619],[130.7361,48.3238],[130.4995,48.6542],[130.5748,48.8527],[130.0453,48.9189],[130.0984,48.9851],[129.8184,49.0513],[129.812,49.25],[129.4485,49.3163],[129.5023,49.3826],[129.0848,49.3826],[129.1386,49.4489],[128.6911,49.5152],[128.7451,49.5816],[128.0226,49.5152],[128.0762,49.5816],[127.8254,49.5816],[127.8791,49.6479],[127.4848,49.7807],[127.4799,49.98],[127.3961,49.98],[127.5054,50.113],[127.3636,50.246],[127.4188,50.3125],[127.2508,50.3125],[127.2776,50.4457],[127.1935,50.4457],[127.3052,50.5789],[127.1648,50.7121],[127.1935,50.8455],[127.0248,50.8455],[127.0265,51.0457],[126.8576,51.0457],[126.7797,51.4465],[126.695,51.4465],[126.7531,51.5134],[126.6683,51.5134],[126.7266,51.5803],[126.6418,51.5803],[126.7002,51.6472],[126.6153,51.6472],[126.6739,51.7142],[126.589,51.7142],[126.6477,51.7811],[126.5627,51.7811],[126.6216,51.8481],[126.4516,51.8481],[126.4077,52.1833],[126.3225,52.1833],[126.3823,52.2505],[126.297,52.2505],[126.3569,52.3176],[126.2716,52.3176],[126.3317,52.3847],[126.2463,52.3847],[126.3065,52.4519],[126.0252,52.5191],[126.0608,52.6535],[125.8897,52.6535],[125.901,52.8554],[125.6194,52.9227],[125.6561,53.0574],[125.4846,53.0574],[125.546,53.1248],[124.4053,53.1922],[124.4665,53.2596],[124.1839,53.3271],[124.2453,53.3946],[123.7904,53.4621],[123.8519,53.5296],[121.897,53.4621],[120.8576,53.2596],[120.0768,52.8554],[119.9036,52.6535],[120.5301,52.5863],[120.5006,52.4519],[120.6706,52.2505],[120.5571,52.1163],[120.6709,52.0492],[120.1919,51.7811],[119.6457,51.1124],[119.7303,51.1124],[119.1509,50.3791],[119.235,50.3791],[119.2816,50.113],[118.5429,49.9136],[117.8274,49.5152],[117,49.7075],[117,53.6],[137,53.6],[137,45.3139],[136.7191,45.1042],[136.1484,44.4507]]]}},{"type":"Feature","properties":{"id":"clio-united-states-of-america-1947","layer":"polity","nameEn":"United States of America","nameKo":"미국","category":"이웃 정치체(맥락)","role":"context","startYear":1947,"endYear":1966,"confidence":"context","license":"CC-BY-4.0 (Cliopatria, Seshat) — 단순화·클리핑 등 변경 있음","wikipedia":"United States","wikidata":"Q30","sources":["CLIO"],"uiDefault":true,"label":[127.946,36.385],"note":null,"source":"korea"},"geometry":{"type":"MultiPolygon","coordinates":[[[[128.5681,32.6216],[128.6518,32.8145],[128.8815,32.8145],[128.9299,32.7502],[128.7698,32.5574],[128.5681,32.6216]]],[[[126.3563,33.5217],[126.9988,33.5859],[126.7801,33.2645],[126.1388,33.2002],[126.3563,33.5217]]],[[[128.5451,34.9366],[128.8074,35.001],[128.6849,34.7436],[128.3297,34.8079],[128.3136,34.9366],[128.0821,34.9366],[128.0679,34.7436],[127.7595,34.7436],[127.3783,34.422],[127.2243,34.422],[127.1297,34.5506],[127.2968,34.7436],[127.2196,34.7436],[127.0229,34.4863],[126.6262,34.2933],[126.4246,34.3577],[126.4837,34.4863],[126.3476,34.3577],[126.1166,34.3577],[126.4784,34.8079],[126.1998,34.8723],[126.3812,35.2584],[126.3039,35.2584],[126.5192,35.7089],[126.7678,35.902],[126.6128,35.902],[126.6757,36.0308],[126.5206,36.0308],[126.4286,36.1596],[126.4516,36.6749],[126.2638,36.6105],[126.0498,36.8037],[126.3032,36.9971],[126.6475,37.0615],[126.7023,37.3193],[126.5352,37.4483],[126.6025,37.5773],[126.2459,37.6417],[126.3477,37.8352],[125.8449,37.7707],[125.8347,37.8998],[125.6783,37.8998],[125.3871,37.6417],[125.231,37.6417],[125.2981,37.7707],[125.2093,37.8998],[124.8967,37.8998],[124.9644,38.0288],[125.7906,37.9643],[128.8321,38.0933],[129.1002,37.5773],[129.2563,37.5773],[129.4748,37.2549],[129.4835,36.6749],[129.4214,36.0952],[129.5765,36.0952],[129.6669,35.9664],[129.5387,35.7089],[129.6161,35.7089],[129.1471,35.0653],[128.5294,35.0653],[128.5451,34.9366]]],[[[130.1325,32.1717],[129.9309,32.236],[129.9934,32.5574],[130.5287,32.5574],[130.3683,32.3645],[130.2919,32.3645],[130.1325,32.1717]]],[[[129.8212,33.7146],[129.5908,33.7146],[129.7267,33.8432],[129.8804,33.8432],[129.8212,33.7146]]],[[[129.1665,34.2933],[129.3974,34.2933],[129.3075,34.1004],[129.1065,34.1647],[129.1665,34.2933]]],[[[129.2873,34.5506],[129.4415,34.5506],[129.4275,34.3577],[129.2267,34.422],[129.2873,34.5506]]],[[[133.2004,36.3528],[133.4333,36.3528],[133.3323,36.1596],[133.0996,36.1596],[133.2004,36.3528]]],[[[136.7258,34.9366],[136.5954,34.6793],[136.7942,34.615],[136.9733,34.3577],[136.9093,34.229],[136.4475,34.229],[135.8117,33.3931],[135.4125,33.5217],[135.3511,33.7146],[135.0288,33.8432],[135.1534,34.1004],[135.0168,34.2933],[135.3429,34.4863],[135.4389,34.6793],[135.2076,34.6793],[134.9083,34.229],[134.7231,34.1647],[134.7065,33.9718],[134.7834,33.9718],[134.6599,33.7146],[134.3684,33.5859],[134.2174,33.2645],[133.9874,33.2645],[133.8473,33.4574],[133.5404,33.4574],[133.1613,33.1359],[133.0334,32.6859],[132.6797,32.7502],[132.6611,32.8788],[132.4314,32.8788],[132.4423,33.0716],[132.3657,33.0716],[132.4539,33.2645],[132.3006,33.2645],[132.3598,33.3931],[132.0233,33.3288],[132.0826,33.4574],[132.556,33.6502],[132.8765,34.1647],[133.0304,34.1647],[133.1227,34.0361],[133.5072,34.0361],[133.6312,34.2933],[134.2328,34.422],[134.2014,34.3577],[134.6319,34.2933],[134.9444,34.615],[134.4686,34.7436],[133.2463,34.2933],[132.3226,34.2933],[132.1856,33.8432],[131.9085,33.9075],[131.9388,33.9718],[131.0931,33.9718],[131.0971,33.6502],[131.8181,33.7146],[131.6399,33.3288],[132.0885,33.1359],[132.001,32.943],[132.0776,32.943],[131.7807,32.6216],[131.5504,32],[130.1358,32],[130.2089,32.1717],[130.5211,32.3645],[130.5654,32.8145],[130.4408,32.8788],[130.3274,32.6216],[130.0979,32.6216],[130.1543,32.7502],[130.0013,32.7502],[129.792,32.6216],[129.6952,32.7502],[129.7518,32.8788],[129.627,32.943],[129.6841,33.0716],[129.5595,33.1359],[129.617,33.2645],[129.5403,33.2645],[129.5982,33.3931],[129.8283,33.3931],[129.916,33.5859],[130.3293,33.6502],[130.4183,33.8432],[130.8624,33.9718],[130.8761,34.1647],[130.7992,34.1647],[130.9211,34.422],[131.414,34.4863],[131.4759,34.615],[132.5634,35.2584],[132.6925,35.5158],[132.9572,35.5802],[133.4661,35.5158],[135.3788,35.7733],[135.2786,35.5802],[135.7095,35.5158],[136.0758,35.7733],[135.9109,35.902],[136.0039,36.224],[136.4529,36.4816],[136.7063,36.8037],[136.5795,36.9971],[136.6511,37.126],[136.5732,37.126],[136.7178,37.3838],[137,37.467],[137,37.1385],[136.9627,37.126],[137,37.0962],[137,34.7436],[136.9363,34.7436],[136.7258,34.9366]]]]}},{"type":"Feature","properties":{"id":"clio-democratic-people-s-republic-of-korea-1948","layer":"polity","nameEn":"Democratic People's Republic of Korea","nameKo":"Democratic People's Republic of Korea","category":"국가(Cliopatria)","role":"korean","startYear":1948,"endYear":1952,"confidence":"medium","license":"CC-BY-4.0 (Cliopatria, Seshat) — 단순화·클리핑 등 변경 있음","wikipedia":"North Korea","wikidata":"Q423","sources":["CLIO"],"uiDefault":true,"label":[127.143,40.55],"note":null,"source":"korea"},"geometry":{"type":"Polygon","coordinates":[[[129.7269,41.3274],[129.8822,41.1977],[129.7558,40.8736],[129.2378,40.6792],[129.0777,40.4201],[128.6822,40.2906],[128.368,40.0317],[127.9346,39.967],[127.5454,39.7083],[127.6653,39.6436],[127.4832,39.1911],[127.7978,39.1911],[127.9234,38.9972],[128.2011,38.9326],[128.2068,38.8034],[128.3638,38.8034],[128.7891,38.1578],[128.7538,38.0933],[125.7906,37.9643],[125.0426,38.0288],[125.0767,38.0933],[124.7637,38.0933],[124.8664,38.2869],[124.7881,38.2869],[124.9614,38.6097],[125.1533,38.6743],[125.1885,38.7389],[125.0316,38.7389],[125.39,39.385],[125.3057,39.5143],[124.8697,39.5789],[124.8646,39.7083],[124.5124,39.6436],[124.3446,39.9023],[124.2657,39.9023],[124.57,40.2906],[126.1071,41.0032],[126.833,41.7816],[127.0722,41.7816],[127.1075,41.5869],[127.3848,41.522],[127.3437,41.4571],[128.0982,41.3922],[128.3436,41.6518],[128.2678,41.7816],[128.1084,41.7816],[128.1503,41.8465],[127.9908,41.8465],[128.0749,41.9764],[128.8355,42.0413],[129.1664,42.3012],[129.6963,42.4962],[129.8433,42.9515],[130.084,42.9515],[130.0397,42.8864],[130.2001,42.8864],[130.3002,42.5612],[130.5404,42.5612],[130.4965,42.4962],[130.6566,42.4962],[130.6054,42.3012],[130.3221,42.2362],[129.6977,41.6518],[129.7774,41.6518],[129.7269,41.3274]]]}},{"type":"Feature","properties":{"id":"clio-republic-of-korea-1948","layer":"polity","nameEn":"Republic of Korea","nameKo":"Republic of Korea","category":"국가(Cliopatria)","role":"korean","startYear":1948,"endYear":1952,"confidence":"medium","license":"CC-BY-4.0 (Cliopatria, Seshat) — 단순화·클리핑 등 변경 있음","wikipedia":"South Korea","wikidata":"Q423","sources":["CLIO"],"uiDefault":true,"label":[127.938,36.385],"note":null,"source":"korea"},"geometry":{"type":"MultiPolygon","coordinates":[[[[126.3563,33.5217],[126.9988,33.5859],[126.7801,33.2645],[126.7035,33.2645],[126.1388,33.2002],[126.3563,33.5217]]],[[[129.6669,35.9664],[129.5387,35.7089],[129.6161,35.7089],[129.1471,35.0653],[128.5294,35.0653],[128.5451,34.9366],[128.8074,35.001],[128.6849,34.7436],[128.3297,34.8079],[128.3136,34.9366],[128.0821,34.9366],[128.0679,34.7436],[127.7595,34.7436],[127.3783,34.422],[127.2243,34.422],[127.1297,34.5506],[127.2968,34.7436],[127.2196,34.7436],[127.0229,34.4863],[126.6262,34.2933],[126.4246,34.3577],[126.4837,34.4863],[126.3476,34.3577],[126.1166,34.3577],[126.4784,34.8079],[126.1998,34.8723],[126.3812,35.2584],[126.3039,35.2584],[126.5192,35.7089],[126.7678,35.902],[126.6128,35.902],[126.6757,36.0308],[126.5206,36.0308],[126.4286,36.1596],[126.4516,36.6749],[126.2638,36.6105],[126.0498,36.8037],[126.3032,36.9971],[126.6475,37.0615],[126.7023,37.3193],[126.5352,37.4483],[126.6025,37.5773],[126.2459,37.6417],[126.3477,37.8352],[125.8449,37.7707],[125.8347,37.8998],[125.6783,37.8998],[125.3871,37.6417],[125.231,37.6417],[125.2981,37.7707],[125.2093,37.8998],[124.8967,37.8998],[124.9644,38.0288],[125.0426,38.0288],[125.7906,37.9643],[128.8321,38.0933],[129.1002,37.5773],[129.2563,37.5773],[129.4748,37.2549],[129.4835,36.6749],[129.4503,36.6105],[129.4214,36.0952],[129.5765,36.0952],[129.6669,35.9664]]]]}},{"type":"Feature","properties":{"id":"clio-people-s-republic-of-china-1950","layer":"polity","nameEn":"People's Republic of China","nameKo":"중화인민공화국","category":"이웃 정치체(맥락)","role":"context","startYear":1950,"endYear":1952,"confidence":"context","license":"CC-BY-4.0 (Cliopatria, Seshat) — 단순화·클리핑 등 변경 있음","wikipedia":"China","wikidata":"Q148","sources":["CLIO"],"uiDefault":false,"label":[125.109,43.603],"note":null,"source":"korea"},"geometry":{"type":"Polygon","coordinates":[[[118.5429,49.9136],[119.2816,50.113],[119.235,50.3791],[119.1509,50.3791],[119.7303,51.1124],[119.6457,51.1124],[120.1919,51.7811],[120.6709,52.0492],[120.5571,52.1163],[120.6706,52.2505],[120.5006,52.4519],[120.5301,52.5863],[119.9036,52.6535],[120.0768,52.8554],[120.8576,53.2596],[121.897,53.4621],[123.8519,53.5296],[123.7904,53.4621],[124.2453,53.3946],[124.1839,53.3271],[124.4665,53.2596],[124.4053,53.1922],[125.546,53.1248],[125.4846,53.0574],[125.6561,53.0574],[125.6194,52.9227],[125.901,52.8554],[125.8897,52.6535],[126.0608,52.6535],[126.0252,52.5191],[126.3065,52.4519],[126.2463,52.3847],[126.3317,52.3847],[126.2716,52.3176],[126.3569,52.3176],[126.297,52.2505],[126.3823,52.2505],[126.3225,52.1833],[126.4077,52.1833],[126.4516,51.8481],[126.6216,51.8481],[126.5627,51.7811],[126.6477,51.7811],[126.589,51.7142],[126.6739,51.7142],[126.6153,51.6472],[126.7002,51.6472],[126.6418,51.5803],[126.7266,51.5803],[126.6683,51.5134],[126.7531,51.5134],[126.695,51.4465],[126.7797,51.4465],[126.8576,51.0457],[127.0265,51.0457],[127.0248,50.8455],[127.1935,50.8455],[127.1648,50.7121],[127.3052,50.5789],[127.1935,50.4457],[127.2776,50.4457],[127.2508,50.3125],[127.4188,50.3125],[127.3636,50.246],[127.5054,50.113],[127.3961,49.98],[127.4799,49.98],[127.4848,49.7807],[127.8791,49.6479],[127.8254,49.5816],[128.0762,49.5816],[128.0226,49.5152],[128.7451,49.5816],[128.6911,49.5152],[129.1386,49.4489],[129.0848,49.3826],[129.5023,49.3826],[129.4485,49.3163],[129.812,49.25],[129.8184,49.0513],[130.0984,48.9851],[130.0453,48.9189],[130.5748,48.8527],[130.4995,48.6542],[130.7361,48.3238],[130.6243,47.8619],[130.9038,47.7959],[130.853,47.73],[132.123,47.6641],[133.0648,48.1257],[133.5616,48.1257],[134.1886,48.3899],[134.5203,48.3899],[134.4961,48.2578],[134.6379,48.1257],[134.5089,47.8619],[134.682,47.6641],[134.3608,47.4665],[134.1036,47.1374],[134.1859,47.1374],[133.9824,46.8743],[134.0645,46.8743],[133.9635,46.7429],[134.0456,46.7429],[133.8448,46.4802],[133.9268,46.4802],[133.827,46.3489],[133.9089,46.3489],[132.9815,45.1042],[132.69,45.0388],[132.7378,45.1042],[131.6952,45.235],[131.3433,44.9734],[131.0527,44.908],[130.912,44.7119],[131.0742,44.7119],[131.0617,44.5813],[131.2457,44.3854],[131.141,44.1243],[131.2217,44.1243],[131.1641,43.9286],[131.2794,43.8634],[131.1561,43.3421],[131.2716,43.2769],[131.0022,42.8864],[130.5567,42.8213],[130.4683,42.6912],[130.5484,42.6912],[130.5404,42.5612],[130.3002,42.5612],[130.2001,42.8864],[130.0397,42.8864],[130.084,42.9515],[129.8433,42.9515],[129.6963,42.4962],[129.1664,42.3012],[128.8355,42.0413],[128.0749,41.9764],[127.9908,41.8465],[128.1503,41.8465],[128.1084,41.7816],[128.2678,41.7816],[128.3436,41.6518],[128.0982,41.3922],[127.3437,41.4571],[127.3848,41.522],[127.1075,41.5869],[127.0722,41.7816],[126.833,41.7816],[126.1071,41.0032],[124.57,40.2906],[124.2286,39.8376],[123.5974,39.8376],[122.936,39.6436],[122.1704,39.2557],[121.9519,38.9972],[121.7162,38.9972],[121.4217,38.7389],[121.0293,38.7389],[121.2007,39.0618],[121.5151,39.0618],[121.6901,39.385],[121.2965,39.385],[121.2096,39.5143],[121.2807,39.6436],[121.4383,39.6436],[121.5033,39.9023],[121.7765,39.967],[122.2306,40.4849],[122.1061,40.6792],[121.827,40.744],[121.8237,40.8736],[121.1098,40.8736],[120.9967,40.6792],[120.6473,40.4849],[120.5003,40.2259],[119.3804,39.7729],[119.2153,39.3203],[118.9894,39.1911],[118.4498,39.0618],[118.0569,39.0618],[118.0457,39.1911],[117.776,39.1265],[117.5764,38.7389],[117.6549,38.7389],[117.6025,38.4806],[117.7592,38.4806],[117.7727,38.3515],[118.0536,38.2869],[118.0674,38.1578],[118.583,38.0933],[118.6476,38.2224],[118.8042,38.2224],[118.7718,38.1578],[119.4571,37.9643],[119.3928,37.8352],[119.2366,37.8352],[118.984,37.3193],[119.14,37.3193],[119.1557,37.1904],[119.7011,37.1904],[119.8266,37.4483],[120.2022,37.5773],[120.1881,37.7062],[120.7538,37.8998],[121.112,37.8352],[121.171,37.6417],[121.4833,37.6417],[121.4969,37.5128],[122.1535,37.5773],[122.1211,37.5128],[122.7129,37.4483],[122.4742,37.126],[122.5664,36.9971],[122.3939,36.8037],[121.9121,36.9326],[121.2121,36.6105],[120.9789,36.6105],[120.9648,36.4172],[120.7318,36.4172],[120.6585,36.0952],[120.3185,36.0308],[119.9865,35.6445],[119.6187,35.5158],[119.2276,34.8079],[119.459,34.8079],[119.4309,34.7436],[119.7113,34.6793],[119.7323,34.5506],[120.3418,34.3577],[120.4894,34.1647],[120.5505,33.5859],[120.9263,33.2002],[120.9192,32.6216],[121.4026,32.4931],[121.5033,32.1717],[121.9112,32],[117,32],[117,46.3489],[117.1258,46.3489],[117.4191,46.5459],[118.6166,46.7429],[119.109,46.7429],[119.0647,46.6772],[119.3108,46.6772],[119.2666,46.6115],[119.8031,46.6772],[119.9371,46.8743],[119.7431,47.0716],[119.7512,47.2032],[119.4671,47.269],[119.4754,47.4006],[119.2736,47.4665],[119.3191,47.5323],[119.0347,47.5982],[119.0436,47.73],[118.6396,47.8619],[118.6855,47.9278],[118.4374,47.9278],[118.4834,47.9938],[117.7389,47.9938],[117.3093,47.73],[117,47.7854],[117,49.7075],[117.8274,49.5152],[118.5429,49.9136]]]}},{"type":"Feature","properties":{"id":"ne-south-korea","layer":"polity","nameEn":"Republic of Korea","nameKo":"대한민국","category":"국가(현대)","role":"korean","startYear":1948,"endYear":2026,"confidence":"high","license":"Public domain (Natural Earth)","wikipedia":null,"wikidata":null,"sources":["NE"],"uiDefault":true,"label":[128.017,36.465],"note":"현행 경계. 1948~1950 및 정전 이전의 경계와는 다름(38선/MDL 레이어 참고). 대한민국 폴리곤에 독도가 포함되어 있음(NE 표현).","source":"korea"},"geometry":{"type":"MultiPolygon","coordinates":[[[[131.8603,37.2421],[131.8603,37.2438],[131.8639,37.2438],[131.8603,37.2421]]],[[[130.8127,37.487],[130.8055,37.5072],[130.8127,37.5224],[130.8307,37.5326],[130.9027,37.5461],[130.9207,37.5359],[130.9207,37.5106],[130.8955,37.4633],[130.8775,37.4549],[130.8271,37.4718],[130.8127,37.487]]],[[[128.6779,38.0949],[128.6923,38.0645],[128.9227,37.8027],[129.0631,37.6795],[129.0739,37.6136],[129.1099,37.5967],[129.1603,37.487],[129.1891,37.4701],[129.2359,37.3975],[129.2719,37.3553],[129.2827,37.3249],[129.3295,37.2827],[129.3475,37.2472],[129.3619,37.1712],[129.3799,37.1307],[129.4303,37.0733],[129.4339,37.0615],[129.4123,37.0277],[129.4123,37.0175],[129.4375,36.8554],[129.4699,36.7727],[129.4735,36.7305],[129.4627,36.6917],[129.4231,36.6174],[129.4267,36.5751],[129.4483,36.4941],[129.4411,36.408],[129.4339,36.3894],[129.3907,36.3421],[129.3871,36.3235],[129.3835,36.202],[129.3907,36.1766],[129.4051,36.1682],[129.4159,36.1074],[129.4303,36.0973],[129.4195,36.0736],[129.3979,36.0669],[129.3835,36.0551],[129.3799,36.0416],[129.4339,35.996],[129.4519,35.9926],[129.4807,36.0095],[129.5563,36.0821],[129.5707,36.0719],[129.5887,36.0162],[129.5707,35.9976],[129.5347,35.9385],[129.5239,35.844],[129.4951,35.7849],[129.4987,35.7477],[129.4447,35.6363],[129.4663,35.5991],[129.4555,35.513],[129.4447,35.4961],[129.4123,35.4725],[129.4015,35.513],[129.3871,35.5299],[129.3727,35.5333],[129.3655,35.513],[129.3799,35.5113],[129.3871,35.5029],[129.3907,35.4759],[129.3871,35.4624],[129.3583,35.4522],[129.3655,35.4066],[129.3475,35.383],[129.3619,35.3678],[129.3619,35.3543],[129.3223,35.3391],[129.2935,35.3155],[129.2683,35.3172],[129.2611,35.2834],[129.2503,35.2665],[129.2575,35.2462],[129.1927,35.155],[129.1207,35.15],[129.1207,35.1348],[129.1279,35.1263],[129.1243,35.101],[129.1027,35.0926],[129.0631,35.1213],[129.0379,35.0976],[129.0235,35.0605],[129.0127,35.0554],[128.9983,35.0757],[129.0019,35.0453],[128.9911,35.0453],[128.9911,35.052],[128.9839,35.0537],[128.9659,35.0436],[128.9587,35.0504],[128.9515,35.0723],[128.9623,35.1196],[128.9587,35.1365],[128.9191,35.0824],[128.9047,35.0807],[128.9047,35.1213],[128.8975,35.1213],[128.8831,35.0807],[128.7931,35.0824],[128.7823,35.1111],[128.7715,35.0841],[128.7607,35.0791],[128.7391,35.0875],[128.7283,35.1044],[128.7175,35.1061],[128.6995,35.0959],[128.6959,35.1432],[128.6815,35.1314],[128.6815,35.1162],[128.6383,35.15],[128.6167,35.1432],[128.6239,35.1567],[128.6131,35.177],[128.6167,35.1854],[128.6095,35.2108],[128.6023,35.2141],[128.5771,35.1888],[128.5771,35.1787],[128.5915,35.1567],[128.6023,35.1213],[128.6275,35.0909],[128.6311,35.0807],[128.6239,35.0689],[128.6527,35.0622],[128.6347,35.0554],[128.6023,35.0571],[128.5951,35.0757],[128.5807,35.0875],[128.5123,35.1044],[128.4799,35.0993],[128.4691,35.0959],[128.4799,35.0757],[128.3899,35.0487],[128.3827,35.0233],[128.3719,35.0132],[128.3719,35.0065],[128.4727,35.0504],[128.4871,35.0504],[128.4979,35.02],[128.4907,34.9963],[128.4583,34.9879],[128.4259,34.9929],[128.4187,34.9828],[128.4403,34.9659],[128.4331,34.8899],[128.4439,34.8832],[128.4583,34.8933],[128.4619,34.9034],[128.4727,34.8899],[128.4367,34.8427],[128.3827,34.8393],[128.3827,34.8545],[128.4115,34.8562],[128.4151,34.8629],[128.3395,34.8731],[128.3251,34.8883],[128.3251,34.8967],[128.3575,34.9102],[128.3359,34.9474],[128.3179,34.9338],[128.3035,34.9085],[128.2783,34.9068],[128.2567,34.9305],[128.2243,34.9372],[128.2135,34.9322],[128.2063,34.8899],[128.1379,34.8916],[128.1199,34.9001],[128.1199,34.9203],[128.1127,34.9254],[128.0623,34.9271],[128.0515,34.9389],[128.0551,35.047],[128.0695,35.0706],[128.0695,35.0824],[128.0263,35.0352],[128.0011,35.0335],[128.0191,34.998],[128.0083,34.9913],[127.9795,34.9929],[127.9543,34.9794],[127.9363,35.0132],[127.9255,35.02],[127.9219,34.9879],[127.9111,34.9625],[127.8895,34.9474],[127.8643,34.944],[127.8427,34.9507],[127.8319,34.944],[127.7995,34.9592],[127.7563,34.9575],[127.7383,34.9659],[127.7311,34.9828],[127.7203,34.9896],[127.7203,34.9659],[127.7095,34.9406],[127.6627,34.9068],[127.6411,34.8984],[127.6267,34.9102],[127.6087,34.9406],[127.5907,34.9457],[127.5799,34.9338],[127.5763,34.8967],[127.6015,34.8562],[127.6447,34.8156],[127.6555,34.8123],[127.6699,34.819],[127.6987,34.8427],[127.7563,34.841],[127.7743,34.8494],[127.7743,34.8292],[127.7419,34.7261],[127.7059,34.716],[127.6555,34.7312],[127.6375,34.6974],[127.6231,34.6974],[127.6375,34.6704],[127.6447,34.6265],[127.6411,34.6181],[127.6123,34.6367],[127.5727,34.6468],[127.5619,34.662],[127.5547,34.6839],[127.5835,34.7464],[127.5799,34.7633],[127.5547,34.8004],[127.5367,34.8089],[127.5403,34.8224],[127.5223,34.8595],[127.5295,34.8798],[127.5151,34.8916],[127.4827,34.8393],[127.4431,34.8292],[127.3639,34.8241],[127.4251,34.8004],[127.4251,34.7937],[127.3603,34.7734],[127.3567,34.7599],[127.3675,34.7532],[127.3855,34.7599],[127.3963,34.7565],[127.4035,34.7464],[127.3927,34.7397],[127.4071,34.7008],[127.4647,34.662],[127.4863,34.6367],[127.4539,34.6367],[127.4935,34.6231],[127.5043,34.5911],[127.4827,34.5759],[127.4539,34.5742],[127.3927,34.6012],[127.3495,34.586],[127.3423,34.5776],[127.3567,34.5539],[127.3819,34.5472],[127.4179,34.5556],[127.4395,34.5404],[127.3747,34.4847],[127.3567,34.4914],[127.3279,34.4746],[127.3315,34.456],[127.3423,34.4458],[127.3171,34.4442],[127.2235,34.5472],[127.1731,34.5269],[127.1803,34.5134],[127.1335,34.5269],[127.1263,34.5404],[127.1227,34.5556],[127.1587,34.5792],[127.1983,34.6316],[127.2127,34.6367],[127.2091,34.6046],[127.1947,34.5742],[127.2235,34.5759],[127.2451,34.5843],[127.2631,34.6012],[127.2559,34.6417],[127.2415,34.6552],[127.2415,34.6704],[127.2739,34.7059],[127.2919,34.6941],[127.2955,34.6873],[127.2883,34.6772],[127.3027,34.6552],[127.3135,34.6519],[127.3315,34.6569],[127.3567,34.6974],[127.3315,34.7413],[127.2919,34.7211],[127.2487,34.7667],[127.1983,34.6907],[127.1371,34.6873],[127.1083,34.6603],[127.0111,34.613],[127.0075,34.5809],[126.9859,34.5539],[126.9931,34.5404],[126.9391,34.4965],[126.9391,34.4543],[126.9319,34.4475],[126.9031,34.4594],[126.8923,34.4408],[126.8995,34.4171],[126.8095,34.4509],[126.8023,34.4712],[126.8023,34.5404],[126.8095,34.5539],[126.8059,34.5691],[126.7879,34.5894],[126.7771,34.586],[126.7555,34.5573],[126.7663,34.5235],[126.7339,34.5151],[126.7375,34.5033],[126.7627,34.4796],[126.7087,34.4492],[126.7267,34.4425],[126.7267,34.4323],[126.6907,34.4357],[126.6835,34.4138],[126.6439,34.4036],[126.6331,34.3952],[126.6043,34.3209],[126.6043,34.3006],[126.5791,34.304],[126.5215,34.2939],[126.5287,34.3412],[126.5179,34.3479],[126.4783,34.3496],[126.4891,34.38],[126.4999,34.3817],[126.5179,34.4138],[126.5143,34.4239],[126.4747,34.434],[126.4855,34.4695],[126.4819,34.4762],[126.4675,34.4729],[126.4711,34.4965],[126.4891,34.5083],[126.5431,34.5134],[126.5323,34.5269],[126.5143,34.5337],[126.5395,34.5539],[126.5395,34.5624],[126.5215,34.5674],[126.5071,34.5539],[126.4783,34.5607],[126.4675,34.5404],[126.4171,34.5404],[126.3919,34.5337],[126.3811,34.559],[126.3559,34.5691],[126.3451,34.5843],[126.3415,34.5742],[126.3235,34.5691],[126.2947,34.5894],[126.2911,34.5995],[126.3019,34.6096],[126.3055,34.6046],[126.3235,34.6096],[126.3199,34.6198],[126.2695,34.6417],[126.2767,34.7025],[126.2911,34.7329],[126.2875,34.743],[126.2983,34.7532],[126.3199,34.7481],[126.3559,34.6974],[126.3451,34.667],[126.3703,34.6096],[126.4639,34.5843],[126.4711,34.6012],[126.4351,34.6063],[126.4135,34.6299],[126.4171,34.6535],[126.4027,34.6502],[126.3955,34.6367],[126.3847,34.6367],[126.3775,34.6789],[126.3847,34.6941],[126.3775,34.711],[126.4495,34.7059],[126.4531,34.6704],[126.5359,34.6231],[126.5395,34.6282],[126.5179,34.6502],[126.5323,34.6519],[126.6043,34.6248],[126.6223,34.6299],[126.5863,34.6417],[126.5539,34.6637],[126.5611,34.6704],[126.5395,34.6839],[126.5071,34.7177],[126.4891,34.7261],[126.4351,34.7278],[126.4171,34.7397],[126.3919,34.7329],[126.3667,34.7397],[126.3631,34.7498],[126.3919,34.7684],[126.4207,34.765],[126.4603,34.7785],[126.5071,34.7515],[126.5215,34.7532],[126.5359,34.7464],[126.5323,34.7836],[126.5431,34.7954],[126.5683,34.8004],[126.6367,34.7886],[126.6295,34.8004],[126.6655,34.8089],[126.6511,34.8224],[126.6295,34.8258],[126.5755,34.8224],[126.5755,34.8545],[126.5899,34.8731],[126.5899,34.8832],[126.5827,34.8984],[126.5683,34.9018],[126.5431,34.8832],[126.5395,34.8747],[126.5503,34.8494],[126.5143,34.7819],[126.4927,34.7802],[126.4855,34.7869],[126.4999,34.8089],[126.4855,34.814],[126.4567,34.8004],[126.4279,34.8055],[126.4207,34.8021],[126.4207,34.792],[126.3739,34.7903],[126.3703,34.8021],[126.4063,34.8376],[126.4099,34.8747],[126.4243,34.8899],[126.4027,34.9153],[126.3955,34.9355],[126.3991,34.9507],[126.4315,34.9727],[126.4351,34.9811],[126.3991,34.9845],[126.3703,34.9693],[126.3775,34.9372],[126.3631,34.9271],[126.3271,34.9305],[126.3163,34.9372],[126.3307,34.944],[126.3127,34.9558],[126.3019,34.9727],[126.3127,34.9777],[126.3487,34.9727],[126.3451,34.9946],[126.3739,35.0166],[126.3667,35.0385],[126.3379,35.0706],[126.3019,35.0892],[126.3091,35.0656],[126.3019,35.0537],[126.2875,35.0537],[126.2731,35.0689],[126.2839,35.0791],[126.2587,35.1061],[126.2551,35.123],[126.2695,35.1365],[126.2875,35.1399],[126.3055,35.1314],[126.3163,35.1162],[126.3271,35.123],[126.3415,35.1567],[126.3523,35.1365],[126.3415,35.1027],[126.3451,35.0959],[126.3559,35.0959],[126.3667,35.074],[126.4099,35.0622],[126.4063,35.0385],[126.4243,35.02],[126.4495,35.0672],[126.4531,35.101],[126.4135,35.1196],[126.4027,35.1415],[126.3703,35.1736],[126.3631,35.1871],[126.3775,35.2125],[126.3667,35.2175],[126.3631,35.2395],[126.3091,35.2327],[126.3199,35.2445],[126.3775,35.253],[126.3559,35.2597],[126.3811,35.2834],[126.3811,35.3273],[126.4099,35.3695],[126.4315,35.3492],[126.4603,35.3459],[126.4171,35.3948],[126.4243,35.4185],[126.4927,35.5248],[126.5611,35.5417],[126.5935,35.5417],[126.6223,35.5687],[126.6439,35.5721],[126.6799,35.5384],[126.6943,35.535],[126.6691,35.589],[126.6547,35.5958],[126.5143,35.5772],[126.4639,35.6025],[126.4675,35.6397],[126.4927,35.6498],[126.5287,35.6836],[126.5971,35.714],[126.6259,35.746],[126.6295,35.7748],[126.6619,35.7933],[126.6979,35.7967],[126.7339,35.7916],[126.7699,35.7748],[126.7807,35.7596],[126.7879,35.768],[126.7915,35.7916],[126.7087,35.8355],[126.7015,35.8406],[126.7051,35.8491],[126.7195,35.8626],[126.7303,35.8642],[126.7987,35.8626],[126.8131,35.8828],[126.8383,35.893],[126.8095,35.9115],[126.7339,35.8862],[126.6115,35.8896],[126.6079,35.9318],[126.5683,35.9453],[126.5251,35.9402],[126.5215,35.9706],[126.7123,35.9858],[126.7267,35.9943],[126.7447,35.9892],[126.8023,36.0213],[126.8707,36.0483],[126.8707,36.0618],[126.7915,36.0416],[126.7555,36.0179],[126.6943,35.9993],[126.6763,36.0061],[126.6655,36.0348],[126.6295,36.0753],[126.6439,36.0855],[126.6403,36.0905],[126.6115,36.099],[126.5899,36.131],[126.5719,36.1378],[126.5539,36.131],[126.5503,36.1412],[126.5287,36.153],[126.5107,36.1513],[126.4999,36.126],[126.4927,36.131],[126.4963,36.1598],[126.5323,36.1733],[126.5611,36.1817],[126.6043,36.1716],[126.5899,36.1918],[126.5683,36.2053],[126.5503,36.2053],[126.5359,36.2189],[126.5683,36.2864],[126.5827,36.2948],[126.5719,36.305],[126.5143,36.3219],[126.5287,36.3337],[126.5719,36.3421],[126.5827,36.3522],[126.5755,36.3658],[126.5287,36.3691],[126.4999,36.3911],[126.4999,36.3978],[126.5143,36.3978],[126.4999,36.4198],[126.5359,36.4333],[126.5575,36.4553],[126.6187,36.4738],[126.5575,36.4738],[126.5251,36.4417],[126.5071,36.4384],[126.4963,36.4485],[126.4819,36.4975],[126.5143,36.5295],[126.5107,36.5346],[126.4927,36.5279],[126.4711,36.5397],[126.4711,36.5583],[126.4567,36.5954],[126.5107,36.6038],[126.5215,36.6258],[126.4855,36.6494],[126.5071,36.6697],[126.4999,36.6849],[126.4747,36.6883],[126.4711,36.7052],[126.4783,36.717],[126.4999,36.7204],[126.4783,36.7474],[126.4387,36.717],[126.4459,36.7001],[126.4387,36.6646],[126.4423,36.6376],[126.4351,36.6157],[126.4243,36.6072],[126.3667,36.6292],[126.3703,36.6832],[126.3775,36.7018],[126.3667,36.7068],[126.3703,36.7322],[126.3595,36.7423],[126.3415,36.7406],[126.3235,36.7001],[126.3019,36.7001],[126.3307,36.6613],[126.3343,36.6444],[126.3235,36.6359],[126.3415,36.6106],[126.3163,36.6022],[126.2947,36.5819],[126.2875,36.6106],[126.3019,36.6342],[126.2731,36.6731],[126.2803,36.6933],[126.2731,36.7204],[126.2551,36.7119],[126.2299,36.6849],[126.1795,36.6731],[126.1651,36.6781],[126.1579,36.7018],[126.1615,36.7068],[126.2047,36.7052],[126.2119,36.7119],[126.2119,36.7271],[126.2011,36.7423],[126.1579,36.7609],[126.1507,36.7237],[126.1327,36.7035],[126.1291,36.7609],[126.1579,36.7947],[126.1651,36.8166],[126.1867,36.7811],[126.2119,36.7811],[126.1939,36.8082],[126.2191,36.8014],[126.2335,36.8048],[126.2407,36.8166],[126.1975,36.8234],[126.1975,36.8352],[126.2119,36.8571],[126.1903,36.8723],[126.1939,36.8858],[126.2083,36.8977],[126.2335,36.9044],[126.2263,36.8791],[126.2299,36.8723],[126.2767,36.874],[126.2839,36.9061],[126.2839,36.9618],[126.3091,36.9669],[126.3055,36.9314],[126.3235,36.8825],[126.3019,36.8571],[126.3091,36.8284],[126.2803,36.8115],[126.2911,36.7896],[126.3163,36.8048],[126.3559,36.7896],[126.3271,36.847],[126.3379,36.8571],[126.3667,36.8352],[126.3739,36.8504],[126.4063,36.8571],[126.4063,36.8639],[126.3775,36.8706],[126.3775,36.8774],[126.4027,36.8808],[126.4171,36.8993],[126.4207,36.923],[126.4099,36.9382],[126.3775,36.9416],[126.3523,36.9551],[126.3559,36.9686],[126.3703,36.9601],[126.3775,36.9753],[126.3703,36.9838],[126.3343,36.9872],[126.3523,37.0007],[126.3919,36.9905],[126.3919,37.0074],[126.4459,37.004],[126.4531,36.9905],[126.4315,36.9618],[126.4387,36.9466],[126.4675,36.9568],[126.4783,36.9365],[126.4783,36.9264],[126.4675,36.9179],[126.4675,36.8538],[126.4855,36.8419],[126.5179,36.9483],[126.5503,36.9264],[126.5611,36.9044],[126.5827,36.8977],[126.5683,36.9314],[126.4927,36.9973],[126.4963,37.0074],[126.5071,37.0074],[126.5395,36.977],[126.5719,36.977],[126.5647,36.9905],[126.5323,37.0007],[126.5107,37.0159],[126.4999,37.0547],[126.5359,37.0496],[126.6259,36.9956],[126.6367,36.9821],[126.6331,36.9686],[126.6223,36.9601],[126.6331,36.9382],[126.6295,36.9112],[126.6475,36.9247],[126.6439,36.9584],[126.6655,36.9888],[126.6799,36.9939],[126.6979,36.9956],[126.7591,36.9821],[126.7951,36.9551],[126.7987,36.9348],[126.7807,36.8909],[126.8131,36.9162],[126.8239,36.9179],[126.8311,36.9095],[126.8383,36.8673],[126.8311,36.8318],[126.8419,36.82],[126.8491,36.7879],[126.8455,36.7795],[126.8311,36.7744],[126.8311,36.7659],[126.8491,36.7541],[126.8707,36.8048],[126.8635,36.8284],[126.9031,36.8217],[126.8599,36.869],[126.9427,36.8926],[126.9895,36.9179],[127.0003,36.9281],[127.0075,36.9534],[126.9931,36.9669],[127.0399,36.9821],[127.0435,36.9939],[126.9823,36.9804],[126.9715,36.9703],[126.9751,36.9399],[126.9679,36.9314],[126.9463,36.9264],[126.9139,36.9297],[126.8743,36.9483],[126.8383,36.9753],[126.8239,37.0024],[126.8851,37.0074],[126.8851,37.0142],[126.8707,37.0209],[126.8815,37.0226],[126.9103,37.0142],[126.9067,37.0327],[126.8815,37.0699],[126.8923,37.0952],[126.8779,37.1003],[126.8707,37.0902],[126.8599,37.0412],[126.8491,37.0378],[126.8383,37.0446],[126.8023,37.0378],[126.7555,37.0496],[126.7519,37.1003],[126.7627,37.1172],[126.7771,37.1324],[126.8095,37.1442],[126.8635,37.1509],[126.8707,37.1577],[126.8707,37.1763],[126.8635,37.1797],[126.8311,37.1594],[126.8059,37.1645],[126.8023,37.1847],[126.7591,37.1645],[126.7159,37.1273],[126.7015,37.1239],[126.6871,37.1307],[126.6907,37.1476],[126.7087,37.1645],[126.6691,37.1611],[126.6691,37.1864],[126.7087,37.1999],[126.7195,37.2134],[126.6799,37.2185],[126.6583,37.2539],[126.6727,37.2624],[126.6799,37.2573],[126.7087,37.2624],[126.7519,37.2489],[126.7663,37.2539],[126.7663,37.232],[126.7807,37.2202],[126.7915,37.2236],[126.8023,37.2539],[126.8203,37.2742],[126.8491,37.2658],[126.8707,37.2675],[126.8527,37.286],[126.8275,37.2877],[126.8239,37.2962],[126.7843,37.2945],[126.7339,37.3063],[126.6907,37.3333],[126.6871,37.3434],[126.7195,37.3772],[126.7159,37.384],[126.6655,37.389],[126.6403,37.3637],[126.6151,37.3789],[126.6403,37.4144],[126.5971,37.4397],[126.5935,37.4718],[126.6043,37.4853],[126.6403,37.4954],[126.6439,37.5039],[126.6295,37.5072],[126.6259,37.4988],[126.6079,37.4971],[126.6007,37.5072],[126.6043,37.5494],[126.5827,37.5849],[126.5611,37.6069],[126.5323,37.7555],[126.5359,37.769],[126.6043,37.7538],[126.6475,37.7656],[126.6619,37.7571],[126.6691,37.7284],[126.6619,37.6727],[126.6907,37.6525],[126.7303,37.6389],[126.7555,37.6373],[126.7375,37.6541],[126.6799,37.6862],[126.7015,37.7436],[126.6835,37.7943],[126.7015,37.8298],[126.6835,37.8365],[126.6691,37.8281],[126.6619,37.9142],[126.6655,37.9378],[126.7231,37.9547],[126.7627,37.9783],[126.8635,38.0965],[126.9211,38.1354],[126.9643,38.2131],[127.0255,38.2553],[127.0903,38.2857],[127.1587,38.3076],[127.2235,38.3127],[127.2523,38.3093],[127.3783,38.3178],[127.4719,38.2958],[127.5619,38.3127],[127.7527,38.3262],[127.7743,38.3059],[127.7995,38.2941],[127.8679,38.3042],[128.0407,38.3042],[128.1091,38.3228],[128.1739,38.3566],[128.2243,38.4005],[128.2495,38.4258],[128.2819,38.4849],[128.2855,38.5204],[128.2747,38.571],[128.2819,38.5845],[128.3071,38.6014],[128.3647,38.6251],[128.4403,38.5052],[128.4727,38.4258],[128.5627,38.289],[128.6419,38.1286],[128.6779,38.0949]]],[[[128.8111,35.0335],[128.8003,35.0487],[128.8039,35.0571],[128.8363,35.0605],[128.8435,35.047],[128.8399,35.0014],[128.8255,34.9929],[128.8183,35.0149],[128.8075,35.025],[128.8111,35.0335]]],[[[128.7175,34.7937],[128.6851,34.8089],[128.6815,34.7869],[128.6563,34.7565],[128.6923,34.7363],[128.6779,34.7245],[128.6059,34.7059],[128.5843,34.7059],[128.6167,34.7261],[128.6023,34.7312],[128.5987,34.7397],[128.6059,34.7667],[128.5735,34.7532],[128.5627,34.7582],[128.5591,34.7819],[128.5915,34.792],[128.6059,34.8359],[128.5915,34.8427],[128.5303,34.8089],[128.4907,34.8494],[128.4871,34.8697],[128.5231,34.8984],[128.5735,34.9102],[128.6455,34.8899],[128.6455,34.8967],[128.6275,34.9068],[128.6167,34.922],[128.6095,34.9541],[128.6239,34.9541],[128.6923,34.9862],[128.6815,35.0048],[128.6887,35.0233],[128.7031,35.0335],[128.7211,35.0267],[128.7247,35.0183],[128.7175,34.9659],[128.7355,34.9355],[128.7319,34.9102],[128.7139,34.8764],[128.7427,34.8883],[128.7499,34.8697],[128.7355,34.8376],[128.7211,34.8427],[128.7427,34.7903],[128.7175,34.7937]]],[[[128.4223,34.7886],[128.4367,34.7802],[128.4331,34.7734],[128.4223,34.7633],[128.4079,34.7633],[128.3971,34.7785],[128.3863,34.7785],[128.3863,34.792],[128.3683,34.7971],[128.3791,34.8021],[128.3719,34.8173],[128.3539,34.8224],[128.3359,34.819],[128.3323,34.8258],[128.3503,34.8359],[128.3863,34.8207],[128.4295,34.8275],[128.4367,34.819],[128.4403,34.7937],[128.4223,34.7886]]],[[[128.2351,34.6096],[128.2387,34.6265],[128.2243,34.6333],[128.2315,34.6519],[128.2711,34.6383],[128.2711,34.6316],[128.2963,34.64],[128.2963,34.6316],[128.2855,34.6215],[128.2567,34.6198],[128.2351,34.6096]]],[[[128.2279,34.7988],[128.2135,34.8072],[128.2063,34.8156],[128.2135,34.8308],[128.2279,34.8393],[128.2567,34.8224],[128.2603,34.814],[128.2423,34.8072],[128.2423,34.8004],[128.2279,34.7988]]],[[[127.9651,34.8595],[127.9687,34.8747],[128.0011,34.9136],[128.0191,34.917],[128.0227,34.9051],[128.0119,34.8697],[128.0191,34.8663],[128.0371,34.8916],[128.0443,34.8933],[128.0587,34.8798],[128.0659,34.8511],[128.0839,34.8359],[128.0263,34.8427],[128.0011,34.8359],[127.9723,34.846],[127.9651,34.8595]]],[[[128.0515,34.7295],[128.0587,34.7076],[128.0551,34.6974],[128.0407,34.6958],[128.0119,34.7093],[127.9759,34.6991],[127.9543,34.7599],[127.9363,34.7667],[127.9147,34.743],[127.9075,34.7126],[127.8679,34.7211],[127.8283,34.8511],[127.8283,34.8697],[127.8391,34.8866],[127.8607,34.8967],[127.8715,34.9237],[127.8895,34.9355],[127.9039,34.9406],[127.9183,34.9355],[127.9399,34.9136],[127.9291,34.8883],[127.9039,34.8697],[127.9183,34.8359],[127.9507,34.8241],[127.9615,34.8072],[128.0299,34.8224],[128.0695,34.8156],[128.0731,34.7937],[128.0623,34.7701],[128.0659,34.738],[128.0515,34.7295]]],[[[127.7995,34.5792],[127.7743,34.5843],[127.7383,34.613],[127.7347,34.6248],[127.7455,34.6485],[127.7671,34.6654],[127.7743,34.6907],[127.7599,34.7042],[127.7743,34.7177],[127.7959,34.7143],[127.7995,34.7042],[127.7959,34.6941],[127.7815,34.6839],[127.7923,34.6822],[127.8031,34.6704],[127.8175,34.6316],[127.8067,34.5877],[127.7995,34.5792]]],[[[127.7311,34.5083],[127.7239,34.5235],[127.7059,34.5337],[127.7311,34.5488],[127.7491,34.5505],[127.7599,34.5438],[127.7779,34.5185],[127.7743,34.5083],[127.7923,34.4982],[127.7923,34.4914],[127.7779,34.4881],[127.7311,34.5083]]],[[[127.4899,34.4256],[127.4719,34.434],[127.4539,34.4526],[127.4539,34.4712],[127.4863,34.461],[127.5115,34.4695],[127.5331,34.4509],[127.5367,34.434],[127.5295,34.4273],[127.4935,34.4138],[127.4899,34.4256]]],[[[127.2775,34.044],[127.2811,34.0575],[127.2955,34.0608],[127.2955,34.0372],[127.3243,34.0051],[127.2919,34.0169],[127.2775,34.044]]],[[[127.1515,34.4188],[127.1191,34.4374],[127.1227,34.456],[127.1119,34.4644],[127.1407,34.4779],[127.2199,34.4864],[127.2343,34.4796],[127.2451,34.4644],[127.2415,34.4458],[127.2271,34.4306],[127.1515,34.4188]]],[[[127.0723,34.3344],[127.0651,34.3276],[127.0399,34.3124],[127.0363,34.3209],[127.0507,34.331],[127.0471,34.3361],[127.0255,34.3395],[127.0255,34.3479],[126.9931,34.358],[127.0075,34.3631],[127.0255,34.3817],[127.0471,34.358],[127.0759,34.3597],[127.0975,34.3378],[127.0723,34.3428],[127.0723,34.3344]]],[[[126.9067,33.3955],[126.8743,33.3736],[126.8419,33.3094],[126.7807,33.3061],[126.7411,33.2807],[126.6403,33.2638],[126.6079,33.2402],[126.5647,33.2334],[126.5215,33.2368],[126.4711,33.2284],[126.4279,33.2385],[126.3343,33.2385],[126.3055,33.2267],[126.2875,33.1997],[126.2695,33.198],[126.2551,33.2047],[126.2299,33.2351],[126.2011,33.2436],[126.1723,33.2689],[126.1615,33.301],[126.1795,33.3415],[126.2047,33.3753],[126.2407,33.3922],[126.2695,33.4361],[126.2983,33.4411],[126.3091,33.4648],[126.4603,33.5019],[126.4855,33.5205],[126.5827,33.5289],[126.6475,33.5526],[126.6655,33.5492],[126.7915,33.5644],[126.8239,33.5593],[126.8491,33.5357],[126.8995,33.5188],[126.9139,33.507],[126.9211,33.4766],[126.9319,33.4648],[126.9463,33.4783],[126.9535,33.4648],[126.9319,33.4513],[126.9391,33.431],[126.9067,33.3955]]],[[[126.8671,34.1622],[126.8527,34.1588],[126.8491,34.174],[126.8599,34.2027],[126.8815,34.2128],[126.8995,34.2094],[126.9247,34.1841],[126.9139,34.1571],[126.8887,34.152],[126.8671,34.1622]]],[[[126.7879,34.3209],[126.7591,34.3361],[126.7843,34.3428],[126.8023,34.3395],[126.8383,34.353],[126.8923,34.3412],[126.8779,34.3124],[126.8671,34.3141],[126.8419,34.304],[126.8275,34.3226],[126.7879,34.3209]]],[[[126.8239,34.4391],[126.8419,34.4323],[126.8347,34.4205],[126.8599,34.3935],[126.8239,34.3952],[126.8203,34.3884],[126.7951,34.3783],[126.7771,34.3547],[126.7663,34.38],[126.7519,34.3867],[126.7843,34.4273],[126.8239,34.4391]]],[[[126.7303,34.2888],[126.6907,34.3006],[126.6871,34.3074],[126.6979,34.3141],[126.6943,34.3209],[126.6511,34.3293],[126.6403,34.3479],[126.6403,34.3732],[126.6547,34.3952],[126.6871,34.4019],[126.7231,34.3817],[126.7447,34.3243],[126.7627,34.3091],[126.7699,34.2888],[126.7411,34.2989],[126.7303,34.2888]]],[[[126.6547,34.1166],[126.6403,34.1284],[126.6367,34.1419],[126.6439,34.1774],[126.6367,34.1875],[126.6439,34.1976],[126.6691,34.1892],[126.6727,34.1807],[126.6619,34.174],[126.6619,34.1655],[126.6799,34.147],[126.6691,34.1368],[126.6655,34.1183],[126.6547,34.1166]]],[[[126.5683,34.179],[126.5503,34.1909],[126.5611,34.2348],[126.5971,34.2263],[126.6151,34.2128],[126.6187,34.2044],[126.6079,34.1875],[126.5827,34.1858],[126.5899,34.179],[126.5683,34.179]]],[[[126.5467,37.2269],[126.5611,37.2388],[126.5611,37.2506],[126.5395,37.2827],[126.5611,37.2793],[126.5755,37.2877],[126.5791,37.2708],[126.6151,37.2556],[126.6187,37.2421],[126.6151,37.232],[126.5611,37.1999],[126.5395,37.1982],[126.5503,37.2151],[126.5467,37.2269]]],[[[126.5827,34.1571],[126.5359,34.1267],[126.5179,34.1267],[126.5071,34.1385],[126.5143,34.1689],[126.5323,34.179],[126.5755,34.1672],[126.6007,34.1689],[126.6151,34.1571],[126.6151,34.152],[126.5827,34.1571]]],[[[126.5071,37.465],[126.4423,37.4211],[126.4207,37.4228],[126.4171,37.4346],[126.3991,37.4363],[126.3991,37.4448],[126.3847,37.438],[126.3667,37.4431],[126.3703,37.4532],[126.3559,37.4667],[126.3595,37.4735],[126.3739,37.4718],[126.4207,37.4971],[126.4747,37.4988],[126.4927,37.5072],[126.4999,37.5309],[126.5143,37.5343],[126.5647,37.514],[126.5791,37.4887],[126.5071,37.465]]],[[[126.4099,37.6018],[126.3919,37.6086],[126.3703,37.6305],[126.4099,37.6406],[126.4171,37.6525],[126.3667,37.7268],[126.3739,37.796],[126.4063,37.8213],[126.4243,37.8247],[126.4711,37.7909],[126.5179,37.7673],[126.5215,37.7436],[126.5143,37.7234],[126.5287,37.6964],[126.5287,37.6508],[126.5431,37.6305],[126.5287,37.6254],[126.5179,37.6035],[126.5071,37.5967],[126.4747,37.6102],[126.4639,37.6035],[126.4099,37.6018]]],[[[126.4351,37.2388],[126.4351,37.2641],[126.4603,37.281],[126.4855,37.2793],[126.4999,37.2607],[126.4819,37.2539],[126.4711,37.2337],[126.4351,37.2388]]],[[[126.3595,36.4265],[126.3739,36.4367],[126.3775,36.4468],[126.3523,36.4333],[126.3415,36.4384],[126.3451,36.4536],[126.3631,36.4738],[126.3559,36.4789],[126.3451,36.4671],[126.3379,36.4755],[126.3271,36.4704],[126.3343,36.4958],[126.3163,36.5819],[126.3415,36.6038],[126.3595,36.6089],[126.3739,36.592],[126.3631,36.5667],[126.3811,36.5363],[126.3811,36.5177],[126.4063,36.4941],[126.3847,36.4941],[126.3847,36.4873],[126.4063,36.4789],[126.4063,36.4586],[126.4315,36.408],[126.3631,36.4113],[126.3595,36.4265]]],[[[126.3091,34.4239],[126.3055,34.4019],[126.2083,34.358],[126.1579,34.353],[126.1435,34.3547],[126.1471,34.3715],[126.1579,34.3817],[126.1543,34.3884],[126.1255,34.4036],[126.1255,34.3817],[126.1039,34.4019],[126.1147,34.4357],[126.1435,34.4627],[126.1723,34.4644],[126.1867,34.4948],[126.2227,34.5134],[126.2263,34.5269],[126.2371,34.5151],[126.2695,34.5218],[126.2731,34.537],[126.2659,34.5505],[126.2407,34.5657],[126.2479,34.5742],[126.2623,34.5759],[126.3091,34.5522],[126.3091,34.5455],[126.3235,34.5337],[126.3487,34.5472],[126.3487,34.5387],[126.3811,34.4982],[126.3739,34.4543],[126.3451,34.4087],[126.3343,34.407],[126.3091,34.4239]]],[[[126.3019,37.7318],[126.3199,37.747],[126.3271,37.7419],[126.3307,37.7166],[126.3703,37.6879],[126.3811,37.6693],[126.3703,37.6575],[126.3487,37.6575],[126.2803,37.6997],[126.2911,37.7048],[126.3019,37.7318]]],[[[126.3055,34.8562],[126.2479,34.8443],[126.2299,34.8545],[126.2731,34.8663],[126.2803,34.8781],[126.2983,34.8866],[126.2875,34.9136],[126.2983,34.917],[126.3343,34.9068],[126.3451,34.8967],[126.3451,34.8899],[126.3199,34.8815],[126.3199,34.8663],[126.3595,34.8579],[126.3631,34.8376],[126.3415,34.8224],[126.3307,34.8258],[126.3415,34.8376],[126.3055,34.8562]]],[[[126.2227,37.7605],[126.2191,37.7707],[126.2335,37.8027],[126.2479,37.8112],[126.2623,37.8146],[126.2947,37.8027],[126.3343,37.801],[126.3415,37.7926],[126.3343,37.774],[126.3199,37.7622],[126.2947,37.7605],[126.2551,37.769],[126.2227,37.7605]]],[[[126.2767,35.6076],[126.2767,35.6127],[126.2911,35.611],[126.3019,35.6194],[126.3091,35.616],[126.3055,35.6025],[126.2587,35.5704],[126.2515,35.5806],[126.2515,35.5873],[126.2623,35.5924],[126.2551,35.5958],[126.2767,35.6076]]],[[[126.1579,35.0943],[126.1651,35.1027],[126.1759,35.1061],[126.1975,35.0976],[126.2155,35.1044],[126.2263,35.0959],[126.2371,35.0976],[126.2191,35.0774],[126.2551,35.0571],[126.2659,35.0335],[126.2623,35.025],[126.2587,35.0216],[126.2371,35.0318],[126.2371,35.052],[126.1795,35.0656],[126.1579,35.0943]]],[[[126.2551,34.9288],[126.2479,34.917],[126.2263,34.9136],[126.2191,34.922],[126.2299,34.9355],[126.2551,34.9288]]],[[[126.1327,35.0402],[126.1399,35.047],[126.1291,35.052],[126.1363,35.0571],[126.1759,35.0537],[126.1831,35.0284],[126.1723,35.0233],[126.1327,35.0402]]],[[[126.1111,34.7177],[126.0679,34.7701],[126.1183,34.7701],[126.1651,34.7549],[126.1795,34.7126],[126.1723,34.7042],[126.1579,34.7025],[126.1399,34.7228],[126.1111,34.7177]]],[[[126.0931,34.7869],[126.1507,34.8089],[126.1687,34.792],[126.1615,34.7836],[126.1651,34.7701],[126.1579,34.765],[126.1471,34.7616],[126.0931,34.7869]]],[[[126.0679,35.1027],[126.1003,35.1128],[126.1111,35.1331],[126.1291,35.1432],[126.1651,35.1432],[126.1291,35.1213],[126.1255,35.1111],[126.1435,35.0824],[126.1219,35.0706],[126.1111,35.0504],[126.0607,35.0605],[126.0679,35.1027]]],[[[126.1579,37.232],[126.1435,37.2151],[126.1219,37.2117],[126.1111,37.2151],[126.1039,37.2286],[126.0895,37.2252],[126.0967,37.259],[126.1039,37.2675],[126.1579,37.232]]],[[[126.1219,34.8781],[126.1435,34.8798],[126.1543,34.8646],[126.1399,34.8579],[126.1435,34.8325],[126.1183,34.8241],[126.1147,34.8038],[126.0967,34.7988],[126.0643,34.8427],[126.0679,34.8511],[126.0823,34.8562],[126.1111,34.8528],[126.1219,34.8781]]],[[[126.0571,34.532],[126.0319,34.5387],[126.0535,34.5488],[126.0319,34.5556],[126.0355,34.5624],[126.0643,34.564],[126.0823,34.5809],[126.0607,34.6215],[126.0679,34.6248],[126.1003,34.6063],[126.1039,34.5944],[126.1003,34.559],[126.0571,34.532]]],[[[126.0535,34.8595],[126.0319,34.8697],[125.9851,34.8629],[125.9851,34.8697],[126.0139,34.9001],[126.0283,34.9102],[126.0535,34.9068],[126.0607,34.9271],[126.0715,34.9288],[126.0895,34.9119],[126.0931,34.8967],[126.0823,34.8714],[126.0535,34.8595]]],[[[126.0499,34.2804],[126.0283,34.2871],[126.0211,34.2956],[126.0247,34.3108],[126.0895,34.3074],[126.0859,34.2837],[126.0679,34.2787],[126.0607,34.2854],[126.0499,34.2804]]],[[[126.0607,34.5843],[126.0571,34.5725],[126.0283,34.5657],[126.0211,34.5708],[126.0175,34.6063],[126.0283,34.635],[126.0607,34.5843]]],[[[125.9599,34.6569],[125.9455,34.667],[125.9239,34.6704],[125.9167,34.6873],[125.9239,34.6958],[125.9527,34.7059],[125.9779,34.7278],[126.0067,34.6924],[125.9779,34.6569],[125.9599,34.6569]]],[[[125.9455,34.7565],[125.9455,34.743],[125.9311,34.7228],[125.9059,34.7194],[125.8915,34.7363],[125.8951,34.7616],[125.9131,34.7768],[125.9383,34.7768],[125.9887,34.7903],[125.9995,34.7903],[126.0067,34.7802],[126.0067,34.7599],[125.9851,34.7667],[125.9779,34.7565],[125.9455,34.7565]]],[[[125.6791,37.6778],[125.6899,37.6795],[125.7079,37.6727],[125.7043,37.6609],[125.6863,37.6525],[125.6791,37.6778]]],[[[125.4091,34.6282],[125.3983,34.6316],[125.3911,34.6468],[125.3983,34.6721],[125.4127,34.6924],[125.4307,34.6991],[125.4379,34.689],[125.4559,34.6907],[125.4595,34.6873],[125.4091,34.6282]]],[[[125.1211,34.0845],[125.1391,34.0507],[125.1355,34.0473],[125.0923,34.071],[125.0887,34.0794],[125.1031,34.0963],[125.1211,34.0845]]],[[[124.707,37.9328],[124.6854,37.9192],[124.6458,37.9243],[124.6134,37.9446],[124.6242,37.98],[124.6494,37.9733],[124.7034,37.9885],[124.7322,37.98],[124.743,37.9699],[124.743,37.9547],[124.7286,37.9463],[124.707,37.9564],[124.6818,37.9547],[124.6782,37.9412],[124.707,37.9328]]],[[[124.6854,37.7994],[124.6746,37.8162],[124.7106,37.8483],[124.725,37.8433],[124.725,37.8382],[124.7142,37.8095],[124.6854,37.7994]]]]}},{"type":"Feature","properties":{"id":"ne-north-korea","layer":"polity","nameEn":"Democratic People's Republic of Korea","nameKo":"조선민주주의인민공화국","category":"국가(현대)","role":"korean","startYear":1948,"endYear":2026,"confidence":"high","license":"Public domain (Natural Earth)","wikipedia":null,"wikidata":null,"sources":["NE"],"uiDefault":true,"label":[126.744,40.342],"note":"현행 경계. 1948~1950 및 정전 이전의 경계와는 다름(38선/MDL 레이어 참고). 대한민국 폴리곤에 독도가 포함되어 있음(NE 표현).","source":"korea"},"geometry":{"type":"MultiPolygon","coordinates":[[[[128.2819,38.4849],[128.2675,38.4528],[128.2243,38.4005],[128.1739,38.3566],[128.1091,38.3228],[128.0407,38.3042],[127.8679,38.3042],[127.7995,38.2941],[127.7743,38.3059],[127.7527,38.3262],[127.5619,38.3127],[127.4719,38.2958],[127.3783,38.3178],[127.2523,38.3093],[127.2235,38.3127],[127.1587,38.3076],[127.0903,38.2857],[127.0255,38.2553],[126.9643,38.2131],[126.9211,38.1354],[126.8635,38.0965],[126.7627,37.9783],[126.7231,37.9547],[126.6655,37.9378],[126.6619,37.9142],[126.6691,37.8281],[126.6547,37.8146],[126.6511,37.7994],[126.5935,37.774],[126.5755,37.7774],[126.4351,37.8483],[126.3991,37.8922],[126.3595,37.8838],[126.2587,37.845],[126.2011,37.845],[126.1579,37.8298],[126.1471,37.8196],[126.1651,37.769],[126.1615,37.7403],[126.1579,37.7335],[126.1111,37.7403],[126.0859,37.801],[126.0643,37.8027],[126.0571,37.8247],[126.0571,37.8703],[126.0247,37.8534],[126.0139,37.8551],[125.9995,37.8855],[125.9599,37.9125],[125.9455,37.9024],[125.9491,37.8889],[125.9743,37.8737],[125.9851,37.823],[125.9563,37.8399],[125.9203,37.845],[125.8951,37.8652],[125.8339,37.9429],[125.8051,37.9513],[125.8051,37.9885],[125.7979,37.9935],[125.7475,38.0071],[125.6863,38.0121],[125.6215,38.0324],[125.5963,38.0324],[125.5783,38.0256],[125.5783,38.0087],[125.5963,37.9919],[125.6395,37.9733],[125.6755,37.9783],[125.6863,37.9716],[125.6791,37.953],[125.7007,37.9581],[125.7187,37.953],[125.6971,37.926],[125.7331,37.9328],[125.7403,37.926],[125.7151,37.9074],[125.6863,37.899],[125.6683,37.899],[125.6323,37.926],[125.6287,37.9024],[125.6395,37.8568],[125.6215,37.8365],[125.6431,37.823],[125.6395,37.8129],[125.6107,37.8061],[125.6215,37.7656],[125.5927,37.7639],[125.5747,37.774],[125.5819,37.7825],[125.5711,37.7875],[125.5531,37.7825],[125.5495,37.7707],[125.5279,37.7723],[125.5207,37.7808],[125.5279,37.796],[125.5027,37.7791],[125.4739,37.7318],[125.4379,37.72],[125.3839,37.7166],[125.3623,37.6795],[125.3479,37.6761],[125.3335,37.6862],[125.3479,37.7386],[125.3623,37.7605],[125.3911,37.7538],[125.4451,37.774],[125.4307,37.7808],[125.3947,37.7757],[125.3767,37.7825],[125.3911,37.796],[125.4343,37.8196],[125.4559,37.823],[125.5063,37.8129],[125.5243,37.8179],[125.5279,37.8433],[125.4991,37.8399],[125.4775,37.8568],[125.5099,37.8838],[125.5099,37.8939],[125.4631,37.9041],[125.4451,37.9209],[125.4235,37.9125],[125.4307,37.899],[125.3839,37.8922],[125.4451,37.8601],[125.4451,37.8433],[125.4271,37.8568],[125.3983,37.8652],[125.3479,37.8652],[125.3587,37.8517],[125.3767,37.8433],[125.3263,37.8129],[125.3083,37.8095],[125.3011,37.823],[125.2399,37.823],[125.2507,37.8382],[125.2939,37.8601],[125.3083,37.8787],[125.3011,37.8956],[125.2579,37.9142],[125.2615,37.9328],[125.2399,37.9294],[125.2075,37.8804],[125.1751,37.8669],[125.0995,37.8753],[125.0635,37.8956],[125.0131,37.9057],[125.0059,37.9192],[125.0131,37.9395],[124.9806,37.926],[124.9914,37.953],[125.0383,37.9632],[125.0635,37.9783],[125.0887,37.9767],[125.1355,37.9598],[125.1643,37.9632],[125.1859,37.98],[125.1787,37.9885],[125.1571,37.98],[125.1427,37.9834],[125.1139,38.002],[125.1067,38.0341],[125.1175,38.0425],[125.2003,38.0493],[125.2147,38.0459],[125.2183,38.0273],[125.2255,38.0223],[125.2471,38.0206],[125.2543,38.0543],[125.2723,38.0628],[125.2651,38.078],[125.2075,38.083],[125.1391,38.0982],[125.0131,38.0628],[124.9374,38.0982],[124.905,38.1253],[124.887,38.132],[124.8654,38.1067],[124.7934,38.0982],[124.6782,38.1151],[124.6674,38.1253],[124.6746,38.1371],[124.6962,38.1455],[124.7466,38.1472],[124.7646,38.1556],[124.7718,38.1759],[124.779,38.1793],[124.8222,38.186],[124.8546,38.2266],[124.8798,38.2299],[124.8942,38.2215],[124.9194,38.1894],[124.9914,38.2266],[124.9662,38.235],[124.9158,38.2283],[124.8726,38.257],[124.869,38.2823],[124.8798,38.3448],[124.9266,38.4089],[124.9482,38.4512],[124.959,38.4613],[124.9734,38.463],[124.9734,38.441],[125.0167,38.4984],[125.0203,38.5153],[124.995,38.5356],[124.9914,38.5457],[124.9986,38.566],[124.9806,38.5845],[124.9842,38.5913],[124.9986,38.593],[125.0167,38.5829],[125.0383,38.5913],[125.0419,38.5812],[125.0599,38.5677],[125.1031,38.593],[125.1283,38.5795],[125.1355,38.5913],[125.1355,38.6251],[125.1175,38.6453],[125.1247,38.6656],[125.1391,38.6622],[125.1571,38.6318],[125.1787,38.6352],[125.1787,38.6707],[125.2039,38.6521],[125.2363,38.6572],[125.2687,38.6707],[125.3011,38.6572],[125.3443,38.6876],[125.3983,38.6943],[125.4415,38.6859],[125.4523,38.7044],[125.4631,38.7078],[125.5063,38.6859],[125.5135,38.6774],[125.5135,38.6572],[125.5207,38.6521],[125.5315,38.6538],[125.5459,38.6791],[125.5567,38.6774],[125.5855,38.642],[125.6395,38.6268],[125.6575,38.6318],[125.6323,38.6588],[125.5891,38.6656],[125.5279,38.7213],[125.4775,38.7281],[125.4487,38.777],[125.4379,38.7754],[125.4235,38.7551],[125.4127,38.7551],[125.4343,38.7365],[125.4199,38.7298],[125.3875,38.7179],[125.3551,38.7348],[125.3515,38.7213],[125.3407,38.7179],[125.3155,38.7213],[125.3011,38.7348],[125.2975,38.7213],[125.3083,38.7078],[125.2795,38.7027],[125.2615,38.7078],[125.2435,38.7281],[125.2687,38.7551],[125.2543,38.7618],[125.2543,38.7838],[125.2399,38.7939],[125.2255,38.7956],[125.2291,38.772],[125.2183,38.7399],[125.1895,38.7382],[125.1715,38.7635],[125.1463,38.777],[125.1355,38.8041],[125.1535,38.8919],[125.1715,38.9391],[125.2003,38.9746],[125.2003,38.9864],[125.2723,39.081],[125.3335,39.0827],[125.2831,39.0894],[125.2903,39.1046],[125.2867,39.1316],[125.2939,39.1435],[125.2867,39.1519],[125.3083,39.1654],[125.3443,39.1688],[125.3299,39.1941],[125.3443,39.2127],[125.3659,39.2211],[125.4127,39.2144],[125.4055,39.2296],[125.3947,39.2363],[125.3947,39.2465],[125.4307,39.3005],[125.4451,39.3106],[125.4163,39.3208],[125.4127,39.3343],[125.4199,39.3512],[125.4055,39.3647],[125.4235,39.3579],[125.4451,39.3664],[125.4595,39.3849],[125.3767,39.3917],[125.3587,39.3984],[125.3587,39.4136],[125.3839,39.4407],[125.3443,39.4339],[125.3443,39.4592],[125.3983,39.5014],[125.4127,39.5386],[125.4415,39.547],[125.4523,39.5707],[125.4451,39.5842],[125.2867,39.5217],[125.2363,39.5622],[125.2111,39.5724],[125.2255,39.5909],[125.1571,39.5909],[125.1715,39.5639],[125.1175,39.5656],[125.1031,39.5994],[125.0959,39.6028],[125.0599,39.6011],[125.0383,39.6078],[125.0095,39.6348],[124.9878,39.6382],[124.959,39.6619],[124.9482,39.6635],[124.9374,39.6467],[124.9014,39.6619],[124.8942,39.6923],[124.8798,39.7041],[124.833,39.726],[124.8114,39.7277],[124.8006,39.7395],[124.7718,39.7412],[124.761,39.748],[124.7574,39.7699],[124.7466,39.7834],[124.7394,39.7615],[124.7538,39.7345],[124.743,39.6906],[124.7574,39.6872],[124.7538,39.672],[124.7286,39.6652],[124.743,39.645],[124.7178,39.6467],[124.6962,39.6382],[124.6746,39.6213],[124.6494,39.6129],[124.6386,39.5909],[124.6242,39.5977],[124.6278,39.6112],[124.617,39.6146],[124.6098,39.6281],[124.6278,39.645],[124.6314,39.6635],[124.6458,39.6703],[124.6458,39.6973],[124.6242,39.6939],[124.6098,39.7142],[124.5846,39.7243],[124.581,39.7311],[124.5882,39.7666],[124.5666,39.7784],[124.563,39.8138],[124.4334,39.8307],[124.419,39.824],[124.4046,39.8408],[124.3974,39.8662],[124.3614,39.8712],[124.3506,39.8932],[124.3218,39.9135],[124.3326,39.9253],[124.3686,39.9405],[124.383,40.003],[124.4046,40.0283],[124.4658,40.0148],[124.4982,40.0232],[124.4118,40.0367],[124.3902,40.0485],[124.3686,40.0975],[124.527,40.214],[124.5486,40.2208],[124.5522,40.236],[124.5702,40.2529],[124.6098,40.2714],[124.6422,40.2951],[124.7142,40.3103],[124.7394,40.3711],[124.8006,40.3947],[124.851,40.4319],[124.8942,40.4842],[124.9194,40.4606],[124.9338,40.4555],[125.0419,40.4606],[125.0455,40.4707],[125.0383,40.4842],[125.0167,40.5078],[125.0239,40.5349],[125.0743,40.5484],[125.1823,40.594],[125.2579,40.6142],[125.2759,40.6429],[125.2939,40.648],[125.3371,40.6412],[125.3623,40.6463],[125.3839,40.6345],[125.4127,40.6311],[125.4199,40.6666],[125.4523,40.6733],[125.4595,40.702],[125.4775,40.7189],[125.5459,40.7257],[125.5603,40.778],[125.5711,40.7848],[125.5999,40.7729],[125.6107,40.7611],[125.6683,40.7628],[125.6827,40.7696],[125.6431,40.8101],[125.6827,40.8472],[125.7079,40.8607],[125.7475,40.8675],[125.7619,40.8861],[125.8231,40.8692],[125.8843,40.8979],[125.9023,40.8996],[125.9347,40.8776],[125.9635,40.8911],[126.0067,40.8996],[126.0139,40.9097],[126.0103,40.9131],[125.9815,40.9131],[125.9923,40.9283],[126.0283,40.935],[126.0463,40.9452],[126.0715,40.9806],[126.0679,40.9891],[126.0751,40.9975],[126.1039,41.0093],[126.1003,41.0229],[126.1399,41.0566],[126.1255,41.0752],[126.1471,41.0921],[126.2623,41.1427],[126.2839,41.1647],[126.3091,41.2086],[126.3559,41.2491],[126.3811,41.2913],[126.4423,41.3487],[126.4711,41.3673],[126.4999,41.3656],[126.4891,41.3437],[126.5215,41.3521],[126.5215,41.3775],[126.4999,41.4349],[126.5431,41.4889],[126.5575,41.5345],[126.5827,41.575],[126.5683,41.602],[126.5683,41.6139],[126.6187,41.6662],[126.6799,41.6713],[126.7267,41.7017],[126.6871,41.7236],[126.6799,41.7354],[126.6979,41.7405],[126.7267,41.7371],[126.7879,41.6966],[126.8095,41.7304],[126.8635,41.7473],[126.8887,41.7844],[126.9283,41.8013],[126.9391,41.7945],[126.9391,41.7726],[126.9463,41.7658],[126.9823,41.7641],[127.0327,41.7321],[127.0435,41.7321],[127.0471,41.7185],[127.0759,41.6814],[127.0507,41.678],[127.0471,41.6679],[127.0579,41.6426],[127.1047,41.6257],[127.0975,41.6122],[127.1659,41.5953],[127.1803,41.5851],[127.1371,41.57],[127.1047,41.5379],[127.1299,41.5311],[127.1335,41.5227],[127.1551,41.5311],[127.1803,41.5176],[127.2055,41.5463],[127.2451,41.5277],[127.2811,41.5311],[127.2883,41.5193],[127.2703,41.5058],[127.3063,41.494],[127.3459,41.4906],[127.3783,41.499],[127.4035,41.4838],[127.4287,41.4838],[127.4755,41.499],[127.5259,41.4838],[127.5439,41.4906],[127.5439,41.4686],[127.5583,41.4585],[127.5979,41.4501],[127.6375,41.4298],[127.6591,41.4467],[127.6915,41.4382],[127.7851,41.4366],[127.8103,41.4433],[127.8283,41.4332],[127.8499,41.4315],[127.8643,41.4382],[127.8715,41.4534],[127.9039,41.4669],[127.9435,41.4703],[127.9759,41.4501],[128.0011,41.4703],[128.0119,41.4602],[128.0155,41.4129],[128.0335,41.4129],[128.0515,41.4214],[128.0479,41.3994],[128.0659,41.3893],[128.0875,41.3893],[128.1055,41.3994],[128.1199,41.3927],[128.1055,41.3791],[128.1451,41.3758],[128.1847,41.4045],[128.2891,41.5446],[128.3035,41.5835],[128.2819,41.6054],[128.2819,41.6223],[128.2495,41.6594],[128.1595,41.7118],[128.1559,41.7337],[128.0911,41.8418],[128.0587,41.8503],[128.0479,41.8638],[128.0191,41.9651],[128.0335,41.9938],[128.1019,41.9989],[128.2603,42.0326],[128.3647,42.0259],[128.4079,42.009],[128.4547,42.0107],[128.5015,41.9955],[128.5447,42.0073],[128.5627,42.0005],[128.5735,42.0039],[128.5879,42.0208],[128.6095,42.0309],[128.6815,42.0259],[128.7103,42.0309],[128.7211,42.0478],[128.8183,42.0444],[128.9047,42.0259],[128.9407,42.036],[128.9623,42.0883],[129.0271,42.1019],[129.0631,42.1356],[129.0631,42.1542],[129.0883,42.1424],[129.1207,42.1491],[129.2107,42.2201],[129.2107,42.2353],[129.1855,42.2353],[129.1819,42.2538],[129.2107,42.2673],[129.2179,42.291],[129.2287,42.2977],[129.1927,42.3112],[129.1927,42.318],[129.2359,42.3231],[129.2431,42.3383],[129.2287,42.3501],[129.2287,42.3585],[129.2431,42.3788],[129.3043,42.3889],[129.3151,42.4227],[129.3259,42.4261],[129.3367,42.4142],[129.3511,42.421],[129.3403,42.4446],[129.3619,42.4446],[129.3871,42.4277],[129.4339,42.4413],[129.4879,42.4024],[129.5167,42.3906],[129.5347,42.3703],[129.5527,42.3771],[129.5635,42.4041],[129.5887,42.4109],[129.5959,42.4227],[129.5923,42.448],[129.6715,42.4379],[129.7039,42.4429],[129.7291,42.475],[129.7363,42.5848],[129.7615,42.6067],[129.7615,42.6118],[129.7471,42.6152],[129.7399,42.6287],[129.7507,42.6422],[129.7759,42.6473],[129.7723,42.6625],[129.7867,42.6777],[129.7867,42.6844],[129.7579,42.703],[129.7543,42.7216],[129.7615,42.7469],[129.7903,42.7925],[129.7975,42.8364],[129.8479,42.9276],[129.8515,42.9613],[129.8623,42.9698],[129.9055,42.9765],[129.8839,42.9884],[129.8803,42.9968],[129.9091,43.0086],[129.9343,43.0086],[129.9703,42.9732],[129.9955,42.9613],[130.0459,42.9613],[130.1215,42.9816],[130.1323,42.9732],[130.1287,42.9597],[130.1215,42.9428],[130.0999,42.9208],[130.1395,42.9073],[130.1935,42.909],[130.2403,42.9022],[130.2547,42.8668],[130.2439,42.7435],[130.2619,42.7081],[130.3159,42.6675],[130.3231,42.6506],[130.3915,42.6067],[130.4275,42.6],[130.4311,42.5611],[130.4527,42.5493],[130.4671,42.5544],[130.4707,42.5696],[130.4563,42.5848],[130.4671,42.6],[130.4851,42.6101],[130.5031,42.6101],[130.5175,42.6],[130.5247,42.5493],[130.5463,42.5071],[130.5463,42.4953],[130.5751,42.4463],[130.5859,42.4328],[130.6471,42.4007],[130.6579,42.3838],[130.6615,42.3214],[130.7011,42.2944],[130.5967,42.2623],[130.5967,42.2977],[130.5679,42.3146],[130.5391,42.318],[130.5103,42.3366],[130.4815,42.3399],[130.4671,42.3349],[130.4707,42.3214],[130.4563,42.3112],[130.4383,42.3095],[130.4203,42.3247],[130.4059,42.3247],[130.4059,42.3079],[130.3843,42.291],[130.3915,42.264],[130.4059,42.2606],[130.4023,42.242],[130.3771,42.2572],[130.3663,42.2555],[130.3591,42.2437],[130.3699,42.2319],[130.3591,42.2285],[130.3519,42.2167],[130.3339,42.2133],[130.3303,42.1913],[130.3087,42.1829],[130.3159,42.2184],[130.3087,42.2369],[130.2943,42.2369],[130.2295,42.1829],[130.2007,42.1728],[130.2007,42.1019],[130.1755,42.0985],[130.1611,42.085],[130.1683,42.0765],[130.1503,42.0748],[130.1215,42.09],[130.0927,42.09],[130.0747,42.0782],[130.0675,42.0512],[130.0531,42.0512],[130.0351,42.0124],[130.0351,41.9955],[130.0279,41.9921],[130.0135,42.014],[130.0027,42.0107],[130.0027,41.9904],[129.9811,41.982],[130.0027,41.9617],[129.9847,41.9549],[129.9739,41.9414],[129.9631,41.8992],[129.9559,41.8925],[129.9451,41.8942],[129.9379,41.9043],[129.9127,41.911],[129.8983,41.9043],[129.8839,41.857],[129.8839,41.8249],[129.8695,41.7912],[129.8551,41.781],[129.8515,41.7641],[129.8443,41.7591],[129.8263,41.7776],[129.8119,41.7776],[129.7759,41.7591],[129.7507,41.6966],[129.7399,41.6848],[129.7147,41.6746],[129.6895,41.6493],[129.6679,41.5767],[129.6499,41.5497],[129.6607,41.526],[129.6535,41.494],[129.6607,41.4653],[129.7003,41.4281],[129.7147,41.4197],[129.7363,41.4214],[129.7579,41.3927],[129.7687,41.3859],[129.7975,41.3859],[129.8047,41.3758],[129.7867,41.3251],[129.7687,41.315],[129.7579,41.293],[129.7183,41.1664],[129.7111,41.1225],[129.7291,41.0853],[129.7183,41.0566],[129.7291,40.979],[129.7327,40.9688],[129.7651,40.9452],[129.7543,40.9384],[129.7543,40.9097],[129.7327,40.8911],[129.7363,40.8709],[129.7183,40.8354],[129.7075,40.8354],[129.6967,40.8456],[129.6643,40.8388],[129.5707,40.8405],[129.5527,40.8287],[129.5527,40.8101],[129.5311,40.8067],[129.5059,40.7915],[129.4771,40.7932],[129.4267,40.7814],[129.3511,40.7459],[129.3043,40.6733],[129.2863,40.6834],[129.2719,40.7088],[129.2323,40.7054],[129.2107,40.6851],[129.1963,40.6379],[129.1747,40.6041],[129.1711,40.5686],[129.1603,40.5652],[129.1495,40.5467],[129.0775,40.4724],[129.0307,40.4741],[128.9767,40.4606],[128.8615,40.3711],[128.8291,40.3677],[128.8147,40.3542],[128.7643,40.3457],[128.7535,40.3356],[128.7211,40.339],[128.6887,40.3305],[128.6707,40.3103],[128.6563,40.3103],[128.6563,40.3204],[128.6383,40.3137],[128.6203,40.2968],[128.6167,40.2714],[128.6563,40.2579],[128.6671,40.241],[128.6635,40.2005],[128.6347,40.1836],[128.6203,40.1803],[128.5879,40.187],[128.5447,40.1667],[128.5267,40.1431],[128.5087,40.1347],[128.4799,40.1347],[128.4367,40.1043],[128.4115,40.0958],[128.3647,40.0975],[128.3395,40.0671],[128.3287,40.0283],[128.3035,40.0333],[128.2819,40.0654],[128.2639,40.0772],[128.2351,40.0671],[128.2279,40.057],[128.2351,40.03],[128.1919,40.03],[128.1559,40.0165],[128.1379,40.0266],[128.0083,40.0452],[128.0011,40.0401],[127.9975,40.0198],[127.9651,40.0046],[127.9399,39.9742],[127.9291,39.9726],[127.9075,39.9844],[127.8895,39.9607],[127.8823,39.9016],[127.8751,39.8932],[127.7815,39.8848],[127.7959,39.8763],[127.7923,39.8662],[127.7635,39.8544],[127.7275,39.8577],[127.6951,39.8476],[127.6807,39.8172],[127.6627,39.8071],[127.6483,39.8206],[127.6231,39.8307],[127.6087,39.8105],[127.5763,39.7969],[127.5619,39.7834],[127.5511,39.7615],[127.5223,39.7463],[127.5007,39.7075],[127.5115,39.65],[127.5511,39.6365],[127.5691,39.618],[127.5763,39.5943],[127.5367,39.5521],[127.5187,39.5099],[127.5619,39.3444],[127.5619,39.3157],[127.5439,39.3022],[127.5223,39.3157],[127.5259,39.3444],[127.5439,39.3714],[127.5079,39.4086],[127.4935,39.4339],[127.4827,39.4373],[127.4683,39.4305],[127.4251,39.3917],[127.3783,39.3782],[127.3783,39.3714],[127.3891,39.3664],[127.4251,39.3579],[127.4539,39.368],[127.4683,39.3647],[127.4719,39.3478],[127.4683,39.3393],[127.4251,39.3309],[127.4143,39.341],[127.3927,39.341],[127.3999,39.3241],[127.3855,39.2971],[127.3711,39.2397],[127.3927,39.2026],[127.4539,39.1654],[127.4719,39.1688],[127.4719,39.1941],[127.4899,39.1941],[127.5115,39.157],[127.5331,39.1468],[127.6087,39.1519],[127.6303,39.1468],[127.6627,39.1215],[127.7599,39.1164],[127.8247,39.0438],[127.8499,39.0016],[127.8859,38.9746],[127.8895,38.9611],[127.8931,38.9577],[127.9075,38.9679],[127.9147,38.9645],[127.9255,38.9341],[127.9615,38.9172],[127.9939,38.875],[128.0155,38.8581],[128.0911,38.8429],[128.2099,38.7281],[128.2819,38.7551],[128.3143,38.7179],[128.3395,38.7027],[128.3611,38.6791],[128.3647,38.6251],[128.3071,38.6014],[128.2819,38.5845],[128.2747,38.571],[128.2855,38.5204],[128.2819,38.4849]]],[[[125.2471,37.6997],[125.2255,37.6964],[125.2219,37.7031],[125.2507,37.7318],[125.2651,37.7369],[125.2759,37.7335],[125.2795,37.7487],[125.3371,37.769],[125.2975,37.7284],[125.2471,37.6997]]],[[[125.1823,37.8196],[125.1931,37.8162],[125.1571,37.7859],[125.1463,37.7859],[125.1427,37.7994],[125.1823,37.8196]]],[[[125.0239,37.8078],[124.9986,37.8078],[125.0059,37.8196],[125.0275,37.8196],[125.0311,37.8365],[125.0419,37.8348],[125.0455,37.8247],[125.0239,37.8078]]],[[[124.8834,39.5268],[124.8618,39.5082],[124.8186,39.4947],[124.8366,39.5217],[124.851,39.5166],[124.8582,39.5285],[124.8438,39.5437],[124.8582,39.5437],[124.8546,39.5741],[124.869,39.5808],[124.869,39.596],[124.8834,39.6044],[124.8798,39.6129],[124.8978,39.6146],[124.9266,39.6044],[124.923,39.5977],[124.9086,39.5943],[124.9338,39.5504],[124.8834,39.5268]]],[[[124.8006,38.5086],[124.7898,38.517],[124.7934,38.5339],[124.8438,38.5558],[124.851,38.5457],[124.8834,38.5288],[124.905,38.4951],[124.8402,38.5103],[124.8222,38.5221],[124.8006,38.5086]]],[[[124.6962,39.5031],[124.6818,39.5082],[124.6818,39.5217],[124.6926,39.5352],[124.7034,39.5369],[124.707,39.52],[124.6962,39.5031]]],[[[124.5954,39.5386],[124.599,39.5453],[124.6314,39.5656],[124.6746,39.5707],[124.6926,39.569],[124.6998,39.5622],[124.6746,39.5386],[124.6602,39.5386],[124.6458,39.547],[124.5954,39.5386]]],[[[124.6206,39.4322],[124.5954,39.4305],[124.5918,39.4474],[124.6134,39.4575],[124.6206,39.4322]]],[[[124.2354,39.8172],[124.2426,39.802],[124.2246,39.7919],[124.2102,39.7953],[124.221,39.8189],[124.2354,39.8172]]]]}},{"type":"Feature","properties":{"id":"cap-hanyang","layer":"site","nameEn":"Hanyang / Seoul","nameKo":"한양/서울","category":"도읍","role":"korean","startYear":1394,"endYear":2026,"confidence":"high","license":"original (authored)","wikipedia":null,"wikidata":null,"sources":["GK"],"uiDefault":false,"label":null,"note":"조선 도읍(1394)~현재 대한민국 수도. 일제강점기(1910~1945)에는 경성으로 불림.","source":"korea"},"geometry":{"type":"Point","coordinates":[126.98,37.57]}},{"type":"Feature","properties":{"id":"cap-pyongyang-modern","layer":"site","nameEn":"Pyongyang (DPRK capital)","nameKo":"평양(현대 북한 수도)","category":"도읍","role":"korean","startYear":1948,"endYear":2026,"confidence":"high","license":"original (authored)","wikipedia":null,"wikidata":null,"sources":["GK"],"uiDefault":false,"label":null,"note":"조선민주주의인민공화국 수도.","source":"korea"},"geometry":{"type":"Point","coordinates":[125.75,39.02]}},{"type":"Feature","properties":{"id":"stele-bukhansan","layer":"site","nameEn":"Bukhansan Monument (Jinheung)","nameKo":"북한산 순수비","category":"영역 증거(순수비)","role":"korean","startYear":555,"endYear":2026,"confidence":"medium","license":"original (authored)","wikipedia":null,"wikidata":null,"sources":["KOWIKI_SILLA","GK"],"uiDefault":false,"label":null,"note":"진흥왕 한강 유역 진출(553) 이후의 순수비로 알려짐(연도 근사).","source":"korea"},"geometry":{"type":"Point","coordinates":[126.96,37.62]}},{"type":"Feature","properties":{"id":"stele-changnyeong","layer":"site","nameEn":"Changnyeong Monument (Jinheung)","nameKo":"창녕 순수비","category":"영역 증거(순수비)","role":"korean","startYear":561,"endYear":2026,"confidence":"medium","license":"original (authored)","wikipedia":null,"wikidata":null,"sources":["KOWIKI_SILLA","GK"],"uiDefault":false,"label":null,"note":"가야 방면 진출 관련 순수비로 알려짐(연도 근사).","source":"korea"},"geometry":{"type":"Point","coordinates":[128.49,35.54]}},{"type":"Feature","properties":{"id":"stele-hwangchoryeong","layer":"site","nameEn":"Hwangchoryeong Monument (Jinheung)","nameKo":"황초령 순수비","category":"영역 증거(순수비)","role":"korean","startYear":568,"endYear":2026,"confidence":"low","license":"original (authored)","wikipedia":null,"wikidata":null,"sources":["KOWIKI_SILLA","GK"],"uiDefault":false,"label":null,"note":"함경도 방면 진출을 보여 주는 순수비로 알려짐. 좌표는 지명 기준 개략.","source":"korea"},"geometry":{"type":"Point","coordinates":[127.45,40.25]}},{"type":"Feature","properties":{"id":"stele-maunryeong","layer":"site","nameEn":"Maunryeong Monument (Jinheung)","nameKo":"마운령 순수비","category":"영역 증거(순수비)","role":"korean","startYear":568,"endYear":2026,"confidence":"low","license":"original (authored)","wikipedia":null,"wikidata":null,"sources":["KOWIKI_SILLA","GK"],"uiDefault":false,"label":null,"note":"함경도 방면 진출을 보여 주는 순수비로 알려짐. 좌표는 지명 기준 개략.","source":"korea"},"geometry":{"type":"Point","coordinates":[128.4,40.35]}},{"type":"Feature","properties":{"id":"mod-38","layer":"line","nameEn":"38th parallel (1945 division line)","nameKo":"38도선(1945 분할선)","category":"국경·경계","role":"korean","startYear":1945,"endYear":1950,"confidence":"high","license":"original (authored)","wikipedia":null,"wikidata":null,"sources":["GK"],"uiDefault":false,"label":null,"note":"미·소 분할 점령선. 개성·옹진은 38선 남쪽이라 1950년 전까지 남쪽에 속함.","source":"korea"},"geometry":{"type":"MultiLineString","coordinates":[[[125.1187,38],[125.5876,38]],[[125.7661,38],[128.7492,38]]]}},{"type":"Feature","properties":{"id":"isl-dokdo","layer":"site","nameEn":"Dokdo (Liancourt Rocks)","nameKo":"독도","category":"국경·경계","role":"korean","startYear":1900,"endYear":2026,"confidence":"high","license":"original (authored)","wikipedia":null,"wikidata":null,"sources":["KOWIKI_DOKDO"],"uiDefault":false,"label":null,"note":"동도·서도 포함 91개 크고 작은 섬(위키 정리). 1900년 칙령 41호는 독도를 울릉도의 부속 섬으로 규정. 현재 대한민국이 실효 지배, 일본 정부가 영유권 주장. 1454 세종실록지리지 등 그 이전 기록도 언급됨. 이 파일은 사실 서술만 하고 귀속 판단을 하지 않음.","source":"korea"},"geometry":{"type":"Point","coordinates":[131.8696,37.2408]}},{"type":"Feature","properties":{"id":"isl-ulleung","layer":"site","nameEn":"Ulleungdo","nameKo":"울릉도","category":"국경·경계","role":"korean","startYear":512,"endYear":2026,"confidence":"medium","license":"original (authored)","wikipedia":null,"wikidata":null,"sources":["GK","KOWIKI_DOKDO"],"uiDefault":false,"label":null,"note":"신라 이사부의 우산국 복속(512)은 위키 정리 본문에는 명시가 없어 작성자 일반 지식으로 표기. 재검증 필요.","source":"korea"},"geometry":{"type":"Point","coordinates":[130.87,37.5]}},{"type":"Feature","properties":{"id":"gr-gwanggaeto-stele","layer":"site","nameEn":"Gwanggaeto Stele (Ji'an)","nameKo":"광개토왕릉비(집안)","category":"고구려 성·유적","role":"korean","startYear":414,"endYear":2026,"confidence":"high","license":"original (authored)","wikipedia":null,"wikidata":null,"sources":["RESEARCH_V02"],"uiDefault":false,"label":null,"note":"414년 장수왕이 건립. 395~410년 원정의 동시대 기록. 신묘년 조 해석은 논쟁.","source":"korea"},"geometry":{"type":"Point","coordinates":[126.2142,41.1447]}},{"type":"Feature","properties":{"id":"kw-zone-19500915","layer":"hypothesis","nameEn":"Korean War – maximum KPA control (Aug–Sep 1950)","nameKo":"6·25 – 인민군 통제 최대(1950.8~9, 낙동강 방어선 이북·이서)","category":"한국전쟁 전선(작성)","role":"korean","startYear":1950,"endYear":1950,"confidence":"low","license":"original (authored)","wikipedia":null,"wikidata":null,"sources":["RESEARCH_V02"],"uiDefault":true,"label":[127.003,38.647],"note":"1950.8초 국군·유엔군은 낙동강 선으로 물러나 한반도 남동부 약 10%만 보유(부산 교두보, 마산~왜관~다부동~영천~포항 방면 약 230km 호형), 9.15 인천상륙·9.18 낙동강 돌파로 무너졌다. 이 폴리곤은 반도 전체에서 그 교두보 남동부를 뺀 값이다. 남한 폴리곤(현행 경계)과 겹쳐 보인다. 교두보 경계선은 8~9월 사이 여러 번 움직였고 안동·군위·의성 함락 일자는 확인하지 못했다. [도식] 전선 좌표는 출처에서 얻은 것이 아니라 실존 지명을 잇는 작성자 근사(±10~30km)이며, 지도 서비스나 미 육군 전사 지도와 대조하지 않았다. 수치·지명 서술은 en/ko.wikipedia AI 요약 경유(ko.wikipedia 한국전쟁·정전협정 문서는 열람 실패).","source":"korea"},"geometry":{"type":"MultiPolygon","coordinates":[[[[124.369,39.941],[124.405,40.028],[124.4658,40.0148],[124.4982,40.0232],[124.3901,40.049],[124.369,40.098],[124.57,40.253],[124.714,40.31],[124.739,40.371],[124.894,40.484],[124.934,40.456],[125.04,40.46],[125.024,40.535],[125.294,40.648],[125.412,40.632],[125.477,40.719],[125.546,40.726],[125.571,40.785],[125.679,40.768],[125.643,40.81],[125.762,40.886],[125.823,40.869],[126.006,40.9],[125.981,40.913],[126.046,40.946],[126.138,41.055],[126.125,41.075],[126.263,41.143],[126.442,41.349],[126.521,41.353],[126.5,41.435],[126.582,41.573],[126.568,41.614],[126.619,41.666],[126.722,41.7],[126.68,41.735],[126.788,41.698],[126.928,41.801],[126.945,41.767],[127.043,41.732],[127.076,41.681],[127.05,41.677],[127.058,41.643],[127.18,41.585],[127.108,41.543],[127.134,41.524],[127.205,41.546],[127.281,41.531],[127.306,41.494],[127.544,41.491],[127.637,41.43],[127.85,41.432],[127.904,41.467],[128.001,41.47],[128.016,41.413],[128.146,41.376],[128.303,41.583],[128.048,41.864],[128.033,41.994],[128.26,42.033],[128.501,41.996],[128.721,42.048],[128.906,42.026],[129.063,42.154],[129.107,42.143],[129.21,42.22],[129.182,42.254],[129.226,42.299],[129.193,42.318],[129.236,42.323],[129.236,42.374],[129.303,42.389],[129.34,42.445],[129.434,42.441],[129.535,42.37],[129.592,42.448],[129.704,42.443],[129.761,42.608],[129.74,42.629],[129.787,42.679],[129.762,42.747],[129.852,42.961],[129.897,42.973],[129.88,42.997],[129.909,43.009],[129.996,42.961],[130.122,42.982],[130.106,42.919],[130.24,42.902],[130.262,42.708],[130.428,42.6],[130.451,42.55],[130.467,42.6],[130.518,42.6],[130.575,42.446],[130.647,42.401],[130.662,42.321],[130.7008,42.2941],[130.597,42.2623],[130.5967,42.2977],[130.509,42.337],[130.4815,42.3399],[130.4679,42.3317],[130.4059,42.3247],[130.3843,42.291],[130.402,42.2421],[130.3771,42.2572],[130.3663,42.2555],[130.309,42.183],[130.3159,42.2184],[130.3087,42.2369],[130.294,42.237],[130.2007,42.1728],[130.2007,42.1019],[130.1755,42.0985],[130.1611,42.085],[130.168,42.077],[130.1456,42.0775],[130.1215,42.09],[130.0927,42.09],[130.075,42.079],[130.0618,42.0512],[130.0531,42.0512],[130.0351,42.0124],[130.0351,41.9955],[130.0135,42.014],[130.0027,42.0107],[129.9948,41.9873],[129.9811,41.982],[129.991,41.9767],[129.9631,41.8992],[129.9127,41.911],[129.898,41.904],[129.851,41.764],[129.8119,41.7776],[129.7759,41.7591],[129.6895,41.6493],[129.6499,41.5497],[129.6607,41.4653],[129.7003,41.4281],[129.7147,41.4197],[129.7329,41.4211],[129.7579,41.3927],[129.8047,41.3758],[129.7858,41.3246],[129.7687,41.315],[129.7579,41.293],[129.711,41.124],[129.729,40.979],[129.7649,40.9451],[129.7543,40.9384],[129.7474,40.9038],[129.7327,40.8911],[129.7354,40.8758],[129.7182,40.8354],[129.6967,40.8456],[129.6643,40.8388],[129.5707,40.8405],[129.5527,40.8287],[129.5527,40.8101],[129.4964,40.7921],[129.4267,40.7814],[129.351,40.746],[129.3042,40.6733],[129.2863,40.6834],[129.2719,40.7088],[129.2323,40.7054],[129.2107,40.6851],[129.1963,40.6379],[129.1747,40.6041],[129.171,40.569],[129.1603,40.5652],[129.0774,40.4724],[129.0307,40.4741],[128.977,40.461],[128.861,40.371],[128.6383,40.3137],[128.6203,40.2968],[128.6167,40.2714],[128.667,40.241],[128.635,40.184],[128.5879,40.187],[128.5447,40.1667],[128.5381,40.1528],[128.3647,40.0975],[128.3395,40.0671],[128.3287,40.0283],[128.2639,40.0772],[128.2351,40.0671],[128.2279,40.057],[128.235,40.03],[128.1919,40.03],[128.1559,40.0165],[128.1379,40.0266],[128.0083,40.0452],[127.9399,39.9742],[127.9075,39.9844],[127.8895,39.9607],[127.8751,39.8932],[127.7815,39.8848],[127.7946,39.8728],[127.6951,39.8476],[127.6628,39.8071],[127.6231,39.8307],[127.5619,39.7834],[127.5511,39.7615],[127.5223,39.7463],[127.504,39.716],[127.5007,39.699],[127.511,39.65],[127.576,39.594],[127.5367,39.5521],[127.5187,39.5099],[127.5619,39.316],[127.5223,39.316],[127.5439,39.3714],[127.4935,39.4339],[127.4683,39.4305],[127.3783,39.3782],[127.3891,39.3664],[127.4718,39.348],[127.3927,39.341],[127.371,39.241],[127.392,39.203],[127.4539,39.1654],[127.4719,39.1688],[127.4739,39.1818],[127.49,39.194],[127.5115,39.157],[127.5331,39.1468],[127.6511,39.1309],[127.6771,39.1181],[127.76,39.116],[127.8247,39.0438],[127.8499,39.0016],[127.8859,38.9746],[127.8895,38.9611],[127.9072,38.9676],[127.9255,38.9341],[127.9536,38.9209],[128.0155,38.8581],[128.0911,38.8429],[128.2099,38.7281],[128.282,38.755],[128.361,38.679],[128.3647,38.6251],[128.6419,38.1286],[128.9227,37.8027],[129.063,37.679],[129.0739,37.6136],[129.1413,37.5266],[129.1603,37.487],[129.1766,37.4809],[129.2611,37.3705],[129.2827,37.3249],[129.329,37.283],[129.3485,37.242],[129.3619,37.1712],[129.3799,37.1307],[129.4338,37.0617],[129.412,37.018],[129.4375,36.8554],[129.457,36.8057],[129.473,36.73],[129.423,36.617],[129.441,36.408],[129.3907,36.3421],[129.3839,36.2],[128.75,36.15],[128.4,35.99],[128.49,35.54],[128.11,35.19],[128.0551,35.0222],[128.0695,35.0824],[128.0011,35.0335],[128.019,34.998],[127.9795,34.9929],[127.9543,34.9794],[127.9255,35.02],[127.8876,34.9471],[127.7995,34.9592],[127.7563,34.9575],[127.7203,34.9896],[127.709,34.941],[127.6411,34.8984],[127.6087,34.9406],[127.589,34.944],[127.5799,34.9338],[127.5763,34.8967],[127.6015,34.8562],[127.6447,34.8156],[127.6555,34.8123],[127.6758,34.8239],[127.774,34.849],[127.7419,34.7261],[127.6555,34.7312],[127.6231,34.6974],[127.641,34.6181],[127.562,34.662],[127.5835,34.7464],[127.5223,34.8899],[127.5151,34.8916],[127.4827,34.8393],[127.3639,34.8241],[127.425,34.794],[127.3603,34.7734],[127.3567,34.7599],[127.3675,34.7532],[127.3961,34.7566],[127.3987,34.743],[127.3927,34.7397],[127.4071,34.7008],[127.4623,34.6383],[127.4539,34.6367],[127.468,34.6318],[127.504,34.591],[127.4256,34.5885],[127.3927,34.6012],[127.349,34.586],[127.3423,34.5776],[127.3567,34.5539],[127.439,34.54],[127.3279,34.4746],[127.3315,34.456],[127.342,34.446],[127.224,34.547],[127.1731,34.5269],[127.1803,34.5134],[127.1263,34.5404],[127.198,34.6313],[127.1947,34.5742],[127.2451,34.5843],[127.2631,34.6012],[127.2559,34.6417],[127.2415,34.6704],[127.2739,34.7059],[127.2955,34.6637],[127.3135,34.6519],[127.3315,34.6569],[127.3567,34.6974],[127.3315,34.7413],[127.2919,34.7211],[127.2487,34.7667],[127.198,34.691],[127.1371,34.6873],[127.011,34.613],[126.9694,34.5212],[126.9391,34.4965],[126.9391,34.4543],[126.9031,34.4594],[126.8959,34.4492],[126.8923,34.429],[126.899,34.4172],[126.8255,34.4461],[126.806,34.569],[126.7879,34.5894],[126.777,34.586],[126.7555,34.5573],[126.7618,34.5393],[126.7558,34.5208],[126.7339,34.5151],[126.7472,34.4941],[126.7388,34.4684],[126.7087,34.4492],[126.7267,34.4425],[126.7267,34.4323],[126.6907,34.4357],[126.6839,34.415],[126.6331,34.3952],[126.6043,34.3209],[126.604,34.301],[126.5791,34.304],[126.522,34.294],[126.5287,34.3412],[126.4783,34.35],[126.5179,34.4138],[126.4791,34.459],[126.4819,34.4762],[126.4675,34.4733],[126.5431,34.5134],[126.5144,34.5337],[126.5395,34.5539],[126.5395,34.5624],[126.5287,34.5691],[126.4989,34.5544],[126.4783,34.5607],[126.4705,34.549],[126.392,34.534],[126.3811,34.559],[126.3451,34.5843],[126.2951,34.5892],[126.3235,34.6096],[126.3199,34.6198],[126.2695,34.6418],[126.305,34.753],[126.3557,34.6973],[126.3451,34.667],[126.3703,34.6096],[126.3811,34.6029],[126.4315,34.5961],[126.4531,34.5843],[126.4639,34.5843],[126.4711,34.6012],[126.4171,34.6535],[126.385,34.637],[126.3847,34.6941],[126.3775,34.711],[126.449,34.706],[126.4531,34.6704],[126.5359,34.6231],[126.5395,34.6282],[126.518,34.65],[126.6043,34.6248],[126.6223,34.6299],[126.5995,34.6355],[126.4891,34.7261],[126.3632,34.7499],[126.46,34.778],[126.5071,34.7515],[126.5359,34.7464],[126.543,34.795],[126.6367,34.7886],[126.6513,34.8081],[126.6655,34.8089],[126.6511,34.8224],[126.6295,34.8258],[126.5755,34.8224],[126.5755,34.8545],[126.5899,34.8832],[126.5827,34.8984],[126.568,34.902],[126.5431,34.8832],[126.5474,34.8562],[126.514,34.782],[126.4963,34.8022],[126.4999,34.8089],[126.486,34.814],[126.3741,34.7902],[126.4099,34.8443],[126.4099,34.864],[126.4243,34.8899],[126.3991,34.9508],[126.4351,34.9811],[126.3991,34.9845],[126.3703,34.9693],[126.363,34.9271],[126.3163,34.9372],[126.3307,34.944],[126.3021,34.9728],[126.3487,34.9727],[126.3558,35.0028],[126.3739,35.0166],[126.367,35.038],[126.3379,35.0706],[126.3019,35.0892],[126.3046,35.0803],[126.2871,35.0541],[126.2779,35.0735],[126.2839,35.0791],[126.2551,35.123],[126.3163,35.1162],[126.3271,35.123],[126.3411,35.1555],[126.3451,35.0959],[126.4243,35.02],[126.4495,35.0672],[126.4531,35.101],[126.3701,35.1739],[126.3675,35.1934],[126.3775,35.2125],[126.3667,35.2175],[126.3631,35.2395],[126.3093,35.233],[126.3775,35.253],[126.3667,35.2564],[126.41,35.369],[126.4315,35.3492],[126.4603,35.3459],[126.4171,35.3949],[126.493,35.5249],[126.5611,35.5417],[126.5935,35.5417],[126.6182,35.564],[126.644,35.572],[126.6799,35.5384],[126.6943,35.535],[126.6691,35.589],[126.655,35.596],[126.5143,35.5772],[126.464,35.603],[126.4675,35.6397],[126.5971,35.714],[126.662,35.793],[126.7807,35.7596],[126.7915,35.7916],[126.702,35.841],[126.761,35.8633],[126.7987,35.8626],[126.8131,35.8828],[126.8383,35.893],[126.8095,35.9115],[126.7492,35.8912],[126.6115,35.89],[126.607,35.933],[126.5683,35.9453],[126.5251,35.9402],[126.5215,35.9706],[126.7447,35.9892],[126.8491,36.0365],[126.8707,36.0483],[126.871,36.057],[126.7915,36.0416],[126.7575,36.0198],[126.6943,35.9993],[126.6319,36.077],[126.6439,36.0855],[126.6403,36.0905],[126.6152,36.0981],[126.5899,36.131],[126.528,36.153],[126.5107,36.1513],[126.493,36.131],[126.4977,36.1603],[126.5885,36.1753],[126.6043,36.1716],[126.5899,36.1918],[126.536,36.219],[126.5827,36.2948],[126.5719,36.305],[126.5143,36.3219],[126.5827,36.3522],[126.5755,36.3658],[126.5492,36.3691],[126.5,36.391],[126.5,36.3978],[126.5143,36.3978],[126.5,36.4199],[126.6187,36.4738],[126.5575,36.4738],[126.5379,36.4568],[126.4963,36.4485],[126.482,36.497],[126.5143,36.5295],[126.471,36.54],[126.457,36.595],[126.5107,36.6038],[126.5215,36.6258],[126.4855,36.6494],[126.5071,36.6697],[126.4999,36.6849],[126.475,36.6882],[126.4783,36.717],[126.4999,36.7204],[126.4783,36.7474],[126.439,36.718],[126.424,36.6073],[126.367,36.629],[126.3775,36.7018],[126.3667,36.7068],[126.3703,36.7322],[126.3595,36.7423],[126.3415,36.7406],[126.3323,36.7188],[126.3019,36.7001],[126.3317,36.6564],[126.3343,36.6444],[126.3235,36.6359],[126.3415,36.6106],[126.3163,36.6022],[126.295,36.5822],[126.2899,36.6146],[126.3019,36.6342],[126.2829,36.6598],[126.2731,36.7204],[126.1793,36.6731],[126.158,36.702],[126.2047,36.7052],[126.2119,36.7271],[126.2011,36.7423],[126.1579,36.7609],[126.133,36.7037],[126.1291,36.7609],[126.1579,36.7947],[126.1651,36.8166],[126.1867,36.7811],[126.2119,36.7811],[126.2051,36.7922],[126.2335,36.8048],[126.2407,36.8166],[126.1975,36.8234],[126.2119,36.8571],[126.1948,36.8691],[126.194,36.886],[126.233,36.904],[126.2299,36.8723],[126.2767,36.874],[126.284,36.9618],[126.309,36.9669],[126.3055,36.9314],[126.323,36.882],[126.3019,36.8571],[126.2803,36.8115],[126.2911,36.7896],[126.3145,36.8035],[126.3559,36.7896],[126.3271,36.847],[126.3459,36.8496],[126.3667,36.8352],[126.3739,36.8504],[126.4063,36.8571],[126.4063,36.8639],[126.3895,36.8661],[126.3775,36.8774],[126.4027,36.8808],[126.4171,36.8993],[126.4207,36.923],[126.4099,36.9382],[126.3797,36.9416],[126.3523,36.9551],[126.3634,36.9641],[126.3703,36.9601],[126.3775,36.9753],[126.3703,36.9838],[126.3343,36.9872],[126.3523,37.0007],[126.3919,36.9905],[126.3919,37.0023],[126.4459,37.004],[126.4315,36.9618],[126.4387,36.9466],[126.446,36.9534],[126.478,36.936],[126.4782,36.9263],[126.4675,36.9179],[126.4675,36.8538],[126.4855,36.8419],[126.518,36.948],[126.5543,36.9198],[126.5611,36.9044],[126.5827,36.8977],[126.5683,36.9314],[126.493,36.997],[126.5239,36.99],[126.5503,36.9736],[126.5719,36.977],[126.5003,37.0547],[126.6259,36.9956],[126.629,36.9654],[126.6223,36.9534],[126.6314,36.9405],[126.6295,36.9112],[126.6439,36.9179],[126.647,36.9366],[126.68,36.9939],[126.795,36.955],[126.7807,36.8909],[126.831,36.909],[126.8311,36.8318],[126.8395,36.8226],[126.8438,36.7789],[126.8311,36.7744],[126.8311,36.7659],[126.8491,36.7541],[126.8707,36.8048],[126.8636,36.828],[126.9031,36.8217],[126.86,36.869],[126.9427,36.8926],[126.9895,36.9179],[127.0003,36.9281],[127.0075,36.9534],[126.9931,36.9669],[127.0399,36.9821],[127.0435,36.9939],[126.9823,36.9804],[126.9715,36.9703],[126.9679,36.9314],[126.914,36.93],[126.824,37.002],[126.8851,37.0074],[126.8827,37.0153],[126.9019,37.0196],[126.9103,37.0142],[126.8923,37.0952],[126.8779,37.1003],[126.8707,37.0902],[126.8599,37.0412],[126.7555,37.05],[126.763,37.117],[126.811,37.1442],[126.8635,37.1509],[126.8707,37.1577],[126.8707,37.1763],[126.8635,37.1797],[126.8303,37.1595],[126.8023,37.1847],[126.7771,37.1763],[126.701,37.124],[126.6993,37.1557],[126.7087,37.1645],[126.6691,37.1611],[126.7195,37.2134],[126.6799,37.2185],[126.673,37.262],[126.7519,37.2489],[126.7661,37.2539],[126.7663,37.232],[126.781,37.22],[126.7915,37.2236],[126.8201,37.274],[126.8707,37.2675],[126.8527,37.286],[126.7985,37.2956],[126.691,37.3331],[126.708,37.3692],[126.7195,37.3772],[126.7159,37.384],[126.6655,37.389],[126.6576,37.3811],[126.6151,37.379],[126.6403,37.4144],[126.5935,37.4718],[126.6403,37.4954],[126.6439,37.5039],[126.601,37.507],[126.6043,37.5494],[126.5775,37.5913],[126.5323,37.755],[126.5834,37.7599],[126.6043,37.7538],[126.6475,37.7656],[126.6619,37.6727],[126.6907,37.6525],[126.7555,37.6373],[126.68,37.6861],[126.7015,37.7436],[126.6912,37.7675],[126.7015,37.8298],[126.6835,37.8365],[126.6655,37.8281],[126.6538,37.8109],[126.5755,37.7774],[126.397,37.892],[126.158,37.83],[126.1471,37.8196],[126.1595,37.7846],[126.161,37.74],[126.1111,37.7403],[126.0571,37.8703],[126.0139,37.8551],[125.9995,37.8855],[125.9599,37.9125],[125.9455,37.9024],[125.9491,37.8889],[125.9702,37.8755],[125.985,37.8231],[125.9563,37.8399],[125.9203,37.845],[125.8853,37.877],[125.8339,37.9429],[125.8051,37.9513],[125.8051,37.9885],[125.799,37.993],[125.5963,38.0324],[125.5783,38.0256],[125.5783,38.0087],[125.596,37.992],[125.6395,37.9733],[125.675,37.978],[125.6863,37.9716],[125.6791,37.953],[125.7007,37.9581],[125.7187,37.953],[125.6971,37.926],[125.74,37.926],[125.686,37.899],[125.6323,37.926],[125.6241,37.8095],[125.6107,37.8061],[125.621,37.766],[125.5762,37.7755],[125.5819,37.7825],[125.5711,37.7875],[125.5525,37.7805],[125.5234,37.7866],[125.5279,37.796],[125.5027,37.7791],[125.474,37.732],[125.3839,37.7166],[125.348,37.6761],[125.3623,37.7605],[125.3911,37.7538],[125.4451,37.774],[125.3911,37.796],[125.5243,37.8179],[125.5279,37.8433],[125.4991,37.8399],[125.4775,37.8568],[125.5099,37.8838],[125.5099,37.8939],[125.4614,37.9064],[125.4451,37.9209],[125.429,37.915],[125.3839,37.8922],[125.4428,37.8449],[125.3983,37.8652],[125.3479,37.8652],[125.3767,37.8433],[125.3083,37.8095],[125.3011,37.823],[125.24,37.823],[125.2939,37.8601],[125.3083,37.8787],[125.3011,37.8956],[125.2864,37.9019],[125.2615,37.9328],[125.2399,37.9294],[125.2221,37.9039],[125.175,37.867],[125.0064,37.9183],[125.0131,37.9395],[124.9812,37.9261],[125.064,37.978],[125.1355,37.9598],[125.165,37.963],[125.1859,37.98],[125.1787,37.9885],[125.114,38.002],[125.107,38.034],[125.2,38.049],[125.2181,38.0377],[125.2255,38.0223],[125.2471,38.0206],[125.2565,38.0554],[125.2723,38.0628],[125.2651,38.078],[125.1391,38.0982],[125.013,38.063],[124.887,38.132],[124.84,38.102],[124.6782,38.1151],[124.675,38.137],[124.7646,38.1556],[124.7978,38.1822],[124.8222,38.186],[124.8546,38.2266],[124.9194,38.1894],[124.9914,38.2266],[124.869,38.266],[124.8826,38.3526],[124.9734,38.4522],[124.9734,38.441],[124.9842,38.4512],[125.017,38.499],[125.0203,38.5153],[125.0061,38.5294],[124.9986,38.566],[124.9841,38.591],[125.0167,38.5829],[125.0397,38.5871],[125.0599,38.5677],[125.0811,38.5843],[125.1283,38.5795],[125.1355,38.5913],[125.1355,38.6251],[125.1262,38.6323],[125.125,38.6655],[125.16,38.632],[125.1823,38.642],[125.1788,38.6706],[125.2039,38.6521],[125.2481,38.6636],[125.3011,38.6572],[125.4101,38.6917],[125.4415,38.6859],[125.4523,38.7044],[125.4631,38.7078],[125.5207,38.6521],[125.5315,38.6538],[125.546,38.679],[125.5639,38.6707],[125.5855,38.642],[125.6395,38.6268],[125.6575,38.6318],[125.6323,38.6588],[125.5819,38.6726],[125.5279,38.7213],[125.4775,38.7281],[125.4487,38.777],[125.4379,38.7754],[125.4235,38.7551],[125.4127,38.7551],[125.4279,38.744],[125.42,38.73],[125.3011,38.7348],[125.2975,38.7213],[125.308,38.708],[125.279,38.703],[125.2435,38.7281],[125.2687,38.7551],[125.2564,38.7679],[125.2543,38.7838],[125.2255,38.7956],[125.228,38.7792],[125.1893,38.7383],[125.1355,38.8041],[125.1715,38.9391],[125.2883,39.081],[125.3335,39.0827],[125.2898,39.0885],[125.2878,39.1338],[125.2939,39.1468],[125.287,39.152],[125.3443,39.1688],[125.3443,39.2127],[125.4127,39.2144],[125.395,39.246],[125.4451,39.3106],[125.4358,39.3117],[125.417,39.3444],[125.4199,39.3512],[125.4055,39.3647],[125.4235,39.3579],[125.4451,39.3664],[125.4595,39.3849],[125.3591,39.3983],[125.3839,39.4407],[125.3443,39.434],[125.3443,39.4592],[125.3983,39.5014],[125.4127,39.5386],[125.4415,39.547],[125.4523,39.5707],[125.4451,39.5842],[125.287,39.522],[125.2222,39.5868],[125.2255,39.5909],[125.1571,39.5909],[125.1641,39.5777],[125.1171,39.566],[125.096,39.603],[124.9878,39.6382],[124.959,39.6619],[124.9482,39.6635],[124.9398,39.6503],[124.9014,39.6619],[124.8942,39.6923],[124.88,39.704],[124.833,39.726],[124.8114,39.7277],[124.8006,39.7395],[124.7719,39.7412],[124.7466,39.7834],[124.7394,39.7716],[124.7461,39.7495],[124.7438,39.672],[124.7286,39.6652],[124.743,39.645],[124.7178,39.6467],[124.6962,39.6382],[124.6494,39.6129],[124.6389,39.5912],[124.61,39.628],[124.6278,39.645],[124.6314,39.6635],[124.6458,39.6703],[124.647,39.695],[124.585,39.7242],[124.5882,39.7666],[124.5722,39.7763],[124.563,39.814],[124.4334,39.8307],[124.419,39.824],[124.4046,39.8408],[124.3974,39.8662],[124.369,39.8704],[124.3222,39.9138],[124.369,39.941]]],[[[126.8239,34.3952],[126.7951,34.3783],[126.777,34.355],[126.7551,34.3928],[126.8239,34.4391],[126.8419,34.4323],[126.8347,34.4205],[126.8599,34.3943],[126.8239,34.3952]]],[[[126.3847,36.4941],[126.3847,36.4873],[126.4063,36.4789],[126.4027,36.4688],[126.4309,36.4082],[126.377,36.41],[126.3595,36.4265],[126.3775,36.4468],[126.3523,36.4333],[126.3415,36.4384],[126.3631,36.4738],[126.3559,36.4789],[126.3271,36.4704],[126.3343,36.4958],[126.3163,36.5819],[126.3415,36.6038],[126.3595,36.6089],[126.3739,36.592],[126.3631,36.5667],[126.3811,36.5363],[126.3847,36.511],[126.4043,36.4941],[126.3847,36.4941]]]]}},{"type":"Feature","properties":{"id":"kw-zone-19501124","layer":"hypothesis","nameEn":"Korean War – maximum UN/ROK advance (Oct–Nov 1950)","nameKo":"6·25 – 국군·유엔군 최대 북진 지역(1950.10~11, 압록강·청천강 방면 돌출부 포함)","category":"한국전쟁 전선(작성)","role":"korean","startYear":1950,"endYear":1950,"confidence":"low","license":"original (authored)","wikipedia":null,"wikidata":null,"sources":["RESEARCH_V02"],"uiDefault":true,"label":[126.808,38.772],"note":"9.28 서울 수복 후 국군이 10.1 38선을 넘고 원산(10.10)·함흥(10.17)·평양(10.19)·송진(10.28)을 차지, 국군 6사단은 10.26 압록강 초산, 미 7사단은 11.21 혜산진에 도달했다(en.wikipedia 요약; 혜산진 도달 부대는 요약 15연대·통상 17연대로 불일치). 11.25~27 중공군 대공세 직전(11.24)의 도달선이며, 실제로는 연속 전선이 아니라 산발적 돌출부라 함남 내륙은 사실상 공백이었다. 이 폴리곤은 그 돌출부들을 선으로 이은 도식이라 실제 통제 범위보다 넓다. 초산·청진 도달은 일반 지식(낮은 신뢰). [도식] 전선 좌표는 출처에서 얻은 것이 아니라 실존 지명을 잇는 작성자 근사(±10~30km)이며, 지도 서비스나 미 육군 전사 지도와 대조하지 않았다. 수치·지명 서술은 en/ko.wikipedia AI 요약 경유(ko.wikipedia 한국전쟁·정전협정 문서는 열람 실패).","source":"korea"},"geometry":{"type":"MultiPolygon","coordinates":[[[[127.22,40.47],[128.18,41.4],[129.33,40.96],[129.6499,41.5497],[129.6607,41.526],[129.6535,41.494],[129.6607,41.4653],[129.7003,41.4281],[129.7147,41.4197],[129.7321,41.421],[129.7687,41.3859],[129.7869,41.3872],[129.8047,41.3758],[129.7858,41.3246],[129.7687,41.315],[129.7579,41.293],[129.711,41.124],[129.729,40.979],[129.7649,40.9451],[129.7543,40.9384],[129.7474,40.9038],[129.7327,40.8911],[129.7354,40.8758],[129.7182,40.8354],[129.6967,40.8456],[129.6643,40.8388],[129.5707,40.8405],[129.5527,40.8287],[129.5527,40.8101],[129.4964,40.7921],[129.4267,40.7814],[129.351,40.746],[129.3042,40.6733],[129.2863,40.6834],[129.2719,40.7088],[129.2323,40.7054],[129.2107,40.6851],[129.1963,40.6379],[129.1747,40.6041],[129.171,40.569],[129.1603,40.5652],[129.0774,40.4724],[129.0307,40.4741],[128.977,40.461],[128.861,40.371],[128.638,40.314],[128.6203,40.2968],[128.6167,40.2714],[128.656,40.258],[128.663,40.201],[128.6131,40.1836],[128.5879,40.187],[128.5447,40.1667],[128.5407,40.1583],[128.3647,40.0975],[128.3395,40.0671],[128.3287,40.0283],[128.2639,40.0772],[128.2351,40.0671],[128.2279,40.057],[128.235,40.03],[128.1919,40.03],[128.1559,40.0165],[128.1379,40.0266],[128.0083,40.0452],[127.9399,39.9742],[127.9075,39.9844],[127.8895,39.9607],[127.8751,39.8932],[127.7815,39.8848],[127.7946,39.8728],[127.6951,39.8476],[127.6628,39.8071],[127.6231,39.8307],[127.5619,39.7834],[127.5511,39.7615],[127.5223,39.7463],[127.5007,39.7075],[127.511,39.65],[127.576,39.594],[127.5367,39.5521],[127.5187,39.5099],[127.5619,39.316],[127.5223,39.316],[127.5439,39.3714],[127.4935,39.4339],[127.4827,39.4373],[127.3783,39.3782],[127.3891,39.3664],[127.4718,39.348],[127.3927,39.341],[127.371,39.241],[127.3927,39.2026],[127.4539,39.1654],[127.4719,39.1688],[127.4739,39.1818],[127.49,39.194],[127.5115,39.157],[127.5331,39.1468],[127.6511,39.1309],[127.6771,39.1181],[127.76,39.116],[127.8247,39.0438],[127.8499,39.0016],[127.8859,38.9746],[127.8895,38.9611],[127.9072,38.9676],[127.9255,38.9341],[127.9536,38.9209],[128.0155,38.8581],[128.0911,38.8429],[128.2099,38.7281],[128.282,38.755],[128.3215,38.7112],[128.3467,38.696],[128.3611,38.6689],[128.3647,38.6251],[128.4403,38.5052],[128.4727,38.4258],[128.5438,38.3178],[128.6419,38.1286],[128.9227,37.8027],[129.063,37.679],[129.0739,37.6136],[129.1413,37.5266],[129.1603,37.487],[129.1766,37.4809],[129.2611,37.3705],[129.2827,37.3249],[129.329,37.283],[129.3485,37.242],[129.3619,37.1712],[129.3799,37.1307],[129.4338,37.0617],[129.412,37.018],[129.4375,36.8554],[129.4573,36.8049],[129.473,36.731],[129.423,36.617],[129.441,36.408],[129.3907,36.3421],[129.387,36.323],[129.3835,36.202],[129.4072,36.1486],[129.4159,36.1074],[129.43,36.097],[129.3835,36.0551],[129.3799,36.0416],[129.429,36],[126.77,36],[126.8707,36.0483],[126.8707,36.0618],[126.7915,36.0416],[126.6918,36.0003],[126.6316,36.0768],[126.6439,36.0855],[126.6403,36.0905],[126.6148,36.0982],[126.5899,36.131],[126.528,36.153],[126.5107,36.1513],[126.493,36.131],[126.4977,36.1603],[126.5885,36.1753],[126.6043,36.1716],[126.5899,36.1918],[126.536,36.219],[126.5827,36.2948],[126.5719,36.305],[126.5143,36.3219],[126.5827,36.3522],[126.5755,36.3658],[126.5492,36.3691],[126.5,36.391],[126.5,36.3978],[126.5143,36.3978],[126.5,36.4199],[126.6187,36.4738],[126.5575,36.4738],[126.5383,36.4573],[126.4963,36.4485],[126.482,36.497],[126.5143,36.5295],[126.471,36.54],[126.457,36.595],[126.5107,36.6038],[126.5215,36.6258],[126.4855,36.6494],[126.5071,36.6697],[126.4999,36.6849],[126.475,36.6882],[126.4783,36.717],[126.4999,36.7204],[126.4783,36.7474],[126.4423,36.7237],[126.424,36.6073],[126.367,36.629],[126.3775,36.7018],[126.3692,36.7056],[126.3703,36.7322],[126.3595,36.7423],[126.3415,36.7406],[126.3092,36.7001],[126.3019,36.7001],[126.3321,36.6546],[126.3343,36.6444],[126.3235,36.6359],[126.3415,36.6106],[126.3163,36.6022],[126.295,36.5822],[126.2899,36.6146],[126.3019,36.6342],[126.2829,36.6598],[126.2731,36.7204],[126.1651,36.6781],[126.1615,36.7068],[126.2047,36.7052],[126.212,36.726],[126.2011,36.7423],[126.1579,36.7609],[126.1291,36.7122],[126.1651,36.8166],[126.1867,36.7811],[126.2119,36.7811],[126.2046,36.793],[126.2335,36.8048],[126.2407,36.8166],[126.1975,36.8234],[126.2119,36.8571],[126.1948,36.8691],[126.194,36.886],[126.233,36.904],[126.2299,36.8723],[126.2767,36.874],[126.284,36.9618],[126.309,36.9669],[126.3055,36.9314],[126.323,36.882],[126.3019,36.8571],[126.2803,36.8115],[126.2911,36.7896],[126.3139,36.803],[126.3559,36.7896],[126.3271,36.847],[126.3459,36.8496],[126.3667,36.8352],[126.3739,36.8504],[126.4063,36.8571],[126.4063,36.8639],[126.3895,36.8661],[126.3775,36.8774],[126.4027,36.8808],[126.4171,36.8993],[126.4207,36.923],[126.4099,36.9382],[126.3941,36.9416],[126.367,36.962],[126.3775,36.9753],[126.3703,36.9838],[126.3347,36.9872],[126.375,36.9966],[126.3919,36.9905],[126.3919,37.0006],[126.428,37.009],[126.4527,36.9912],[126.4315,36.9618],[126.4387,36.9466],[126.478,36.936],[126.4783,36.9264],[126.4675,36.9179],[126.4675,36.8538],[126.4855,36.8419],[126.518,36.948],[126.5521,36.9233],[126.5611,36.9044],[126.5827,36.8977],[126.5683,36.9314],[126.493,36.997],[126.5503,36.9736],[126.5719,36.977],[126.5647,36.9905],[126.511,37.016],[126.5179,37.0547],[126.6261,36.9953],[126.629,36.9654],[126.6223,36.9534],[126.6314,36.9405],[126.6295,36.9112],[126.6439,36.9179],[126.647,36.9366],[126.68,36.9939],[126.795,36.955],[126.7807,36.8909],[126.831,36.909],[126.8311,36.8318],[126.8401,36.8219],[126.8446,36.7791],[126.8311,36.7744],[126.8311,36.7659],[126.8491,36.7541],[126.8707,36.8048],[126.8636,36.828],[126.9031,36.8217],[126.86,36.869],[126.9427,36.8926],[126.9895,36.9179],[127.0003,36.9281],[127.0075,36.9534],[126.9931,36.9669],[127.0399,36.9821],[127.0435,36.9939],[126.9823,36.9804],[126.9715,36.9703],[126.9679,36.9314],[126.914,36.93],[126.824,37.002],[126.8851,37.0074],[126.8827,37.0153],[126.9019,37.0196],[126.9103,37.0142],[126.8923,37.0952],[126.8779,37.1003],[126.8707,37.0902],[126.8599,37.0412],[126.7555,37.05],[126.763,37.117],[126.811,37.1442],[126.8635,37.1509],[126.8707,37.1577],[126.8707,37.1763],[126.8635,37.1797],[126.8303,37.1595],[126.8023,37.1847],[126.7771,37.1763],[126.701,37.124],[126.6993,37.1557],[126.7087,37.1645],[126.6691,37.1611],[126.7195,37.2134],[126.6799,37.2185],[126.673,37.262],[126.7519,37.2489],[126.7661,37.2539],[126.7663,37.232],[126.781,37.22],[126.7915,37.2236],[126.8201,37.274],[126.8707,37.2675],[126.8527,37.286],[126.7985,37.2956],[126.691,37.3331],[126.708,37.3692],[126.7195,37.3772],[126.7159,37.384],[126.6655,37.389],[126.6576,37.3811],[126.6151,37.379],[126.6403,37.4144],[126.5935,37.4718],[126.6403,37.4954],[126.6439,37.5039],[126.601,37.507],[126.6043,37.5494],[126.5775,37.5913],[126.5323,37.755],[126.5834,37.7599],[126.6043,37.7538],[126.6475,37.7656],[126.6619,37.6727],[126.6907,37.6525],[126.7555,37.6373],[126.68,37.6861],[126.7015,37.7436],[126.6907,37.7683],[126.7015,37.8298],[126.6835,37.8365],[126.6655,37.8281],[126.654,37.8119],[126.5755,37.7774],[126.397,37.892],[126.158,37.83],[126.1471,37.8196],[126.1595,37.7846],[126.161,37.74],[126.1111,37.7403],[126.0571,37.8703],[126.0139,37.8551],[125.9995,37.8855],[125.9599,37.9125],[125.9455,37.9024],[125.9491,37.8889],[125.9702,37.8755],[125.985,37.8231],[125.9563,37.8399],[125.9203,37.845],[125.8853,37.877],[125.8339,37.9429],[125.8051,37.9513],[125.8051,37.9885],[125.799,37.993],[125.5963,38.0324],[125.5783,38.0256],[125.5783,38.0087],[125.596,37.992],[125.6395,37.9733],[125.675,37.978],[125.6863,37.9716],[125.6791,37.953],[125.7007,37.9581],[125.7187,37.953],[125.6971,37.926],[125.74,37.926],[125.686,37.899],[125.6323,37.926],[125.6241,37.8095],[125.6107,37.8061],[125.621,37.766],[125.5762,37.7755],[125.5819,37.7825],[125.5711,37.7875],[125.5525,37.7805],[125.5234,37.7866],[125.5279,37.796],[125.5027,37.7791],[125.474,37.732],[125.3839,37.7166],[125.348,37.6761],[125.3623,37.7605],[125.3911,37.7538],[125.4451,37.774],[125.3911,37.796],[125.5243,37.8179],[125.5279,37.8433],[125.4991,37.8399],[125.4775,37.8568],[125.5099,37.8838],[125.5099,37.8939],[125.4614,37.9064],[125.4451,37.9209],[125.429,37.915],[125.3839,37.8922],[125.4428,37.8449],[125.3983,37.8652],[125.3479,37.8652],[125.3767,37.8433],[125.3083,37.8095],[125.3011,37.823],[125.24,37.823],[125.2939,37.8601],[125.3083,37.8787],[125.3011,37.8956],[125.2864,37.9019],[125.2615,37.9328],[125.2399,37.9294],[125.2221,37.9039],[125.175,37.867],[125.0064,37.9183],[125.0131,37.9395],[124.9812,37.9261],[125.064,37.978],[125.1355,37.9598],[125.165,37.963],[125.1859,37.98],[125.1787,37.9885],[125.114,38.002],[125.107,38.034],[125.2,38.049],[125.2181,38.0377],[125.2255,38.0223],[125.2471,38.0206],[125.2565,38.0554],[125.2723,38.0628],[125.2651,38.078],[125.1391,38.0982],[125.013,38.063],[124.887,38.132],[124.7934,38.0982],[124.6675,38.1252],[124.7054,38.1458],[124.7466,38.1472],[124.7646,38.1556],[124.779,38.1793],[124.8222,38.186],[124.8546,38.2266],[124.9194,38.1894],[124.9914,38.2266],[124.873,38.257],[124.88,38.345],[124.9734,38.4494],[124.9734,38.441],[124.9842,38.4512],[125.017,38.498],[125.0203,38.5153],[125.0058,38.5295],[124.9986,38.566],[124.9841,38.591],[125.0167,38.5829],[125.0397,38.5872],[125.0599,38.5677],[125.0811,38.5843],[125.1283,38.5795],[125.1355,38.5913],[125.1355,38.6251],[125.1266,38.632],[125.125,38.6655],[125.16,38.632],[125.1823,38.642],[125.1788,38.6706],[125.2039,38.6521],[125.2481,38.6636],[125.3011,38.6572],[125.4101,38.6917],[125.4415,38.6859],[125.4523,38.7044],[125.4631,38.7078],[125.5207,38.6521],[125.5315,38.6538],[125.546,38.679],[125.5639,38.6707],[125.5855,38.642],[125.6395,38.6268],[125.6575,38.6318],[125.6323,38.6588],[125.5861,38.6685],[125.5279,38.7213],[125.4775,38.7281],[125.4487,38.777],[125.4379,38.7754],[125.4235,38.7551],[125.4127,38.7551],[125.4279,38.744],[125.42,38.73],[125.3011,38.7348],[125.2975,38.7213],[125.308,38.708],[125.279,38.703],[125.2435,38.7281],[125.2687,38.7551],[125.2564,38.7679],[125.2543,38.7838],[125.2255,38.7956],[125.228,38.7792],[125.1893,38.7383],[125.1355,38.8041],[125.1715,38.9391],[125.2883,39.081],[125.3335,39.0827],[125.2898,39.0885],[125.2878,39.1338],[125.2939,39.1468],[125.287,39.152],[125.3443,39.1688],[125.3443,39.2127],[125.4127,39.2144],[125.395,39.246],[125.4451,39.3106],[125.4358,39.3117],[125.417,39.3444],[125.4199,39.3512],[125.4055,39.3647],[125.4235,39.3579],[125.4451,39.3664],[125.4595,39.3849],[125.3591,39.3983],[125.3839,39.4407],[125.3443,39.434],[125.3443,39.4592],[125.3983,39.5014],[125.4127,39.5386],[125.4415,39.547],[125.4523,39.5707],[125.4451,39.5842],[125.287,39.522],[125.2255,39.5909],[125.1571,39.5909],[125.1642,39.5776],[125.1171,39.566],[125.1031,39.5994],[125.0155,39.6258],[124.959,39.6619],[124.9482,39.6635],[124.9389,39.6489],[124.912,39.657],[124.8942,39.6923],[124.866,39.714],[124.7944,39.7399],[125.2,39.72],[125.8,40.82],[127.22,40.47]]],[[[126.3847,36.4941],[126.3847,36.4873],[126.4063,36.4789],[126.4027,36.4688],[126.4309,36.4082],[126.3631,36.4113],[126.3775,36.4468],[126.3415,36.4384],[126.3631,36.4738],[126.3559,36.4789],[126.3271,36.4704],[126.3343,36.4958],[126.3163,36.5819],[126.3415,36.6038],[126.3595,36.6089],[126.3739,36.592],[126.3631,36.5667],[126.3811,36.5363],[126.3847,36.511],[126.4043,36.4941],[126.3847,36.4941]]]]}},{"type":"Feature","properties":{"id":"kw-line-19500901","layer":"line","nameEn":"Korean War – Pusan Perimeter (Aug–Sep 1950)","nameKo":"6·25 – 낙동강 방어선(부산 교두보 호형, 1950.8~9)","category":"한국전쟁 전선(작성)","role":"korean","startYear":1950,"endYear":1950,"confidence":"medium","license":"original (authored)","wikipedia":null,"wikidata":null,"sources":["RESEARCH_V02"],"uiDefault":false,"label":null,"note":"마산·낙동강 돌출부·왜관·다부동·영천·포항 북쪽을 잇는 약 230km 호형. 일반 서술: 8.3 최초 방어선(함창·안동 남쪽·상주 동쪽)은 인민군 진출로 재조정, 9월 공세(8.31~9.2)로 돌출부·다부동·영천·포항이 위협받았고 9.15 인천상륙으로 꺾임. [도식] 전선 좌표는 출처에서 얻은 것이 아니라 실존 지명을 잇는 작성자 근사(±10~30km)이며, 지도 서비스나 미 육군 전사 지도와 대조하지 않았다. 수치·지명 서술은 en/ko.wikipedia AI 요약 경유(ko.wikipedia 한국전쟁·정전협정 문서는 열람 실패).","source":"korea"},"geometry":{"type":"LineString","coordinates":[[127.95,34.7],[128.11,35.19],[128.26,35.32],[128.49,35.54],[128.45,35.68],[128.4,35.99],[128.56,36.06],[128.75,36.15],[128.95,36.15],[129.35,36.2]]}},{"type":"Feature","properties":{"id":"kw-line-19501124","layer":"line","nameEn":"Korean War – UN/ROK farthest advance line (Nov 1950)","nameKo":"6·25 – 국군·유엔군 최대 북진 도달선(1950.11.24, 돌출부 연결)","category":"한국전쟁 전선(작성)","role":"korean","startYear":1950,"endYear":1950,"confidence":"low","license":"original (authored)","wikipedia":null,"wikidata":null,"sources":["RESEARCH_V02"],"uiDefault":false,"label":null,"note":"서부는 청천강 방면(정주·박천), 동부는 혜산진·송진·청진 방면 돌출부. 연속 전선이 아니라 도달점을 이은 선. [도식] 전선 좌표는 출처에서 얻은 것이 아니라 실존 지명을 잇는 작성자 근사(±10~30km)이며, 지도 서비스나 미 육군 전사 지도와 대조하지 않았다. 수치·지명 서술은 en/ko.wikipedia AI 요약 경유(ko.wikipedia 한국전쟁·정전협정 문서는 열람 실패).","source":"korea"},"geometry":{"type":"LineString","coordinates":[[124.6,39.75],[125.2,39.72],[125.8,40.82],[127.22,40.47],[128.18,41.4],[129.33,40.96],[129.78,41.79],[130.8,41.95]]}},{"type":"Feature","properties":{"id":"battle-kw-outbreak-1950","layer":"battle","nameEn":"Outbreak of the Korean War (KPA crossing of 38th parallel)","nameKo":"6·25 전쟁 개전 (38선 전역 남침)","category":"전쟁·전투","role":"korean","startYear":1950,"endYear":1950,"confidence":"high","license":"original (authored; facts from cited pages)","wikipedia":null,"wikidata":null,"sources":["RESEARCH_V02"],"uiDefault":false,"label":null,"note":"Line-wide event; coordinate is a generic mid-parallel point, not a site.","source":"korea"},"geometry":{"type":"Point","coordinates":[126.7,37.9]}},{"type":"Feature","properties":{"id":"battle-ongjin-1950","layer":"battle","nameEn":"Battle of Ongjin Peninsula","nameKo":"옹진반도 전투","category":"전쟁·전투","role":"korean","startYear":1950,"endYear":1950,"confidence":"medium","license":"original (authored; facts from cited pages)","wikipedia":null,"wikidata":null,"sources":["RESEARCH_V02"],"uiDefault":false,"label":null,"note":"Coordinates analyst estimate (not on fetched page).","source":"korea"},"geometry":{"type":"Point","coordinates":[125.36,37.93]}},{"type":"Feature","properties":{"id":"battle-uijeongbu-1950","layer":"battle","nameEn":"Battle of Uijeongbu (1950)","nameKo":"의정부 전투","category":"전쟁·전투","role":"korean","startYear":1950,"endYear":1950,"confidence":"low","license":"original (authored; facts from cited pages)","wikipedia":null,"wikidata":null,"sources":["RESEARCH_V02"],"uiDefault":false,"label":null,"note":"Details from a short en Wikipedia summary; 'Lee Kwon Mu' as printed.","source":"korea"},"geometry":{"type":"Point","coordinates":[127.034,37.738]}},{"type":"Feature","properties":{"id":"battle-seoul-fall-1950","layer":"battle","nameEn":"Fall of Seoul (June 1950)","nameKo":"서울 함락 (제1차 서울 점령)","category":"전쟁·전투","role":"korean","startYear":1950,"endYear":1950,"confidence":"high","license":"original (authored; facts from cited pages)","wikipedia":null,"wikidata":null,"sources":["RESEARCH_V02"],"uiDefault":false,"label":null,"note":"Entry from Korean War timeline; en Wikipedia 'Battle of Seoul (1950)' page could not be fetched.","source":"korea"},"geometry":{"type":"Point","coordinates":[126.978,37.5665]}},{"type":"Feature","properties":{"id":"battle-osan-1950","layer":"battle","nameEn":"Battle of Osan","nameKo":"오산 전투 (스미스 특수임무부대)","category":"전쟁·전투","role":"korean","startYear":1950,"endYear":1950,"confidence":"high","license":"original (authored; facts from cited pages)","wikipedia":null,"wikidata":null,"sources":["RESEARCH_V02"],"uiDefault":false,"label":null,"note":"Coordinates (37.185N 127.0528E) on en Wikipedia.","source":"korea"},"geometry":{"type":"Point","coordinates":[127.0528,37.185]}},{"type":"Feature","properties":{"id":"battle-taejon-1950","layer":"battle","nameEn":"Battle of Taejon","nameKo":"대전 전투","category":"전쟁·전투","role":"korean","startYear":1950,"endYear":1950,"confidence":"medium","license":"original (authored; facts from cited pages)","wikipedia":null,"wikidata":null,"sources":["RESEARCH_V02"],"uiDefault":false,"label":null,"note":null,"source":"korea"},"geometry":{"type":"Point","coordinates":[127.385,36.35]}},{"type":"Feature","properties":{"id":"battle-pusan-perimeter-1950","layer":"battle","nameEn":"Battle of the Pusan Perimeter","nameKo":"낙동강 방어선 전투","category":"전쟁·전투","role":"korean","startYear":1950,"endYear":1950,"confidence":"medium","license":"original (authored; facts from cited pages)","wikipedia":null,"wikidata":null,"sources":["RESEARCH_V02"],"uiDefault":false,"label":null,"note":"Perimeter ~140 mi (230 km) per source; coordinate is a rough centroid.","source":"korea"},"geometry":{"type":"Point","coordinates":[128.6,35.8]}},{"type":"Feature","properties":{"id":"battle-tabudong-1950","layer":"battle","nameEn":"Battle of Tabu-dong","nameKo":"다부동 전투","category":"전쟁·전투","role":"korean","startYear":1950,"endYear":1950,"confidence":"medium","license":"original (authored; facts from cited pages)","wikipedia":null,"wikidata":null,"sources":["RESEARCH_V02"],"uiDefault":false,"label":null,"note":"Dates conflict between en and ko Wikipedia; both ranges retained. Coordinates 36.047433N 128.51738E on en page. ko: place Chilgok-gun Gasan-myeon Tabu-dong area (Waegwan N, Hill 303 - Tabu-dong - Gunwi - Bohyeonsan).","source":"korea"},"geometry":{"type":"Point","coordinates":[128.5174,36.0474]}},{"type":"Feature","properties":{"id":"battle-incheon-1950","layer":"battle","nameEn":"Battle of Inchon","nameKo":"인천 상륙 작전","category":"전쟁·전투","role":"korean","startYear":1950,"endYear":1950,"confidence":"medium","license":"original (authored; facts from cited pages)","wikipedia":null,"wikidata":null,"sources":["RESEARCH_V02"],"uiDefault":false,"label":null,"note":"Date 15 Sept is D-day; en page range 10-19 Sept includes preliminary bombardment. [좌표 조정됨] 초기 추정치를 지명·위키 좌표 기준으로 수정.","source":"korea"},"geometry":{"type":"Point","coordinates":[126.603,37.472]}},{"type":"Feature","properties":{"id":"battle-seoul-recapture-1950","layer":"battle","nameEn":"Second Battle of Seoul","nameKo":"서울 수복 (제2차 서울 전투)","category":"전쟁·전투","role":"korean","startYear":1950,"endYear":1950,"confidence":"medium","license":"original (authored; facts from cited pages)","wikipedia":null,"wikidata":null,"sources":["RESEARCH_V02"],"uiDefault":false,"label":null,"note":"Summary garbled UN casualty line; number per source only.","source":"korea"},"geometry":{"type":"Point","coordinates":[126.978,37.5665]}},{"type":"Feature","properties":{"id":"battle-pyongyang-1950","layer":"battle","nameEn":"Battle of Pyongyang (1950)","nameKo":"평양 탈환 전투","category":"전쟁·전투","role":"korean","startYear":1950,"endYear":1950,"confidence":"medium","license":"original (authored; facts from cited pages)","wikipedia":null,"wikidata":null,"sources":["RESEARCH_V02"],"uiDefault":false,"label":null,"note":"Korean War timeline gives 19 Oct capture.","source":"korea"},"geometry":{"type":"Point","coordinates":[125.7381,39.0194]}},{"type":"Feature","properties":{"id":"battle-unsan-1950","layer":"battle","nameEn":"Battle of Unsan","nameKo":"운산 전투","category":"전쟁·전투","role":"korean","startYear":1950,"endYear":1950,"confidence":"medium","license":"original (authored; facts from cited pages)","wikipedia":null,"wikidata":null,"sources":["RESEARCH_V02"],"uiDefault":false,"label":null,"note":"Coordinates on en Wikipedia page.","source":"korea"},"geometry":{"type":"Point","coordinates":[125.8033,39.9722]}},{"type":"Feature","properties":{"id":"battle-chongchon-1950","layer":"battle","nameEn":"Battle of the Ch'ongch'on River","nameKo":"청천강 전투 (중공군 제2차 공세)","category":"전쟁·전투","role":"korean","startYear":1950,"endYear":1950,"confidence":"medium","license":"original (authored; facts from cited pages)","wikipedia":null,"wikidata":null,"sources":["RESEARCH_V02"],"uiDefault":false,"label":null,"note":null,"source":"korea"},"geometry":null},{"type":"Feature","properties":{"id":"battle-chosin-1950","layer":"battle","nameEn":"Battle of Chosin Reservoir","nameKo":"장진호 전투","category":"전쟁·전투","role":"korean","startYear":1950,"endYear":1950,"confidence":"medium","license":"original (authored; facts from cited pages)","wikipedia":null,"wikidata":null,"sources":["RESEARCH_V02"],"uiDefault":false,"label":null,"note":"Coordinates 40 deg 22'N 127 deg 16'E from en Wikipedia page.","source":"korea"},"geometry":{"type":"Point","coordinates":[127.2667,40.3667]}},{"type":"Feature","properties":{"id":"battle-hungnam-1950","layer":"battle","nameEn":"Hungnam evacuation","nameKo":"흥남 철수","category":"전쟁·전투","role":"korean","startYear":1950,"endYear":1950,"confidence":"medium","license":"original (authored; facts from cited pages)","wikipedia":null,"wikidata":null,"sources":["RESEARCH_V02"],"uiDefault":false,"label":null,"note":"Coordinates city-level (analyst).","source":"korea"},"geometry":{"type":"Point","coordinates":[127.62,39.83]}},{"type":"Feature","properties":{"id":"battle-seoul3-1951","layer":"battle","nameEn":"Third Battle of Seoul","nameKo":"제3차 서울 전투 (1·4 후퇴)","category":"전쟁·전투","role":"korean","startYear":1950,"endYear":1951,"confidence":"low","license":"original (authored; facts from cited pages)","wikipedia":null,"wikidata":null,"sources":["RESEARCH_V02"],"uiDefault":false,"label":null,"note":"Casualty numbers quoted from en summary look implausibly low for UN - treat with caution.","source":"korea"},"geometry":{"type":"Point","coordinates":[126.978,37.5665]}}]}